Date,Name,Type,Open,High,Low,Close,Volume,Currency
2017-01-03,CCL,Consumer Discretionary,52.23,52.52,51.74,52.14,3450973,USD
2017-01-04,CCL,Consumer Discretionary,52.45,52.92,52.24,52.82,3169837,USD
2017-01-05,CCL,Consumer Discretionary,53.05,53.99,52.82,53.71,4022336,USD
2017-01-06,CCL,Consumer Discretionary,53.59,54.06,53.14,53.65,3669575,USD
2017-01-09,CCL,Consumer Discretionary,53.37,53.95,53.35,53.69,2413767,USD
2017-01-10,CCL,Consumer Discretionary,53.9,54.87,53.78,54.25,4197139,USD
2017-01-11,CCL,Consumer Discretionary,54.29,54.69,54.07,54.56,3234721,USD
2017-01-12,CCL,Consumer Discretionary,54.22,54.3,53.25,53.64,3121418,USD
2017-01-13,CCL,Consumer Discretionary,53.47,53.75,53.19,53.46,1940302,USD
2017-01-17,CCL,Consumer Discretionary,53.48,53.48,52.74,53.09,2738192,USD
2017-01-18,CCL,Consumer Discretionary,52.79,53.73,52.65,53.6,3185992,USD
2017-01-19,CCL,Consumer Discretionary,53.6,54.14,53.42,53.45,2163300,USD
2017-01-20,CCL,Consumer Discretionary,53.53,53.95,53.02,53.3,2666166,USD
2017-01-23,CCL,Consumer Discretionary,53.33,53.82,53.03,53.77,2381144,USD
2017-01-24,CCL,Consumer Discretionary,53.72,54.7,53.66,54.53,2532776,USD
2017-01-25,CCL,Consumer Discretionary,54.7,55.88,54.65,55.83,5113236,USD
2017-01-26,CCL,Consumer Discretionary,56.81,57.79,56.45,56.93,5702299,USD
2017-01-27,CCL,Consumer Discretionary,56.94,56.98,56.11,56.29,2927752,USD
2017-01-30,CCL,Consumer Discretionary,56.0,56.14,55.52,55.64,3278992,USD
2017-01-31,CCL,Consumer Discretionary,55.64,55.64,54.75,55.38,2966081,USD
2017-02-01,CCL,Consumer Discretionary,55.27,55.7,55.02,55.47,1952068,USD
2017-02-02,CCL,Consumer Discretionary,55.45,55.46,55.08,55.31,1514367,USD
2017-02-03,CCL,Consumer Discretionary,55.42,55.72,55.21,55.28,1573611,USD
2017-02-06,CCL,Consumer Discretionary,55.08,55.58,55.02,55.5,1466935,USD
2017-02-07,CCL,Consumer Discretionary,55.56,55.64,55.19,55.45,1550046,USD
2017-02-08,CCL,Consumer Discretionary,55.7,55.78,55.35,55.59,1723996,USD
2017-02-09,CCL,Consumer Discretionary,55.47,56.48,55.45,56.31,3283833,USD
2017-02-10,CCL,Consumer Discretionary,56.02,56.33,55.88,56.25,2610317,USD
2017-02-13,CCL,Consumer Discretionary,56.63,56.93,56.43,56.46,2688057,USD
2017-02-14,CCL,Consumer Discretionary,56.53,56.64,56.28,56.37,2755528,USD
2017-02-15,CCL,Consumer Discretionary,56.03,56.53,55.61,56.48,3190217,USD
2017-02-16,CCL,Consumer Discretionary,56.34,56.46,55.7,56.03,2674492,USD
2017-02-17,CCL,Consumer Discretionary,55.76,55.8,55.21,55.4,3954074,USD
2017-02-21,CCL,Consumer Discretionary,55.53,56.07,55.23,55.89,2780345,USD
2017-02-22,CCL,Consumer Discretionary,55.37,55.72,54.75,55.5,3625237,USD
2017-02-23,CCL,Consumer Discretionary,56.62,56.88,55.85,55.92,4377147,USD
2017-02-24,CCL,Consumer Discretionary,55.89,56.12,55.59,56.03,3586664,USD
2017-02-27,CCL,Consumer Discretionary,56.11,56.13,55.71,56.05,3478132,USD
2017-02-28,CCL,Consumer Discretionary,56.22,56.41,55.93,55.95,2542491,USD
2017-03-01,CCL,Consumer Discretionary,56.51,56.72,56.18,56.5,2682810,USD
2017-03-02,CCL,Consumer Discretionary,56.54,56.67,56.09,56.57,1852711,USD
2017-03-03,CCL,Consumer Discretionary,56.26,56.31,55.52,55.72,3252961,USD
2017-03-06,CCL,Consumer Discretionary,55.6,55.87,55.07,55.74,2754501,USD
2017-03-07,CCL,Consumer Discretionary,55.65,55.76,55.33,55.53,2172016,USD
2017-03-08,CCL,Consumer Discretionary,55.78,55.88,55.49,55.53,2345141,USD
2017-03-09,CCL,Consumer Discretionary,55.78,56.25,55.69,56.2,2492952,USD
2017-03-10,CCL,Consumer Discretionary,56.64,57.46,56.61,57.21,3720515,USD
2017-03-13,CCL,Consumer Discretionary,57.36,57.42,57.06,57.11,2362650,USD
2017-03-14,CCL,Consumer Discretionary,57.06,57.3,56.73,56.99,2322380,USD
2017-03-15,CCL,Consumer Discretionary,57.05,57.54,56.9,57.37,2389165,USD
2017-03-16,CCL,Consumer Discretionary,57.27,57.59,57.18,57.54,2170733,USD
2017-03-17,CCL,Consumer Discretionary,57.75,57.96,57.58,57.64,3796630,USD
2017-03-20,CCL,Consumer Discretionary,57.76,57.85,57.55,57.76,1937734,USD
2017-03-21,CCL,Consumer Discretionary,58.37,58.76,57.69,57.79,4017256,USD
2017-03-22,CCL,Consumer Discretionary,57.58,58.44,57.09,58.29,5536709,USD
2017-03-23,CCL,Consumer Discretionary,58.47,58.95,58.43,58.52,3638884,USD
2017-03-24,CCL,Consumer Discretionary,58.82,59.12,58.39,58.6,4531752,USD
2017-03-27,CCL,Consumer Discretionary,58.47,58.94,58.06,58.87,4375976,USD
2017-03-28,CCL,Consumer Discretionary,59.88,60.24,59.0,59.26,7319787,USD
2017-03-29,CCL,Consumer Discretionary,59.09,59.37,58.55,58.96,4112245,USD
2017-03-30,CCL,Consumer Discretionary,59.37,59.4,59.05,59.29,4780667,USD
2017-03-31,CCL,Consumer Discretionary,59.17,59.27,58.87,58.91,3435229,USD
2017-04-03,CCL,Consumer Discretionary,59.0,59.05,58.42,58.72,4372531,USD
2017-04-04,CCL,Consumer Discretionary,58.86,59.06,58.41,58.64,4480338,USD
2017-04-05,CCL,Consumer Discretionary,58.7,59.19,58.34,58.8,3356317,USD
2017-04-06,CCL,Consumer Discretionary,58.63,59.36,58.29,59.06,3553208,USD
2017-04-07,CCL,Consumer Discretionary,58.96,59.19,58.55,58.61,4726445,USD
2017-04-10,CCL,Consumer Discretionary,58.8,58.99,58.29,58.44,2888376,USD
2017-04-11,CCL,Consumer Discretionary,58.75,58.84,57.53,57.78,4076237,USD
2017-04-12,CCL,Consumer Discretionary,58.23,58.27,57.47,57.73,3901458,USD
2017-04-13,CCL,Consumer Discretionary,57.77,58.34,57.42,57.47,3200257,USD
2017-04-17,CCL,Consumer Discretionary,57.71,58.5,57.39,58.46,2982082,USD
2017-04-18,CCL,Consumer Discretionary,58.58,58.66,57.97,58.37,4371522,USD
2017-04-19,CCL,Consumer Discretionary,58.83,59.05,58.44,58.68,3141113,USD
2017-04-20,CCL,Consumer Discretionary,59.06,59.48,58.92,59.21,2943172,USD
2017-04-21,CCL,Consumer Discretionary,59.14,59.43,58.8,58.96,2193128,USD
2017-04-24,CCL,Consumer Discretionary,59.91,60.05,59.44,59.62,3183942,USD
2017-04-25,CCL,Consumer Discretionary,60.0,60.27,59.92,60.03,2540609,USD
2017-04-26,CCL,Consumer Discretionary,60.19,60.69,60.12,60.55,3668410,USD
2017-04-27,CCL,Consumer Discretionary,60.9,61.27,60.87,60.98,3274832,USD
2017-04-28,CCL,Consumer Discretionary,61.61,62.5,61.44,61.77,4847138,USD
2017-05-01,CCL,Consumer Discretionary,61.78,63.15,61.59,62.55,3479782,USD
2017-05-02,CCL,Consumer Discretionary,62.55,62.86,62.27,62.7,2880182,USD
2017-05-03,CCL,Consumer Discretionary,62.7,62.8,62.4,62.64,2258681,USD
2017-05-04,CCL,Consumer Discretionary,63.12,63.41,62.88,62.97,3110147,USD
2017-05-05,CCL,Consumer Discretionary,63.29,63.38,62.84,63.02,2236053,USD
2017-05-08,CCL,Consumer Discretionary,62.97,63.15,62.63,62.73,2194182,USD
2017-05-09,CCL,Consumer Discretionary,62.97,63.24,62.84,63.22,2677625,USD
2017-05-10,CCL,Consumer Discretionary,62.92,63.03,62.04,62.14,4573900,USD
2017-05-11,CCL,Consumer Discretionary,61.92,62.16,61.64,61.99,2365493,USD
2017-05-12,CCL,Consumer Discretionary,61.88,61.88,61.05,61.19,2813074,USD
2017-05-15,CCL,Consumer Discretionary,61.03,61.11,60.74,60.91,2735639,USD
2017-05-16,CCL,Consumer Discretionary,61.19,61.58,60.99,61.2,3172267,USD
2017-05-17,CCL,Consumer Discretionary,61.0,61.15,59.68,59.75,3349492,USD
2017-05-18,CCL,Consumer Discretionary,60.61,61.49,60.27,61.04,3207053,USD
2017-05-19,CCL,Consumer Discretionary,61.58,61.82,61.07,61.5,2883417,USD
2017-05-22,CCL,Consumer Discretionary,61.85,62.24,61.72,62.05,2067889,USD
2017-05-23,CCL,Consumer Discretionary,62.09,62.14,61.63,61.92,2135057,USD
2017-05-24,CCL,Consumer Discretionary,61.94,62.08,61.66,62.02,2475363,USD
2017-05-25,CCL,Consumer Discretionary,62.52,63.05,62.49,62.77,2383759,USD
2017-05-26,CCL,Consumer Discretionary,62.87,63.45,62.83,63.36,1881824,USD
2017-05-30,CCL,Consumer Discretionary,63.27,64.05,63.25,63.74,2219405,USD
2017-05-31,CCL,Consumer Discretionary,63.94,64.33,63.64,64.07,3414115,USD
2017-06-01,CCL,Consumer Discretionary,64.31,65.5,64.19,65.4,3578982,USD
2017-06-02,CCL,Consumer Discretionary,65.9,66.48,65.39,65.47,5235110,USD
2017-06-05,CCL,Consumer Discretionary,65.19,65.28,64.81,65.06,3056655,USD
2017-06-06,CCL,Consumer Discretionary,64.9,64.97,64.31,64.33,3087887,USD
2017-06-07,CCL,Consumer Discretionary,64.87,64.87,64.18,64.3,5103740,USD
2017-06-08,CCL,Consumer Discretionary,64.35,64.62,64.06,64.33,3233958,USD
2017-06-09,CCL,Consumer Discretionary,64.2,64.24,62.78,63.34,3200126,USD
2017-06-12,CCL,Consumer Discretionary,63.27,63.59,62.67,63.59,3069548,USD
2017-06-13,CCL,Consumer Discretionary,64.0,64.51,63.87,64.06,2469202,USD
2017-06-14,CCL,Consumer Discretionary,64.81,65.29,64.46,64.76,3613704,USD
2017-06-15,CCL,Consumer Discretionary,64.29,65.52,64.07,65.5,2699533,USD
2017-06-16,CCL,Consumer Discretionary,65.45,65.67,65.09,65.64,3838000,USD
2017-06-19,CCL,Consumer Discretionary,65.95,66.37,65.68,66.32,2846330,USD
2017-06-20,CCL,Consumer Discretionary,66.32,66.44,65.59,65.7,2394471,USD
2017-06-21,CCL,Consumer Discretionary,65.98,66.62,65.89,66.43,3518077,USD
2017-06-22,CCL,Consumer Discretionary,66.12,67.3,65.66,65.69,6039076,USD
2017-06-23,CCL,Consumer Discretionary,65.85,66.56,65.8,66.45,4000199,USD
2017-06-26,CCL,Consumer Discretionary,66.52,67.06,65.97,66.0,3372845,USD
2017-06-27,CCL,Consumer Discretionary,65.9,66.07,65.02,65.05,3014714,USD
2017-06-28,CCL,Consumer Discretionary,65.78,66.31,65.78,66.1,2577700,USD
2017-06-29,CCL,Consumer Discretionary,66.03,66.1,65.0,65.15,2776335,USD
2017-06-30,CCL,Consumer Discretionary,65.71,65.99,65.45,65.57,2599269,USD
2017-07-03,CCL,Consumer Discretionary,65.65,66.34,65.24,65.25,1773373,USD
2017-07-05,CCL,Consumer Discretionary,65.59,66.71,65.53,66.54,2514062,USD
2017-07-06,CCL,Consumer Discretionary,65.68,66.03,65.22,65.48,2946613,USD
2017-07-07,CCL,Consumer Discretionary,65.77,66.48,65.63,65.83,3252235,USD
2017-07-10,CCL,Consumer Discretionary,65.81,66.01,65.73,65.84,2104185,USD
2017-07-11,CCL,Consumer Discretionary,65.5,65.82,65.07,65.75,2815664,USD
2017-07-12,CCL,Consumer Discretionary,66.1,66.3,65.92,65.97,1820577,USD
2017-07-13,CCL,Consumer Discretionary,65.98,66.4,65.9,66.17,2435943,USD
2017-07-14,CCL,Consumer Discretionary,66.1,66.15,65.57,65.75,1950316,USD
2017-07-17,CCL,Consumer Discretionary,66.06,67.19,65.74,67.02,2841590,USD
2017-07-18,CCL,Consumer Discretionary,66.83,67.25,66.5,66.75,3059154,USD
2017-07-19,CCL,Consumer Discretionary,66.89,67.1,66.6,66.77,2216295,USD
2017-07-20,CCL,Consumer Discretionary,66.98,67.8,66.95,67.58,2441618,USD
2017-07-21,CCL,Consumer Discretionary,67.21,67.56,66.94,67.0,2755769,USD
2017-07-24,CCL,Consumer Discretionary,67.13,67.35,66.91,66.99,2208841,USD
2017-07-25,CCL,Consumer Discretionary,67.62,67.8,67.08,67.15,2274410,USD
2017-07-26,CCL,Consumer Discretionary,67.26,67.27,66.47,66.7,2779035,USD
2017-07-27,CCL,Consumer Discretionary,67.35,67.4,65.91,66.34,3817702,USD
2017-07-28,CCL,Consumer Discretionary,66.27,66.64,66.05,66.4,2034431,USD
2017-07-31,CCL,Consumer Discretionary,66.95,67.53,66.63,66.78,3637310,USD
2017-08-01,CCL,Consumer Discretionary,68.17,68.29,67.27,67.48,4113785,USD
2017-08-02,CCL,Consumer Discretionary,67.91,68.0,67.06,67.5,3637392,USD
2017-08-03,CCL,Consumer Discretionary,67.11,68.02,67.11,67.42,3225378,USD
2017-08-04,CCL,Consumer Discretionary,67.5,68.27,67.42,67.81,2701681,USD
2017-08-07,CCL,Consumer Discretionary,68.03,68.12,67.69,68.0,2126374,USD
2017-08-08,CCL,Consumer Discretionary,68.05,68.87,67.93,68.03,3545430,USD
2017-08-09,CCL,Consumer Discretionary,67.85,68.54,67.7,68.16,4229864,USD
2017-08-10,CCL,Consumer Discretionary,68.0,68.06,67.34,67.38,3741076,USD
2017-08-11,CCL,Consumer Discretionary,67.59,67.7,67.09,67.48,3320388,USD
2017-08-14,CCL,Consumer Discretionary,68.25,68.48,67.96,68.03,2870125,USD
2017-08-15,CCL,Consumer Discretionary,68.56,69.23,68.51,68.71,2871926,USD
2017-08-16,CCL,Consumer Discretionary,68.9,69.16,68.52,68.87,2279573,USD
2017-08-17,CCL,Consumer Discretionary,68.81,68.82,67.44,67.51,2748183,USD
2017-08-18,CCL,Consumer Discretionary,67.59,67.91,67.2,67.46,2797224,USD
2017-08-21,CCL,Consumer Discretionary,67.67,68.58,67.52,68.5,2442598,USD
2017-08-22,CCL,Consumer Discretionary,68.38,68.69,67.95,68.29,2501011,USD
2017-08-23,CCL,Consumer Discretionary,67.74,68.05,67.67,67.72,1888016,USD
2017-08-24,CCL,Consumer Discretionary,68.14,68.42,67.91,68.18,1682596,USD
2017-08-25,CCL,Consumer Discretionary,68.25,68.58,68.02,68.17,1730940,USD
2017-08-28,CCL,Consumer Discretionary,68.17,68.61,68.17,68.55,1713866,USD
2017-08-29,CCL,Consumer Discretionary,67.79,68.21,67.5,68.11,1978559,USD
2017-08-30,CCL,Consumer Discretionary,68.17,68.67,68.17,68.54,1411753,USD
2017-08-31,CCL,Consumer Discretionary,68.89,69.55,68.81,69.48,3059965,USD
2017-09-01,CCL,Consumer Discretionary,69.82,69.89,69.03,69.13,1683213,USD
2017-09-05,CCL,Consumer Discretionary,68.77,68.88,65.95,66.97,7022962,USD
2017-09-06,CCL,Consumer Discretionary,66.41,67.37,66.25,66.96,3573733,USD
2017-09-07,CCL,Consumer Discretionary,66.97,67.19,65.6,65.66,4908300,USD
2017-09-08,CCL,Consumer Discretionary,65.75,66.05,65.07,65.57,6086931,USD
2017-09-11,CCL,Consumer Discretionary,66.93,68.03,66.8,67.65,6671226,USD
2017-09-12,CCL,Consumer Discretionary,67.82,68.18,67.63,68.18,2634985,USD
2017-09-13,CCL,Consumer Discretionary,67.91,68.45,67.84,68.42,2302849,USD
2017-09-14,CCL,Consumer Discretionary,67.9,69.08,67.85,68.74,3187373,USD
2017-09-15,CCL,Consumer Discretionary,67.27,67.34,65.08,65.94,10390474,USD
2017-09-18,CCL,Consumer Discretionary,65.5,66.09,64.93,65.19,4926232,USD
2017-09-19,CCL,Consumer Discretionary,65.2,65.56,64.64,65.22,3909035,USD
2017-09-20,CCL,Consumer Discretionary,65.24,65.31,63.94,64.48,3798102,USD
2017-09-21,CCL,Consumer Discretionary,64.67,64.94,64.2,64.45,3983639,USD
2017-09-22,CCL,Consumer Discretionary,64.5,64.64,63.86,64.33,3513512,USD
2017-09-25,CCL,Consumer Discretionary,63.81,64.38,63.08,63.5,5020397,USD
2017-09-26,CCL,Consumer Discretionary,64.96,66.25,64.78,65.32,6144255,USD
2017-09-27,CCL,Consumer Discretionary,65.3,65.68,63.55,63.68,3948168,USD
2017-09-28,CCL,Consumer Discretionary,63.12,64.4,63.01,64.37,4009007,USD
2017-09-29,CCL,Consumer Discretionary,64.34,64.78,63.77,64.57,3477523,USD
2017-10-02,CCL,Consumer Discretionary,64.06,64.55,63.91,64.43,3339281,USD
2017-10-03,CCL,Consumer Discretionary,64.21,64.6,63.9,64.1,4082370,USD
2017-10-04,CCL,Consumer Discretionary,64.5,65.42,64.45,65.19,4010957,USD
2017-10-05,CCL,Consumer Discretionary,64.96,66.17,64.92,65.91,4504393,USD
2017-10-06,CCL,Consumer Discretionary,65.92,66.16,65.19,65.63,3411448,USD
2017-10-09,CCL,Consumer Discretionary,65.61,66.48,65.38,66.45,3157101,USD
2017-10-10,CCL,Consumer Discretionary,66.64,67.38,66.56,67.08,3571514,USD
2017-10-11,CCL,Consumer Discretionary,67.13,67.42,66.92,67.2,2879771,USD
2017-10-12,CCL,Consumer Discretionary,66.97,67.44,66.78,66.86,2727898,USD
2017-10-13,CCL,Consumer Discretionary,67.38,68.02,67.0,67.94,2998032,USD
2017-10-16,CCL,Consumer Discretionary,67.64,68.32,67.3,68.24,2552002,USD
2017-10-17,CCL,Consumer Discretionary,67.83,68.5,67.82,68.13,1877900,USD
2017-10-18,CCL,Consumer Discretionary,68.16,68.16,67.05,67.46,2605676,USD
2017-10-19,CCL,Consumer Discretionary,67.33,67.38,65.64,65.79,4742765,USD
2017-10-20,CCL,Consumer Discretionary,66.29,66.67,65.71,65.88,2640156,USD
2017-10-23,CCL,Consumer Discretionary,65.8,66.23,65.56,66.1,2142904,USD
2017-10-24,CCL,Consumer Discretionary,66.25,66.42,65.93,66.42,2258040,USD
2017-10-25,CCL,Consumer Discretionary,66.41,66.67,65.72,65.84,2530606,USD
2017-10-26,CCL,Consumer Discretionary,66.24,66.88,66.24,66.6,2149513,USD
2017-10-27,CCL,Consumer Discretionary,66.5,67.72,66.02,67.21,2741526,USD
2017-10-30,CCL,Consumer Discretionary,67.21,67.33,65.98,66.02,2255651,USD
2017-10-31,CCL,Consumer Discretionary,66.16,66.8,66.06,66.39,2589153,USD
2017-11-01,CCL,Consumer Discretionary,66.58,66.66,64.14,64.57,5136625,USD
2017-11-02,CCL,Consumer Discretionary,64.57,65.68,64.18,65.2,5120067,USD
2017-11-03,CCL,Consumer Discretionary,65.33,65.64,65.21,65.43,1719060,USD
2017-11-06,CCL,Consumer Discretionary,65.37,66.4,65.37,65.67,3233243,USD
2017-11-07,CCL,Consumer Discretionary,66.87,67.81,66.0,66.38,3575321,USD
2017-11-08,CCL,Consumer Discretionary,65.89,66.06,65.16,65.93,2530413,USD
2017-11-09,CCL,Consumer Discretionary,65.67,66.46,65.59,66.18,2708678,USD
2017-11-10,CCL,Consumer Discretionary,65.79,66.05,63.6,64.66,4345186,USD
2017-11-13,CCL,Consumer Discretionary,64.46,66.02,64.45,65.98,2554543,USD
2017-11-14,CCL,Consumer Discretionary,65.93,66.33,65.22,66.02,2399050,USD
2017-11-15,CCL,Consumer Discretionary,65.89,66.18,65.42,65.78,2246742,USD
2017-11-16,CCL,Consumer Discretionary,66.02,66.28,65.68,65.82,2126398,USD
2017-11-17,CCL,Consumer Discretionary,65.79,66.31,65.61,66.22,1839217,USD
2017-11-20,CCL,Consumer Discretionary,66.29,66.48,65.9,66.13,1626440,USD
2017-11-21,CCL,Consumer Discretionary,66.75,67.31,66.4,67.0,2307556,USD
2017-11-22,CCL,Consumer Discretionary,66.7,66.99,66.46,66.79,1658676,USD
2017-11-24,CCL,Consumer Discretionary,66.67,66.83,66.35,66.71,1069720,USD
2017-11-27,CCL,Consumer Discretionary,66.76,67.17,66.08,66.16,3278300,USD
2017-11-28,CCL,Consumer Discretionary,66.37,67.05,66.04,66.51,2521269,USD
2017-11-29,CCL,Consumer Discretionary,66.51,66.63,65.47,65.7,3872851,USD
2017-11-30,CCL,Consumer Discretionary,65.42,65.99,64.3,65.64,5269906,USD
2017-12-01,CCL,Consumer Discretionary,65.32,66.09,64.89,66.0,3611871,USD
2017-12-04,CCL,Consumer Discretionary,67.08,67.88,66.95,67.25,4100508,USD
2017-12-05,CCL,Consumer Discretionary,67.03,67.11,65.77,65.94,2798952,USD
2017-12-06,CCL,Consumer Discretionary,66.38,66.58,65.66,66.06,3002853,USD
2017-12-07,CCL,Consumer Discretionary,66.03,66.43,65.87,66.18,2314853,USD
2017-12-08,CCL,Consumer Discretionary,66.32,67.12,66.32,66.91,1753460,USD
2017-12-11,CCL,Consumer Discretionary,66.76,67.09,66.67,67.03,2215985,USD
2017-12-12,CCL,Consumer Discretionary,66.48,66.88,66.15,66.55,2706934,USD
2017-12-13,CCL,Consumer Discretionary,66.35,66.76,65.36,65.41,3275124,USD
2017-12-14,CCL,Consumer Discretionary,65.42,65.77,65.09,65.18,2924160,USD
2017-12-15,CCL,Consumer Discretionary,64.92,66.19,64.67,65.95,5507234,USD
2017-12-18,CCL,Consumer Discretionary,66.6,67.15,66.19,66.6,4916933,USD
2017-12-19,CCL,Consumer Discretionary,67.35,68.74,67.08,68.13,6814472,USD
2017-12-20,CCL,Consumer Discretionary,68.5,69.17,67.66,67.7,3206979,USD
2017-12-21,CCL,Consumer Discretionary,67.45,67.59,66.04,66.34,3719157,USD
2017-12-22,CCL,Consumer Discretionary,66.33,66.9,66.11,66.35,1816866,USD
2017-12-26,CCL,Consumer Discretionary,66.38,66.57,65.62,65.69,1438924,USD
2017-12-27,CCL,Consumer Discretionary,66.16,66.77,66.02,66.76,2225525,USD
2017-12-28,CCL,Consumer Discretionary,66.93,67.0,66.26,66.48,1996996,USD
2017-12-29,CCL,Consumer Discretionary,66.9,66.9,66.35,66.37,1877017,USD
2018-01-02,CCL,Consumer Discretionary,67.22,67.26,66.6,66.75,2784023,USD
2018-01-03,CCL,Consumer Discretionary,66.74,67.13,66.06,66.9,2808203,USD
2018-01-04,CCL,Consumer Discretionary,66.9,67.11,66.46,66.85,3050324,USD
2018-01-05,CCL,Consumer Discretionary,67.0,67.12,66.2,66.3,3793549,USD
2018-01-08,CCL,Consumer Discretionary,66.22,66.3,65.95,66.05,2027088,USD
2018-01-09,CCL,Consumer Discretionary,67.13,68.02,66.88,67.63,3470382,USD
2018-01-10,CCL,Consumer Discretionary,68.19,68.88,67.87,67.95,3300864,USD
2018-01-11,CCL,Consumer Discretionary,68.83,69.14,68.15,68.8,2632409,USD
2018-01-12,CCL,Consumer Discretionary,68.98,69.72,68.81,69.69,3243963,USD
2018-01-16,CCL,Consumer Discretionary,69.4,69.73,68.21,68.52,3664020,USD
2018-01-17,CCL,Consumer Discretionary,68.56,69.6,68.44,69.45,3299540,USD
2018-01-18,CCL,Consumer Discretionary,69.56,69.64,68.85,69.02,2491022,USD
2018-01-19,CCL,Consumer Discretionary,69.33,69.52,68.33,68.56,4097353,USD
2018-01-22,CCL,Consumer Discretionary,68.59,68.9,68.05,68.86,3752559,USD
2018-01-23,CCL,Consumer Discretionary,68.73,69.58,68.43,68.51,4189863,USD
2018-01-24,CCL,Consumer Discretionary,69.38,71.49,68.9,71.17,6755825,USD
2018-01-25,CCL,Consumer Discretionary,71.17,71.33,70.38,70.76,2863815,USD
2018-01-26,CCL,Consumer Discretionary,71.01,71.67,70.71,71.65,2811762,USD
2018-01-29,CCL,Consumer Discretionary,71.44,72.1,71.22,71.94,3510202,USD
2018-01-30,CCL,Consumer Discretionary,71.65,72.7,71.63,71.79,3495956,USD
2018-01-31,CCL,Consumer Discretionary,71.81,72.17,71.44,71.61,3634628,USD
2018-02-01,CCL,Consumer Discretionary,71.93,72.29,70.93,71.11,2658066,USD
2018-02-02,CCL,Consumer Discretionary,71.0,71.49,69.75,69.95,2577684,USD
2018-02-05,CCL,Consumer Discretionary,69.72,70.47,67.92,68.04,3518195,USD
2018-02-06,CCL,Consumer Discretionary,67.43,69.45,66.77,69.27,4476034,USD
2018-02-07,CCL,Consumer Discretionary,68.61,69.95,68.38,69.12,3122572,USD
2018-02-08,CCL,Consumer Discretionary,69.59,69.6,66.75,66.76,3683577,USD
2018-02-09,CCL,Consumer Discretionary,67.3,67.62,64.8,67.07,5188931,USD
2018-02-12,CCL,Consumer Discretionary,67.57,68.95,67.56,68.77,3145990,USD
2018-02-13,CCL,Consumer Discretionary,68.61,69.07,68.23,68.75,2052355,USD
2018-02-14,CCL,Consumer Discretionary,68.27,70.07,68.09,69.92,2740154,USD
2018-02-15,CCL,Consumer Discretionary,69.9,70.09,69.19,69.6,2499698,USD
2018-02-16,CCL,Consumer Discretionary,69.16,69.89,68.55,69.5,2286232,USD
2018-02-20,CCL,Consumer Discretionary,69.33,69.98,69.04,69.45,1869328,USD
2018-02-21,CCL,Consumer Discretionary,70.07,70.56,69.51,69.58,2914441,USD
2018-02-22,CCL,Consumer Discretionary,69.24,69.34,68.09,68.2,2492649,USD
2018-02-23,CCL,Consumer Discretionary,68.43,68.78,68.23,68.76,2042006,USD
2018-02-26,CCL,Consumer Discretionary,68.75,68.98,68.5,68.64,1643928,USD
2018-02-27,CCL,Consumer Discretionary,68.74,68.8,67.48,67.49,3027690,USD
2018-02-28,CCL,Consumer Discretionary,67.85,68.09,66.9,66.91,3181966,USD
2018-03-01,CCL,Consumer Discretionary,66.61,67.3,65.67,65.98,2797450,USD
2018-03-02,CCL,Consumer Discretionary,65.71,65.79,64.52,64.97,3749460,USD
2018-03-05,CCL,Consumer Discretionary,65.13,65.85,64.81,65.19,3380750,USD
2018-03-06,CCL,Consumer Discretionary,65.6,66.15,65.1,66.15,2972082,USD
2018-03-07,CCL,Consumer Discretionary,65.84,66.08,65.13,66.01,2245902,USD
2018-03-08,CCL,Consumer Discretionary,66.45,66.97,66.38,66.73,2369389,USD
2018-03-09,CCL,Consumer Discretionary,67.0,67.51,66.72,67.47,2700117,USD
2018-03-12,CCL,Consumer Discretionary,67.58,67.75,67.12,67.36,1926963,USD
2018-03-13,CCL,Consumer Discretionary,67.71,68.3,67.44,67.57,2227674,USD
2018-03-14,CCL,Consumer Discretionary,67.67,67.73,66.78,66.96,2151713,USD
2018-03-15,CCL,Consumer Discretionary,67.22,67.33,66.68,66.73,2910869,USD
2018-03-16,CCL,Consumer Discretionary,66.82,67.07,66.33,66.91,3955267,USD
2018-03-19,CCL,Consumer Discretionary,67.17,68.0,66.98,67.63,3477101,USD
2018-03-20,CCL,Consumer Discretionary,68.01,68.95,67.71,67.85,4205003,USD
2018-03-21,CCL,Consumer Discretionary,67.88,68.15,66.82,67.06,4586254,USD
2018-03-22,CCL,Consumer Discretionary,68.72,69.11,65.97,66.2,6151045,USD
2018-03-23,CCL,Consumer Discretionary,67.35,67.5,64.41,64.41,5608524,USD
2018-03-26,CCL,Consumer Discretionary,65.05,65.83,64.5,65.8,4491046,USD
2018-03-27,CCL,Consumer Discretionary,66.08,66.89,65.26,65.73,4917070,USD
2018-03-28,CCL,Consumer Discretionary,65.77,66.15,64.25,64.64,5391099,USD
2018-03-29,CCL,Consumer Discretionary,64.82,65.95,64.43,65.58,3710093,USD
2018-04-02,CCL,Consumer Discretionary,65.68,65.92,63.65,64.62,4017142,USD
2018-04-03,CCL,Consumer Discretionary,64.95,65.05,64.0,64.49,3023561,USD
2018-04-04,CCL,Consumer Discretionary,64.07,65.06,63.78,64.98,3329762,USD
2018-04-05,CCL,Consumer Discretionary,65.2,65.75,64.71,65.51,2332209,USD
2018-04-06,CCL,Consumer Discretionary,65.62,65.77,63.98,64.51,3312409,USD
2018-04-09,CCL,Consumer Discretionary,65.35,65.63,64.78,64.86,2250377,USD
2018-04-10,CCL,Consumer Discretionary,65.53,65.73,61.89,63.1,8881191,USD
2018-04-11,CCL,Consumer Discretionary,63.24,64.6,63.16,63.64,5543340,USD
2018-04-12,CCL,Consumer Discretionary,64.04,64.44,63.11,63.75,3390636,USD
2018-04-13,CCL,Consumer Discretionary,64.23,64.4,62.74,62.94,4409029,USD
2018-04-16,CCL,Consumer Discretionary,63.72,64.3,63.55,64.08,2963432,USD
2018-04-17,CCL,Consumer Discretionary,64.68,65.03,64.0,64.17,3573983,USD
2018-04-18,CCL,Consumer Discretionary,64.6,65.34,64.55,65.27,3125453,USD
2018-04-19,CCL,Consumer Discretionary,65.24,65.5,64.89,65.06,4343269,USD
2018-04-20,CCL,Consumer Discretionary,64.94,65.91,64.94,65.88,3845044,USD
2018-04-23,CCL,Consumer Discretionary,65.88,66.56,65.81,66.27,3621127,USD
2018-04-24,CCL,Consumer Discretionary,66.51,66.75,65.15,65.54,3303307,USD
2018-04-25,CCL,Consumer Discretionary,65.55,66.08,65.24,66.07,3147412,USD
2018-04-26,CCL,Consumer Discretionary,66.4,66.56,64.1,64.31,5282401,USD
2018-04-27,CCL,Consumer Discretionary,64.37,65.08,63.95,64.36,3226538,USD
2018-04-30,CCL,Consumer Discretionary,65.01,65.01,63.04,63.06,3950578,USD
2018-05-01,CCL,Consumer Discretionary,63.24,64.14,62.91,64.11,4537245,USD
2018-05-02,CCL,Consumer Discretionary,64.24,64.43,62.68,62.85,3822580,USD
2018-05-03,CCL,Consumer Discretionary,62.98,63.34,62.27,63.3,4182749,USD
2018-05-04,CCL,Consumer Discretionary,63.0,63.8,62.6,63.57,2228487,USD
2018-05-07,CCL,Consumer Discretionary,63.64,63.64,62.58,62.93,3319443,USD
2018-05-08,CCL,Consumer Discretionary,63.23,63.99,62.95,63.15,3589788,USD
2018-05-09,CCL,Consumer Discretionary,63.5,63.97,63.22,63.95,3239432,USD
2018-05-10,CCL,Consumer Discretionary,63.99,64.58,63.96,64.06,2256556,USD
2018-05-11,CCL,Consumer Discretionary,64.02,64.45,63.52,64.02,2542370,USD
2018-05-14,CCL,Consumer Discretionary,64.0,65.18,63.77,64.82,2552688,USD
2018-05-15,CCL,Consumer Discretionary,64.96,65.34,64.65,65.18,3744974,USD
2018-05-16,CCL,Consumer Discretionary,65.28,66.0,65.11,65.46,2920295,USD
2018-05-17,CCL,Consumer Discretionary,65.54,65.58,64.57,64.82,2679663,USD
2018-05-18,CCL,Consumer Discretionary,64.91,65.01,64.19,64.84,2627331,USD
2018-05-21,CCL,Consumer Discretionary,64.98,65.51,64.58,64.77,2252634,USD
2018-05-22,CCL,Consumer Discretionary,64.88,65.37,64.71,65.05,2800039,USD
2018-05-23,CCL,Consumer Discretionary,64.87,65.33,64.03,64.68,3523365,USD
2018-05-24,CCL,Consumer Discretionary,64.35,64.53,63.71,64.15,3276151,USD
2018-05-25,CCL,Consumer Discretionary,64.08,64.63,64.07,64.25,3637581,USD
2018-05-29,CCL,Consumer Discretionary,63.69,63.74,62.22,62.55,4545372,USD
2018-05-30,CCL,Consumer Discretionary,62.66,63.1,62.35,62.88,3175405,USD
2018-05-31,CCL,Consumer Discretionary,63.04,63.2,62.14,62.28,8064163,USD
2018-06-01,CCL,Consumer Discretionary,62.68,63.22,62.61,63.17,3127291,USD
2018-06-04,CCL,Consumer Discretionary,63.39,63.58,63.04,63.34,2827859,USD
2018-06-05,CCL,Consumer Discretionary,60.68,61.73,60.49,60.59,11535326,USD
2018-06-06,CCL,Consumer Discretionary,60.37,61.5,60.3,61.45,4817158,USD
2018-06-07,CCL,Consumer Discretionary,61.37,61.94,61.0,61.33,4265803,USD
2018-06-08,CCL,Consumer Discretionary,61.03,61.16,60.47,60.94,2878573,USD
2018-06-11,CCL,Consumer Discretionary,61.0,61.54,61.0,61.14,2225278,USD
2018-06-12,CCL,Consumer Discretionary,61.29,62.46,61.24,62.17,4348436,USD
2018-06-13,CCL,Consumer Discretionary,62.47,63.89,62.39,63.83,6936707,USD
2018-06-14,CCL,Consumer Discretionary,64.45,65.42,63.81,64.2,5777130,USD
2018-06-15,CCL,Consumer Discretionary,64.0,65.25,63.43,65.18,5509708,USD
2018-06-18,CCL,Consumer Discretionary,64.28,64.55,63.98,64.45,3604814,USD
2018-06-19,CCL,Consumer Discretionary,63.96,64.15,63.06,63.47,3106807,USD
2018-06-20,CCL,Consumer Discretionary,63.92,64.0,62.63,63.0,3974673,USD
2018-06-21,CCL,Consumer Discretionary,62.92,63.49,62.17,62.4,2829446,USD
2018-06-22,CCL,Consumer Discretionary,62.66,63.75,62.6,63.53,5180944,USD
2018-06-25,CCL,Consumer Discretionary,60.19,60.51,56.95,58.54,16789966,USD
2018-06-26,CCL,Consumer Discretionary,58.54,60.0,58.0,59.76,6526342,USD
2018-06-27,CCL,Consumer Discretionary,60.3,60.3,58.05,58.07,5691691,USD
2018-06-28,CCL,Consumer Discretionary,58.1,58.19,56.79,57.16,5906188,USD
2018-06-29,CCL,Consumer Discretionary,57.16,58.14,57.07,57.31,4986132,USD
2018-07-02,CCL,Consumer Discretionary,56.83,57.44,56.55,57.15,5315088,USD
2018-07-03,CCL,Consumer Discretionary,57.14,57.17,56.45,56.76,4037378,USD
2018-07-05,CCL,Consumer Discretionary,57.07,57.15,56.52,56.89,4248793,USD
2018-07-06,CCL,Consumer Discretionary,56.93,58.0,56.73,57.55,4357579,USD
2018-07-09,CCL,Consumer Discretionary,57.5,58.01,57.25,57.94,4122736,USD
2018-07-10,CCL,Consumer Discretionary,57.53,58.86,57.35,58.82,6025528,USD
2018-07-11,CCL,Consumer Discretionary,58.0,58.46,57.48,57.99,5568871,USD
2018-07-12,CCL,Consumer Discretionary,58.31,58.55,58.01,58.4,3451785,USD
2018-07-13,CCL,Consumer Discretionary,58.02,58.62,57.91,58.05,3241003,USD
2018-07-16,CCL,Consumer Discretionary,58.23,58.57,57.63,58.4,2864263,USD
2018-07-17,CCL,Consumer Discretionary,58.32,58.86,58.18,58.59,2398909,USD
2018-07-18,CCL,Consumer Discretionary,59.13,59.77,59.0,59.53,4563273,USD
2018-07-19,CCL,Consumer Discretionary,59.2,59.33,58.74,58.86,3811311,USD
2018-07-20,CCL,Consumer Discretionary,58.72,58.79,58.09,58.14,3349322,USD
2018-07-23,CCL,Consumer Discretionary,58.2,58.4,57.91,58.15,2433534,USD
2018-07-24,CCL,Consumer Discretionary,58.48,58.49,57.39,57.75,4035232,USD
2018-07-25,CCL,Consumer Discretionary,57.43,57.81,56.81,57.77,3072632,USD
2018-07-26,CCL,Consumer Discretionary,57.42,57.98,57.36,57.67,3106718,USD
2018-07-27,CCL,Consumer Discretionary,57.87,58.38,57.67,58.22,3256699,USD
2018-07-30,CCL,Consumer Discretionary,58.18,59.0,58.03,58.73,3241534,USD
2018-07-31,CCL,Consumer Discretionary,58.84,59.5,58.65,59.24,3243182,USD
2018-08-01,CCL,Consumer Discretionary,59.16,59.27,58.4,58.62,2499374,USD
2018-08-02,CCL,Consumer Discretionary,57.95,59.13,57.22,58.85,4946044,USD
2018-08-03,CCL,Consumer Discretionary,58.94,59.46,58.81,59.05,2644870,USD
2018-08-06,CCL,Consumer Discretionary,58.51,58.57,58.02,58.41,2456386,USD
2018-08-07,CCL,Consumer Discretionary,58.63,58.73,58.22,58.69,2708280,USD
2018-08-08,CCL,Consumer Discretionary,59.13,59.26,58.5,58.6,2232241,USD
2018-08-09,CCL,Consumer Discretionary,59.09,59.59,58.85,59.34,3606716,USD
2018-08-10,CCL,Consumer Discretionary,59.74,60.32,59.5,59.6,4521895,USD
2018-08-13,CCL,Consumer Discretionary,59.38,59.57,58.7,58.99,3622986,USD
2018-08-14,CCL,Consumer Discretionary,58.92,59.46,58.59,59.32,3590350,USD
2018-08-15,CCL,Consumer Discretionary,58.49,59.21,58.29,59.2,3590884,USD
2018-08-16,CCL,Consumer Discretionary,59.27,60.02,59.16,59.83,3494492,USD
2018-08-17,CCL,Consumer Discretionary,59.37,60.63,59.24,60.58,3421744,USD
2018-08-20,CCL,Consumer Discretionary,60.37,60.85,60.34,60.75,2673983,USD
2018-08-21,CCL,Consumer Discretionary,61.0,61.65,60.81,61.45,3207752,USD
2018-08-22,CCL,Consumer Discretionary,61.3,62.13,61.12,61.87,4191056,USD
2018-08-23,CCL,Consumer Discretionary,60.77,61.12,60.68,61.0,3340942,USD
2018-08-24,CCL,Consumer Discretionary,61.05,61.66,61.04,61.23,2324839,USD
2018-08-27,CCL,Consumer Discretionary,61.57,62.02,61.33,61.7,2647111,USD
2018-08-28,CCL,Consumer Discretionary,61.76,61.78,61.22,61.74,2923014,USD
2018-08-29,CCL,Consumer Discretionary,61.87,62.53,61.81,62.31,3879059,USD
2018-08-30,CCL,Consumer Discretionary,61.97,62.04,61.36,61.58,2068003,USD
2018-08-31,CCL,Consumer Discretionary,61.55,61.84,61.28,61.49,2477793,USD
2018-09-04,CCL,Consumer Discretionary,61.21,61.33,60.89,61.2,2379061,USD
2018-09-05,CCL,Consumer Discretionary,60.97,61.27,60.76,60.95,2980341,USD
2018-09-06,CCL,Consumer Discretionary,61.49,61.96,61.05,61.74,4005135,USD
2018-09-07,CCL,Consumer Discretionary,61.27,62.2,61.2,62.06,2365346,USD
2018-09-10,CCL,Consumer Discretionary,62.33,62.72,61.98,61.99,3134460,USD
2018-09-11,CCL,Consumer Discretionary,61.78,62.15,61.72,61.86,2268406,USD
2018-09-12,CCL,Consumer Discretionary,61.9,62.58,61.45,62.53,2517754,USD
2018-09-13,CCL,Consumer Discretionary,61.64,62.82,61.58,62.7,2817513,USD
2018-09-14,CCL,Consumer Discretionary,62.79,64.14,62.66,63.95,4399695,USD
2018-09-17,CCL,Consumer Discretionary,64.26,65.37,64.09,64.82,5740003,USD
2018-09-18,CCL,Consumer Discretionary,64.71,65.98,64.54,65.67,6360182,USD
2018-09-19,CCL,Consumer Discretionary,65.56,66.37,65.45,66.21,4030223,USD
2018-09-20,CCL,Consumer Discretionary,66.73,67.29,66.24,66.94,3687412,USD
2018-09-21,CCL,Consumer Discretionary,67.0,67.59,66.82,67.17,5272714,USD
2018-09-24,CCL,Consumer Discretionary,66.9,67.0,65.91,66.81,3609275,USD
2018-09-25,CCL,Consumer Discretionary,66.84,67.04,66.53,66.6,3044347,USD
2018-09-26,CCL,Consumer Discretionary,67.15,67.69,66.86,66.98,4701474,USD
2018-09-27,CCL,Consumer Discretionary,61.89,64.04,61.13,63.74,14342439,USD
2018-09-28,CCL,Consumer Discretionary,63.76,64.38,63.29,63.77,6356322,USD
2018-10-01,CCL,Consumer Discretionary,63.72,64.77,63.35,63.55,4563564,USD
2018-10-02,CCL,Consumer Discretionary,63.55,63.91,63.12,63.12,3726072,USD
2018-10-03,CCL,Consumer Discretionary,63.1,63.39,62.54,62.62,3515354,USD
2018-10-04,CCL,Consumer Discretionary,62.59,62.71,61.37,61.69,4576507,USD
2018-10-05,CCL,Consumer Discretionary,61.68,61.8,60.18,60.58,4292650,USD
2018-10-08,CCL,Consumer Discretionary,60.33,61.12,59.94,61.09,3125532,USD
2018-10-09,CCL,Consumer Discretionary,60.36,61.23,60.19,60.52,3078010,USD
2018-10-10,CCL,Consumer Discretionary,60.52,60.63,59.01,59.06,4235218,USD
2018-10-11,CCL,Consumer Discretionary,59.12,59.14,57.51,57.85,5871644,USD
2018-10-12,CCL,Consumer Discretionary,58.91,58.96,57.55,58.24,3059210,USD
2018-10-15,CCL,Consumer Discretionary,58.23,58.66,57.71,57.72,3188607,USD
2018-10-16,CCL,Consumer Discretionary,58.46,59.27,58.2,59.09,3061366,USD
2018-10-17,CCL,Consumer Discretionary,58.77,59.37,58.49,59.0,3000072,USD
2018-10-18,CCL,Consumer Discretionary,58.87,59.07,57.31,57.54,2714246,USD
2018-10-19,CCL,Consumer Discretionary,57.45,57.92,57.05,57.23,3208079,USD
2018-10-22,CCL,Consumer Discretionary,57.49,57.66,56.45,56.48,2913656,USD
2018-10-23,CCL,Consumer Discretionary,55.94,57.44,55.52,57.23,4782663,USD
2018-10-24,CCL,Consumer Discretionary,56.56,56.8,54.65,54.75,5367498,USD
2018-10-25,CCL,Consumer Discretionary,55.38,56.16,54.58,55.85,4876746,USD
2018-10-26,CCL,Consumer Discretionary,55.38,55.51,54.05,54.27,5669660,USD
2018-10-29,CCL,Consumer Discretionary,55.2,55.44,53.47,54.07,4332947,USD
2018-10-30,CCL,Consumer Discretionary,54.09,54.46,53.57,54.14,5164498,USD
2018-10-31,CCL,Consumer Discretionary,55.18,56.42,55.12,56.04,5108403,USD
2018-11-01,CCL,Consumer Discretionary,56.39,57.96,56.26,57.75,4028187,USD
2018-11-02,CCL,Consumer Discretionary,58.15,58.26,56.53,57.07,3138904,USD
2018-11-05,CCL,Consumer Discretionary,56.75,57.12,56.51,56.86,2907082,USD
2018-11-06,CCL,Consumer Discretionary,56.3,57.43,56.12,57.25,3252418,USD
2018-11-07,CCL,Consumer Discretionary,57.59,58.74,57.15,58.67,4124419,USD
2018-11-08,CCL,Consumer Discretionary,58.31,59.99,57.91,58.12,4268506,USD
2018-11-09,CCL,Consumer Discretionary,57.93,58.84,57.9,58.54,2587003,USD
2018-11-12,CCL,Consumer Discretionary,57.99,58.22,57.58,57.77,2340860,USD
2018-11-13,CCL,Consumer Discretionary,58.56,59.65,58.5,58.9,3567648,USD
2018-11-14,CCL,Consumer Discretionary,59.41,59.94,58.6,59.24,3835943,USD
2018-11-15,CCL,Consumer Discretionary,58.66,60.09,58.41,59.85,3497031,USD
2018-11-16,CCL,Consumer Discretionary,59.53,60.27,59.53,59.96,2779804,USD
2018-11-19,CCL,Consumer Discretionary,59.96,60.26,58.84,59.05,3107130,USD
2018-11-20,CCL,Consumer Discretionary,58.39,60.2,58.08,59.88,5681485,USD
2018-11-21,CCL,Consumer Discretionary,59.55,60.32,59.39,60.04,3616040,USD
2018-11-23,CCL,Consumer Discretionary,59.78,61.1,59.78,60.75,2044375,USD
2018-11-26,CCL,Consumer Discretionary,61.2,61.49,60.63,61.4,3273954,USD
2018-11-27,CCL,Consumer Discretionary,60.76,61.03,60.26,60.55,3890632,USD
2018-11-28,CCL,Consumer Discretionary,60.43,62.52,60.36,61.94,3608499,USD
2018-11-29,CCL,Consumer Discretionary,61.59,61.72,60.34,60.73,6206872,USD
2018-11-30,CCL,Consumer Discretionary,60.46,60.58,59.1,60.29,5744734,USD
2018-12-03,CCL,Consumer Discretionary,60.6,61.31,60.47,61.08,3997574,USD
2018-12-04,CCL,Consumer Discretionary,59.86,60.03,58.08,58.3,5198402,USD
2018-12-06,CCL,Consumer Discretionary,57.45,58.95,57.09,58.9,4443581,USD
2018-12-07,CCL,Consumer Discretionary,58.31,58.98,56.58,56.73,3104388,USD
2018-12-10,CCL,Consumer Discretionary,56.67,56.86,55.45,56.35,4973449,USD
2018-12-11,CCL,Consumer Discretionary,57.3,57.43,55.78,56.07,2909291,USD
2018-12-12,CCL,Consumer Discretionary,57.48,57.52,56.47,56.52,2505906,USD
2018-12-13,CCL,Consumer Discretionary,56.84,56.96,56.09,56.59,2813776,USD
2018-12-14,CCL,Consumer Discretionary,55.88,56.8,55.78,56.33,4024911,USD
2018-12-17,CCL,Consumer Discretionary,56.8,57.01,56.04,56.34,5204360,USD
2018-12-18,CCL,Consumer Discretionary,56.95,57.31,56.19,56.21,5103122,USD
2018-12-19,CCL,Consumer Discretionary,56.43,57.2,54.86,55.01,5866081,USD
2018-12-20,CCL,Consumer Discretionary,52.15,52.68,48.74,49.79,11301066,USD
2018-12-21,CCL,Consumer Discretionary,50.41,50.64,47.58,47.86,8078957,USD
2018-12-24,CCL,Consumer Discretionary,47.46,47.66,46.17,46.21,3631619,USD
2018-12-26,CCL,Consumer Discretionary,46.31,47.51,45.64,47.5,7955211,USD
2018-12-27,CCL,Consumer Discretionary,47.61,48.15,46.39,48.13,5079312,USD
2018-12-28,CCL,Consumer Discretionary,48.46,49.35,48.13,48.68,4797240,USD
2018-12-31,CCL,Consumer Discretionary,48.9,49.37,48.5,49.3,3970653,USD
2019-01-02,CCL,Consumer Discretionary,48.94,50.1,48.62,49.85,3926980,USD
2019-01-03,CCL,Consumer Discretionary,49.27,49.41,47.33,47.37,6128395,USD
2019-01-04,CCL,Consumer Discretionary,48.44,50.42,48.33,50.05,4568324,USD
2019-01-07,CCL,Consumer Discretionary,51.01,51.24,50.33,50.64,4695099,USD
2019-01-08,CCL,Consumer Discretionary,52.4,52.52,51.48,51.9,5776436,USD
2019-01-09,CCL,Consumer Discretionary,52.4,52.77,51.74,51.99,4083434,USD
2019-01-10,CCL,Consumer Discretionary,51.84,52.44,51.27,52.29,3918497,USD
2019-01-11,CCL,Consumer Discretionary,52.22,52.74,52.07,52.4,3060154,USD
2019-01-14,CCL,Consumer Discretionary,52.2,52.89,51.9,52.2,3181606,USD
2019-01-15,CCL,Consumer Discretionary,52.46,52.92,52.19,52.92,3969538,USD
2019-01-16,CCL,Consumer Discretionary,52.77,53.13,52.35,52.73,4697847,USD
2019-01-17,CCL,Consumer Discretionary,52.6,53.66,52.56,53.54,3157829,USD
2019-01-18,CCL,Consumer Discretionary,53.89,55.02,53.86,54.88,5684448,USD
2019-01-22,CCL,Consumer Discretionary,54.46,54.89,54.09,54.52,5848387,USD
2019-01-23,CCL,Consumer Discretionary,54.5,54.87,53.72,54.27,4373198,USD
2019-01-24,CCL,Consumer Discretionary,54.47,55.04,54.31,55.02,4879873,USD
2019-01-25,CCL,Consumer Discretionary,55.52,55.67,55.08,55.51,3172764,USD
2019-01-28,CCL,Consumer Discretionary,55.36,56.45,55.15,56.4,4511124,USD
2019-01-29,CCL,Consumer Discretionary,56.49,56.52,55.95,56.26,3152388,USD
2019-01-30,CCL,Consumer Discretionary,57.52,57.88,56.38,57.43,5488948,USD
2019-01-31,CCL,Consumer Discretionary,57.99,58.05,57.23,57.58,3763260,USD
2019-02-01,CCL,Consumer Discretionary,57.55,58.09,57.14,57.71,3032861,USD
2019-02-04,CCL,Consumer Discretionary,57.56,58.21,57.5,58.18,2468833,USD
2019-02-05,CCL,Consumer Discretionary,58.46,58.78,58.29,58.56,2983685,USD
2019-02-06,CCL,Consumer Discretionary,58.55,58.57,58.06,58.31,3296068,USD
2019-02-07,CCL,Consumer Discretionary,57.54,58.01,56.43,56.96,3965615,USD
2019-02-08,CCL,Consumer Discretionary,56.44,56.75,55.83,56.63,3609814,USD
2019-02-11,CCL,Consumer Discretionary,56.66,57.07,56.6,56.82,2310441,USD
2019-02-12,CCL,Consumer Discretionary,56.96,56.97,56.14,56.57,2757986,USD
2019-02-13,CCL,Consumer Discretionary,57.06,57.37,56.9,57.05,2595534,USD
2019-02-14,CCL,Consumer Discretionary,56.85,57.22,56.37,57.1,2443794,USD
2019-02-15,CCL,Consumer Discretionary,57.39,57.47,56.93,57.25,3240298,USD
2019-02-19,CCL,Consumer Discretionary,57.32,58.57,57.23,58.3,3807503,USD
2019-02-20,CCL,Consumer Discretionary,58.38,58.96,58.15,58.85,3507474,USD
2019-02-21,CCL,Consumer Discretionary,58.57,59.24,58.15,58.27,3726425,USD
2019-02-22,CCL,Consumer Discretionary,58.55,58.88,58.26,58.82,2234599,USD
2019-02-25,CCL,Consumer Discretionary,58.57,58.88,58.25,58.57,3336096,USD
2019-02-26,CCL,Consumer Discretionary,58.51,58.9,58.22,58.25,2394680,USD
2019-02-27,CCL,Consumer Discretionary,58.03,58.36,57.39,57.68,2986550,USD
2019-02-28,CCL,Consumer Discretionary,57.57,57.95,57.26,57.76,4367151,USD
2019-03-01,CCL,Consumer Discretionary,58.34,58.68,57.53,57.84,2902584,USD
2019-03-04,CCL,Consumer Discretionary,57.66,57.7,56.46,56.56,3569022,USD
2019-03-05,CCL,Consumer Discretionary,56.81,57.54,56.63,57.11,3889292,USD
2019-03-06,CCL,Consumer Discretionary,56.89,57.12,56.12,56.15,3366098,USD
2019-03-07,CCL,Consumer Discretionary,55.58,55.64,54.97,55.38,3422826,USD
2019-03-08,CCL,Consumer Discretionary,55.0,55.07,54.53,54.97,3447842,USD
2019-03-11,CCL,Consumer Discretionary,55.27,55.74,55.11,55.43,3472472,USD
2019-03-12,CCL,Consumer Discretionary,55.63,55.75,54.9,55.26,4375142,USD
2019-03-13,CCL,Consumer Discretionary,56.21,56.82,55.96,56.09,4136420,USD
2019-03-14,CCL,Consumer Discretionary,56.13,56.45,55.78,56.43,3789919,USD
2019-03-15,CCL,Consumer Discretionary,56.53,57.32,56.53,56.61,4395208,USD
2019-03-18,CCL,Consumer Discretionary,56.65,57.54,56.64,57.35,4165589,USD
2019-03-19,CCL,Consumer Discretionary,57.43,57.69,56.92,57.12,3416090,USD
2019-03-20,CCL,Consumer Discretionary,56.93,57.12,56.15,56.53,4361382,USD
2019-03-21,CCL,Consumer Discretionary,56.23,57.33,56.23,57.26,2931942,USD
2019-03-22,CCL,Consumer Discretionary,56.78,57.17,56.25,56.42,3514541,USD
2019-03-25,CCL,Consumer Discretionary,56.28,56.92,55.99,56.65,4244292,USD
2019-03-26,CCL,Consumer Discretionary,52.45,54.0,51.08,51.71,18504970,USD
2019-03-27,CCL,Consumer Discretionary,51.81,52.05,50.46,50.66,7383039,USD
2019-03-28,CCL,Consumer Discretionary,50.27,50.84,49.91,50.34,5569186,USD
2019-03-29,CCL,Consumer Discretionary,50.21,50.86,50.06,50.72,4929563,USD
2019-04-01,CCL,Consumer Discretionary,51.0,52.2,51.0,52.19,5004850,USD
2019-04-02,CCL,Consumer Discretionary,52.05,52.65,51.97,52.37,4509167,USD
2019-04-03,CCL,Consumer Discretionary,52.91,53.66,52.85,53.19,4954117,USD
2019-04-04,CCL,Consumer Discretionary,53.24,53.3,52.77,53.1,2296667,USD
2019-04-05,CCL,Consumer Discretionary,53.11,53.36,52.81,53.07,3821248,USD
2019-04-08,CCL,Consumer Discretionary,52.99,53.05,52.32,52.51,3192084,USD
2019-04-09,CCL,Consumer Discretionary,52.5,52.69,51.77,51.9,4108538,USD
2019-04-10,CCL,Consumer Discretionary,52.19,52.41,51.79,52.27,2639831,USD
2019-04-11,CCL,Consumer Discretionary,52.41,52.78,52.18,52.47,4584243,USD
2019-04-12,CCL,Consumer Discretionary,52.96,53.58,52.88,53.57,3395939,USD
2019-04-15,CCL,Consumer Discretionary,53.39,53.81,53.25,53.74,3002048,USD
2019-04-16,CCL,Consumer Discretionary,53.9,54.85,53.79,54.8,3464575,USD
2019-04-17,CCL,Consumer Discretionary,55.12,55.34,54.3,54.54,4991907,USD
2019-04-18,CCL,Consumer Discretionary,54.65,54.71,53.38,53.63,4114260,USD
2019-04-22,CCL,Consumer Discretionary,53.29,53.61,53.04,53.07,2463171,USD
2019-04-23,CCL,Consumer Discretionary,53.38,53.93,53.31,53.75,2541184,USD
2019-04-24,CCL,Consumer Discretionary,53.25,53.82,53.1,53.73,2863368,USD
2019-04-25,CCL,Consumer Discretionary,53.53,54.09,53.37,53.83,2482219,USD
2019-04-26,CCL,Consumer Discretionary,54.08,54.65,53.96,54.42,1794235,USD
2019-04-29,CCL,Consumer Discretionary,54.42,54.88,54.2,54.43,4796690,USD
2019-04-30,CCL,Consumer Discretionary,54.25,54.93,53.97,54.86,4313764,USD
2019-05-01,CCL,Consumer Discretionary,55.6,56.04,54.86,55.82,6672219,USD
2019-05-02,CCL,Consumer Discretionary,55.31,55.37,54.1,54.33,7569755,USD
2019-05-03,CCL,Consumer Discretionary,54.23,55.3,54.21,55.18,3826945,USD
2019-05-06,CCL,Consumer Discretionary,54.19,54.87,54.06,54.85,2969482,USD
2019-05-07,CCL,Consumer Discretionary,53.88,54.21,53.21,53.68,5068102,USD
2019-05-08,CCL,Consumer Discretionary,53.8,54.44,53.49,54.02,3207097,USD
2019-05-09,CCL,Consumer Discretionary,53.33,54.12,52.95,53.94,2749438,USD
2019-05-10,CCL,Consumer Discretionary,53.47,54.39,52.9,54.34,2507283,USD
2019-05-13,CCL,Consumer Discretionary,53.0,53.26,52.33,52.78,4467448,USD
2019-05-14,CCL,Consumer Discretionary,52.74,54.25,52.63,53.82,4244139,USD
2019-05-15,CCL,Consumer Discretionary,53.36,53.95,53.11,53.79,3906786,USD
2019-05-16,CCL,Consumer Discretionary,53.65,54.18,53.52,53.93,2794448,USD
2019-05-17,CCL,Consumer Discretionary,53.39,53.88,53.24,53.68,3006670,USD
2019-05-20,CCL,Consumer Discretionary,52.87,52.91,52.16,52.38,2876522,USD
2019-05-21,CCL,Consumer Discretionary,52.79,53.16,52.63,52.66,3220635,USD
2019-05-22,CCL,Consumer Discretionary,52.65,52.75,52.22,52.63,2211005,USD
2019-05-23,CCL,Consumer Discretionary,51.67,51.75,51.16,51.62,2930692,USD
2019-05-24,CCL,Consumer Discretionary,51.84,52.11,51.58,51.61,1678734,USD
2019-05-28,CCL,Consumer Discretionary,51.81,52.08,51.25,51.25,3152968,USD
2019-05-29,CCL,Consumer Discretionary,51.05,51.75,50.72,51.6,3485183,USD
2019-05-30,CCL,Consumer Discretionary,51.67,51.91,51.26,51.55,1950866,USD
2019-05-31,CCL,Consumer Discretionary,50.91,51.27,50.82,51.19,2669530,USD
2019-06-03,CCL,Consumer Discretionary,50.99,51.49,50.69,51.12,3544275,USD
2019-06-04,CCL,Consumer Discretionary,51.63,52.33,50.87,52.28,4178073,USD
2019-06-05,CCL,Consumer Discretionary,52.47,52.5,50.5,50.89,5599125,USD
2019-06-06,CCL,Consumer Discretionary,50.47,51.3,50.29,51.16,4085953,USD
2019-06-07,CCL,Consumer Discretionary,51.19,52.52,51.09,52.23,3503955,USD
2019-06-10,CCL,Consumer Discretionary,52.07,53.39,52.0,53.18,3067308,USD
2019-06-11,CCL,Consumer Discretionary,53.73,53.86,52.89,53.17,2774984,USD
2019-06-12,CCL,Consumer Discretionary,53.37,53.71,53.02,53.39,2137654,USD
2019-06-13,CCL,Consumer Discretionary,52.93,53.34,52.6,52.85,3030382,USD
2019-06-14,CCL,Consumer Discretionary,52.87,53.28,52.67,53.12,1965294,USD
2019-06-17,CCL,Consumer Discretionary,53.19,53.34,52.26,52.28,2466960,USD
2019-06-18,CCL,Consumer Discretionary,52.36,52.99,51.97,52.38,3331638,USD
2019-06-19,CCL,Consumer Discretionary,52.82,53.29,52.55,52.84,3661951,USD
2019-06-20,CCL,Consumer Discretionary,47.2,49.08,46.11,48.8,18522528,USD
2019-06-21,CCL,Consumer Discretionary,46.64,47.28,46.2,46.63,12021197,USD
2019-06-24,CCL,Consumer Discretionary,45.49,46.26,45.32,46.0,8929521,USD
2019-06-25,CCL,Consumer Discretionary,45.47,45.72,45.0,45.45,9504895,USD
2019-06-26,CCL,Consumer Discretionary,45.62,45.93,45.24,45.38,7336966,USD
2019-06-27,CCL,Consumer Discretionary,45.21,46.2,44.76,45.92,6663121,USD
2019-06-28,CCL,Consumer Discretionary,46.0,46.61,45.8,46.55,5950325,USD
2019-07-01,CCL,Consumer Discretionary,46.76,47.09,46.17,46.29,4825075,USD
2019-07-02,CCL,Consumer Discretionary,46.34,46.55,46.08,46.53,4150395,USD
2019-07-03,CCL,Consumer Discretionary,46.68,46.68,46.03,46.18,2599338,USD
2019-07-05,CCL,Consumer Discretionary,46.67,46.97,46.4,46.91,3597106,USD
2019-07-08,CCL,Consumer Discretionary,46.65,46.92,46.31,46.42,4066262,USD
2019-07-09,CCL,Consumer Discretionary,46.0,46.19,45.81,45.92,5222031,USD
2019-07-10,CCL,Consumer Discretionary,46.11,46.11,45.26,45.51,4056932,USD
2019-07-11,CCL,Consumer Discretionary,45.65,45.9,45.26,45.83,2799762,USD
2019-07-12,CCL,Consumer Discretionary,45.87,46.37,45.79,46.26,2872170,USD
2019-07-15,CCL,Consumer Discretionary,46.25,47.08,46.22,46.95,3876470,USD
2019-07-16,CCL,Consumer Discretionary,46.71,46.96,46.23,46.45,4392563,USD
2019-07-17,CCL,Consumer Discretionary,46.45,46.51,45.6,45.64,4730661,USD
2019-07-18,CCL,Consumer Discretionary,45.65,45.89,45.43,45.49,2491999,USD
2019-07-19,CCL,Consumer Discretionary,45.72,45.99,45.07,45.09,2845154,USD
2019-07-22,CCL,Consumer Discretionary,45.14,45.37,44.78,45.1,2792113,USD
2019-07-23,CCL,Consumer Discretionary,45.7,46.3,45.69,46.2,4392448,USD
2019-07-24,CCL,Consumer Discretionary,46.2,47.14,46.12,47.12,5333554,USD
2019-07-25,CCL,Consumer Discretionary,46.97,47.3,46.41,46.62,4309577,USD
2019-07-26,CCL,Consumer Discretionary,47.02,47.55,46.89,47.27,3324346,USD
2019-07-29,CCL,Consumer Discretionary,47.02,47.39,47.0,47.35,2531082,USD
2019-07-30,CCL,Consumer Discretionary,47.12,47.4,47.02,47.38,2467130,USD
2019-07-31,CCL,Consumer Discretionary,47.36,47.61,46.88,47.23,6388089,USD
2019-08-01,CCL,Consumer Discretionary,47.09,47.46,46.28,46.66,5407570,USD
2019-08-02,CCL,Consumer Discretionary,46.43,46.48,45.53,45.96,2669461,USD
2019-08-05,CCL,Consumer Discretionary,45.0,45.31,44.62,45.21,5741694,USD
2019-08-06,CCL,Consumer Discretionary,45.32,45.44,44.58,45.06,4097146,USD
2019-08-07,CCL,Consumer Discretionary,44.94,45.68,44.75,45.42,3493182,USD
2019-08-08,CCL,Consumer Discretionary,45.62,46.71,45.41,46.45,4345580,USD
2019-08-09,CCL,Consumer Discretionary,46.33,46.33,45.43,46.0,3453568,USD
2019-08-12,CCL,Consumer Discretionary,45.93,45.93,45.33,45.55,3187903,USD
2019-08-13,CCL,Consumer Discretionary,45.31,46.12,45.01,45.94,3189988,USD
2019-08-14,CCL,Consumer Discretionary,45.2,45.3,44.37,44.71,4935956,USD
2019-08-15,CCL,Consumer Discretionary,44.79,44.86,43.97,44.3,3488709,USD
2019-08-16,CCL,Consumer Discretionary,44.62,45.15,44.45,44.93,2083114,USD
2019-08-19,CCL,Consumer Discretionary,45.85,46.05,45.65,45.74,2487475,USD
2019-08-20,CCL,Consumer Discretionary,45.37,45.55,45.09,45.35,2818236,USD
2019-08-21,CCL,Consumer Discretionary,45.87,45.98,45.55,45.95,3383849,USD
2019-08-22,CCL,Consumer Discretionary,45.68,45.79,44.85,45.09,3170245,USD
2019-08-23,CCL,Consumer Discretionary,45.22,45.27,43.19,43.28,3779356,USD
2019-08-26,CCL,Consumer Discretionary,43.62,43.88,43.27,43.48,3275431,USD
2019-08-27,CCL,Consumer Discretionary,43.73,43.97,43.02,43.03,4200081,USD
2019-08-28,CCL,Consumer Discretionary,42.66,43.52,42.42,43.4,2405806,USD
2019-08-29,CCL,Consumer Discretionary,43.86,44.44,43.82,44.0,2522735,USD
2019-08-30,CCL,Consumer Discretionary,44.12,44.32,43.97,44.08,3175964,USD
2019-09-03,CCL,Consumer Discretionary,43.82,43.86,42.92,43.67,3308856,USD
2019-09-04,CCL,Consumer Discretionary,43.94,44.46,43.52,43.89,3186549,USD
2019-09-05,CCL,Consumer Discretionary,44.25,45.31,44.25,45.11,2524161,USD
2019-09-06,CCL,Consumer Discretionary,45.11,45.89,45.01,45.72,3456561,USD
2019-09-09,CCL,Consumer Discretionary,45.57,47.66,45.57,47.61,6328126,USD
2019-09-10,CCL,Consumer Discretionary,48.28,49.69,48.12,49.66,7331787,USD
2019-09-11,CCL,Consumer Discretionary,49.37,49.93,48.61,49.71,6314167,USD
2019-09-12,CCL,Consumer Discretionary,49.6,49.97,48.81,49.62,4216320,USD
2019-09-13,CCL,Consumer Discretionary,50.25,50.87,50.16,50.55,4124473,USD
2019-09-16,CCL,Consumer Discretionary,49.0,49.76,48.54,48.92,5847147,USD
2019-09-17,CCL,Consumer Discretionary,48.3,49.43,48.06,49.37,3786748,USD
2019-09-18,CCL,Consumer Discretionary,48.86,49.03,48.38,48.84,3222327,USD
2019-09-19,CCL,Consumer Discretionary,48.89,48.95,48.3,48.38,3115200,USD
2019-09-20,CCL,Consumer Discretionary,48.57,48.64,47.77,48.22,4487952,USD
2019-09-23,CCL,Consumer Discretionary,47.88,47.9,46.89,47.7,3421088,USD
2019-09-24,CCL,Consumer Discretionary,48.07,48.79,47.38,47.62,3641384,USD
2019-09-25,CCL,Consumer Discretionary,46.97,48.06,46.9,48.06,3890396,USD
2019-09-26,CCL,Consumer Discretionary,45.5,45.73,43.6,43.95,12716832,USD
2019-09-27,CCL,Consumer Discretionary,43.1,44.21,43.09,43.58,7540579,USD
2019-09-30,CCL,Consumer Discretionary,43.81,44.12,43.52,43.71,4736338,USD
2019-10-01,CCL,Consumer Discretionary,43.8,44.17,42.15,42.49,6694435,USD
2019-10-02,CCL,Consumer Discretionary,42.15,42.16,41.43,41.44,6409232,USD
2019-10-03,CCL,Consumer Discretionary,41.26,41.39,40.59,41.0,7178921,USD
2019-10-04,CCL,Consumer Discretionary,41.05,41.33,40.83,41.14,5268216,USD
2019-10-07,CCL,Consumer Discretionary,40.81,41.35,40.52,40.91,5729166,USD
2019-10-08,CCL,Consumer Discretionary,40.4,40.47,39.92,40.13,4294119,USD
2019-10-09,CCL,Consumer Discretionary,40.53,40.79,40.33,40.53,3506471,USD
2019-10-10,CCL,Consumer Discretionary,40.82,41.45,40.75,40.95,4233000,USD
2019-10-11,CCL,Consumer Discretionary,41.93,42.32,41.53,41.55,5957265,USD
2019-10-14,CCL,Consumer Discretionary,41.47,42.24,41.34,42.04,4072341,USD
2019-10-15,CCL,Consumer Discretionary,42.07,42.87,41.93,42.49,2951989,USD
2019-10-16,CCL,Consumer Discretionary,42.65,42.89,42.18,42.39,2776938,USD
2019-10-17,CCL,Consumer Discretionary,42.4,42.75,42.15,42.44,3168583,USD
2019-10-18,CCL,Consumer Discretionary,42.35,42.97,42.31,42.79,5269405,USD
2019-10-21,CCL,Consumer Discretionary,43.07,43.52,42.97,43.12,4585008,USD
2019-10-22,CCL,Consumer Discretionary,43.14,43.24,42.53,42.55,3900316,USD
2019-10-23,CCL,Consumer Discretionary,43.03,44.08,42.64,44.0,7301120,USD
2019-10-24,CCL,Consumer Discretionary,44.05,44.09,43.19,43.9,4200403,USD
2019-10-25,CCL,Consumer Discretionary,43.9,44.82,43.88,44.57,2730417,USD
2019-10-28,CCL,Consumer Discretionary,44.59,44.86,44.13,44.18,2764408,USD
2019-10-29,CCL,Consumer Discretionary,44.64,44.7,44.15,44.16,3297402,USD
2019-10-30,CCL,Consumer Discretionary,44.49,44.49,42.96,43.21,4253720,USD
2019-10-31,CCL,Consumer Discretionary,43.13,43.24,42.45,42.89,5084661,USD
2019-11-01,CCL,Consumer Discretionary,43.23,43.32,42.87,42.95,4303035,USD
2019-11-04,CCL,Consumer Discretionary,43.25,44.37,43.25,44.21,4211465,USD
2019-11-05,CCL,Consumer Discretionary,44.36,45.32,44.31,44.86,3851883,USD
2019-11-06,CCL,Consumer Discretionary,44.87,44.91,44.22,44.37,3075534,USD
2019-11-07,CCL,Consumer Discretionary,44.89,45.34,44.67,45.05,3818021,USD
2019-11-08,CCL,Consumer Discretionary,44.6,45.05,44.26,45.05,2709924,USD
2019-11-11,CCL,Consumer Discretionary,44.64,45.01,44.42,44.68,2294960,USD
2019-11-12,CCL,Consumer Discretionary,44.96,45.04,44.25,44.48,2249429,USD
2019-11-13,CCL,Consumer Discretionary,44.26,44.38,43.87,44.06,2565132,USD
2019-11-14,CCL,Consumer Discretionary,44.16,44.5,43.95,44.44,1933857,USD
2019-11-15,CCL,Consumer Discretionary,44.85,45.08,44.56,44.85,2187458,USD
2019-11-18,CCL,Consumer Discretionary,44.8,44.93,44.46,44.7,2197498,USD
2019-11-19,CCL,Consumer Discretionary,44.96,45.05,44.48,44.49,2503544,USD
2019-11-20,CCL,Consumer Discretionary,44.04,44.15,43.51,43.67,3088965,USD
2019-11-21,CCL,Consumer Discretionary,42.9,43.28,42.47,43.02,3770408,USD
2019-11-22,CCL,Consumer Discretionary,43.53,43.93,43.24,43.68,3971064,USD
2019-11-25,CCL,Consumer Discretionary,43.88,44.62,43.84,44.5,3054594,USD
2019-11-26,CCL,Consumer Discretionary,44.71,44.75,44.14,44.68,3217675,USD
2019-11-27,CCL,Consumer Discretionary,44.99,45.3,44.79,45.22,4832564,USD
2019-11-29,CCL,Consumer Discretionary,45.22,45.36,45.01,45.08,1913087,USD
2019-12-02,CCL,Consumer Discretionary,45.16,45.18,44.44,44.49,3377533,USD
2019-12-03,CCL,Consumer Discretionary,43.85,43.85,43.27,43.54,3095551,USD
2019-12-04,CCL,Consumer Discretionary,43.55,44.34,43.55,43.88,2644628,USD
2019-12-05,CCL,Consumer Discretionary,44.4,44.5,43.87,44.2,3152555,USD
2019-12-06,CCL,Consumer Discretionary,44.87,45.12,44.72,44.77,3682450,USD
2019-12-09,CCL,Consumer Discretionary,45.07,45.52,44.95,45.41,3221147,USD
2019-12-10,CCL,Consumer Discretionary,45.06,45.41,44.88,45.32,3698370,USD
2019-12-11,CCL,Consumer Discretionary,45.46,45.91,45.38,45.79,2839048,USD
2019-12-12,CCL,Consumer Discretionary,45.88,46.95,45.76,46.9,5272863,USD
2019-12-13,CCL,Consumer Discretionary,47.16,47.99,47.11,47.45,6957545,USD
2019-12-16,CCL,Consumer Discretionary,48.06,48.06,46.86,46.99,4590265,USD
2019-12-17,CCL,Consumer Discretionary,46.76,47.31,46.54,47.2,3246173,USD
2019-12-18,CCL,Consumer Discretionary,46.95,47.16,46.57,46.58,6584640,USD
2019-12-19,CCL,Consumer Discretionary,46.69,47.03,46.57,46.65,4481502,USD
2019-12-20,CCL,Consumer Discretionary,48.9,51.21,48.26,50.21,15870401,USD
2019-12-23,CCL,Consumer Discretionary,50.32,51.27,50.15,51.26,5965361,USD
2019-12-24,CCL,Consumer Discretionary,51.4,51.62,50.74,50.94,2142276,USD
2019-12-26,CCL,Consumer Discretionary,51.0,51.45,50.76,51.33,3217210,USD
2019-12-27,CCL,Consumer Discretionary,51.62,51.74,51.19,51.33,2093453,USD
2019-12-30,CCL,Consumer Discretionary,51.64,51.69,50.94,51.02,2568664,USD
2019-12-31,CCL,Consumer Discretionary,51.03,51.13,50.74,50.83,3130950,USD
2020-01-02,CCL,Consumer Discretionary,51.35,51.67,50.73,51.31,4200997,USD
2020-01-03,CCL,Consumer Discretionary,50.05,50.4,49.56,49.89,4892378,USD
2020-01-06,CCL,Consumer Discretionary,49.35,49.4,48.27,48.38,6696713,USD
2020-01-07,CCL,Consumer Discretionary,48.14,48.67,48.13,48.53,5756814,USD
2020-01-08,CCL,Consumer Discretionary,48.5,49.02,48.43,48.76,5021358,USD
2020-01-09,CCL,Consumer Discretionary,49.14,49.29,48.93,49.2,2589399,USD
2020-01-10,CCL,Consumer Discretionary,49.26,49.58,48.8,48.85,4362546,USD
2020-01-13,CCL,Consumer Discretionary,49.1,49.65,48.82,49.36,4041800,USD
2020-01-14,CCL,Consumer Discretionary,49.43,50.28,49.36,50.21,4406133,USD
2020-01-15,CCL,Consumer Discretionary,50.51,50.94,50.1,50.44,3656045,USD
2020-01-16,CCL,Consumer Discretionary,50.59,51.36,50.45,51.35,4772686,USD
2020-01-17,CCL,Consumer Discretionary,51.45,51.94,51.31,51.9,6560513,USD
2020-01-21,CCL,Consumer Discretionary,51.38,51.38,50.3,50.69,12100696,USD
2020-01-22,CCL,Consumer Discretionary,50.68,51.04,49.74,49.88,5109157,USD
2020-01-23,CCL,Consumer Discretionary,49.03,49.61,48.13,49.45,6305172,USD
2020-01-24,CCL,Consumer Discretionary,49.14,49.3,47.12,47.52,6470734,USD
2020-01-27,CCL,Consumer Discretionary,45.4,46.14,44.73,45.27,8099201,USD
2020-01-28,CCL,Consumer Discretionary,45.8,46.85,45.38,46.5,7155699,USD
2020-01-29,CCL,Consumer Discretionary,46.36,46.97,46.27,46.5,3408236,USD
2020-01-30,CCL,Consumer Discretionary,43.76,45.79,43.76,44.75,14856083,USD
2020-01-31,CCL,Consumer Discretionary,44.99,45.16,43.21,43.53,11796397,USD
2020-02-03,CCL,Consumer Discretionary,43.75,44.11,42.1,42.75,8341740,USD
2020-02-04,CCL,Consumer Discretionary,44.22,44.41,43.38,43.56,6164371,USD
2020-02-05,CCL,Consumer Discretionary,44.36,45.04,43.91,44.14,6679626,USD
2020-02-06,CCL,Consumer Discretionary,44.63,44.82,43.74,43.78,4534629,USD
2020-02-07,CCL,Consumer Discretionary,42.98,43.03,41.98,42.2,11253034,USD
2020-02-10,CCL,Consumer Discretionary,42.08,42.4,41.66,41.78,4829298,USD
2020-02-11,CCL,Consumer Discretionary,42.11,43.29,42.04,42.95,5807600,USD
2020-02-12,CCL,Consumer Discretionary,43.23,44.44,43.08,44.06,6867912,USD
2020-02-13,CCL,Consumer Discretionary,43.26,43.6,42.76,43.2,6670587,USD
2020-02-14,CCL,Consumer Discretionary,43.07,43.12,42.5,42.6,3998020,USD
2020-02-18,CCL,Consumer Discretionary,42.6,42.97,42.53,42.92,6246943,USD
2020-02-19,CCL,Consumer Discretionary,42.56,43.44,42.53,43.34,4625416,USD
2020-02-20,CCL,Consumer Discretionary,42.62,42.86,42.19,42.5,5343805,USD
2020-02-21,CCL,Consumer Discretionary,42.11,42.19,41.65,41.69,8009836,USD
2020-02-24,CCL,Consumer Discretionary,39.38,39.75,37.76,37.76,15441409,USD
2020-02-25,CCL,Consumer Discretionary,38.0,38.11,35.67,35.84,16153658,USD
2020-02-26,CCL,Consumer Discretionary,36.17,36.19,32.38,33.14,23505352,USD
2020-02-27,CCL,Consumer Discretionary,32.65,33.7,30.19,31.85,31486426,USD
2020-02-28,CCL,Consumer Discretionary,31.23,33.5,31.06,33.46,24868184,USD
2020-03-02,CCL,Consumer Discretionary,32.71,33.06,31.25,33.06,19716208,USD
2020-03-03,CCL,Consumer Discretionary,33.02,33.34,31.16,31.83,19720604,USD
2020-03-04,CCL,Consumer Discretionary,32.25,32.46,30.9,32.46,19503496,USD
2020-03-05,CCL,Consumer Discretionary,30.91,30.91,27.65,27.87,33085040,USD
2020-03-06,CCL,Consumer Discretionary,26.91,29.3,26.1,27.15,29767800,USD
2020-03-09,CCL,Consumer Discretionary,24.44,24.75,21.51,21.74,33764208,USD
2020-03-10,CCL,Consumer Discretionary,23.51,24.18,20.2,24.02,45551288,USD
2020-03-11,CCL,Consumer Discretionary,22.89,23.7,20.41,21.75,38262756,USD
2020-03-12,CCL,Consumer Discretionary,17.91,22.5,14.7,14.97,47752936,USD
2020-03-13,CCL,Consumer Discretionary,18.34,18.46,15.01,17.58,55565784,USD
2020-03-16,CCL,Consumer Discretionary,15.05,17.9,14.5,14.57,50744928,USD
2020-03-17,CCL,Consumer Discretionary,14.77,14.89,12.08,12.71,41578660,USD
2020-03-18,CCL,Consumer Discretionary,11.16,11.47,7.92,9.3,69931048,USD
2020-03-19,CCL,Consumer Discretionary,9.13,10.4,8.6,10.0,52319032,USD
2020-03-20,CCL,Consumer Discretionary,11.09,13.81,10.6,12.0,80096376,USD
2020-03-23,CCL,Consumer Discretionary,11.27,12.45,10.61,12.0,52172184,USD
2020-03-24,CCL,Consumer Discretionary,14.19,16.62,13.15,13.68,65012428,USD
2020-03-25,CCL,Consumer Discretionary,15.05,17.03,13.15,15.55,78051664,USD
2020-03-26,CCL,Consumer Discretionary,15.55,19.12,15.07,17.82,97609184,USD
2020-03-27,CCL,Consumer Discretionary,16.0,16.16,14.05,14.41,64592360,USD
2020-03-30,CCL,Consumer Discretionary,13.44,13.47,11.71,12.8,46165604,USD
2020-03-31,CCL,Consumer Discretionary,10.95,14.55,10.95,13.17,112205696,USD
2020-04-01,CCL,Consumer Discretionary,12.6,12.61,8.61,8.8,182979280,USD
2020-04-02,CCL,Consumer Discretionary,8.01,8.53,7.8,7.97,262061120,USD
2020-04-03,CCL,Consumer Discretionary,8.29,8.74,8.02,8.49,124436192,USD
2020-04-06,CCL,Consumer Discretionary,9.28,10.96,9.14,10.21,195697632,USD
2020-04-07,CCL,Consumer Discretionary,12.35,12.95,11.05,11.3,185454320,USD
2020-04-08,CCL,Consumer Discretionary,11.86,12.19,11.36,11.99,108041184,USD
2020-04-09,CCL,Consumer Discretionary,12.91,13.73,11.92,12.42,145266544,USD
2020-04-13,CCL,Consumer Discretionary,11.77,11.82,10.95,11.5,77438800,USD
2020-04-14,CCL,Consumer Discretionary,12.46,13.19,12.17,12.51,79840104,USD
2020-04-15,CCL,Consumer Discretionary,11.88,12.43,11.57,12.38,55875256,USD
2020-04-16,CCL,Consumer Discretionary,12.14,12.29,11.37,11.85,59788576,USD
2020-04-17,CCL,Consumer Discretionary,12.71,12.77,12.26,12.56,60675120,USD
2020-04-20,CCL,Consumer Discretionary,12.08,12.56,11.86,12.22,41265156,USD
2020-04-21,CCL,Consumer Discretionary,11.79,12.3,11.62,11.84,40644496,USD
2020-04-22,CCL,Consumer Discretionary,12.08,12.18,11.38,11.64,38621572,USD
2020-04-23,CCL,Consumer Discretionary,11.69,12.39,11.65,12.17,46795192,USD
2020-04-24,CCL,Consumer Discretionary,12.25,12.35,11.62,11.91,39106144,USD
2020-04-27,CCL,Consumer Discretionary,12.06,13.24,12.0,12.98,54811248,USD
2020-04-28,CCL,Consumer Discretionary,13.96,14.67,13.36,14.46,90378208,USD
2020-04-29,CCL,Consumer Discretionary,15.76,16.83,15.63,16.69,111882544,USD
2020-04-30,CCL,Consumer Discretionary,16.26,16.69,15.18,15.9,87744912,USD
2020-05-01,CCL,Consumer Discretionary,14.9,15.3,13.73,13.93,63622544,USD
2020-05-04,CCL,Consumer Discretionary,13.12,14.58,12.75,14.34,74722720,USD
2020-05-05,CCL,Consumer Discretionary,14.25,14.89,12.93,13.09,89357448,USD
2020-05-06,CCL,Consumer Discretionary,13.51,13.59,12.58,12.82,50586780,USD
2020-05-07,CCL,Consumer Discretionary,12.98,13.74,12.98,13.53,39715808,USD
2020-05-08,CCL,Consumer Discretionary,14.07,14.39,13.65,14.21,41587408,USD
2020-05-11,CCL,Consumer Discretionary,14.07,14.29,13.64,13.85,36936904,USD
2020-05-12,CCL,Consumer Discretionary,14.11,14.22,13.16,13.19,35482340,USD
2020-05-13,CCL,Consumer Discretionary,13.0,13.0,11.9,12.26,57274048,USD
2020-05-14,CCL,Consumer Discretionary,11.65,12.61,11.0,12.27,56189704,USD
2020-05-15,CCL,Consumer Discretionary,12.13,13.1,11.95,12.78,36812772,USD
2020-05-18,CCL,Consumer Discretionary,14.1,15.07,13.92,14.72,79397960,USD
2020-05-19,CCL,Consumer Discretionary,14.61,14.82,13.63,14.11,50929324,USD
2020-05-20,CCL,Consumer Discretionary,14.62,14.69,13.83,14.15,39907392,USD
2020-05-21,CCL,Consumer Discretionary,13.9,15.13,13.9,14.6,49975972,USD
2020-05-22,CCL,Consumer Discretionary,14.92,15.18,14.15,14.46,29208040,USD
2020-05-26,CCL,Consumer Discretionary,15.89,16.52,15.83,16.28,59226216,USD
2020-05-27,CCL,Consumer Discretionary,18.12,18.12,16.13,17.24,88455744,USD
2020-05-28,CCL,Consumer Discretionary,17.22,17.22,15.74,15.93,60951576,USD
2020-05-29,CCL,Consumer Discretionary,15.23,15.92,15.0,15.74,50358472,USD
2020-06-01,CCL,Consumer Discretionary,15.95,17.07,15.88,16.8,42635528,USD
2020-06-02,CCL,Consumer Discretionary,17.33,17.48,16.56,16.87,40987628,USD
2020-06-03,CCL,Consumer Discretionary,16.71,17.65,16.57,17.25,52551304,USD
2020-06-04,CCL,Consumer Discretionary,17.36,19.03,16.66,18.48,86050104,USD
2020-06-05,CCL,Consumer Discretionary,22.27,22.93,21.07,21.51,113521072,USD
2020-06-08,CCL,Consumer Discretionary,24.57,25.27,23.41,24.91,104304720,USD
2020-06-09,CCL,Consumer Discretionary,23.88,23.9,21.93,23.04,70752336,USD
2020-06-10,CCL,Consumer Discretionary,22.2,22.47,19.5,20.59,81374560,USD
2020-06-11,CCL,Consumer Discretionary,17.29,18.99,16.75,17.44,77657360,USD
2020-06-12,CCL,Consumer Discretionary,19.81,20.2,18.53,19.98,65140116,USD
2020-06-15,CCL,Consumer Discretionary,18.14,19.82,17.95,19.44,58345632,USD
2020-06-16,CCL,Consumer Discretionary,21.82,21.85,19.61,20.42,55961348,USD
2020-06-17,CCL,Consumer Discretionary,19.32,19.8,18.67,19.09,44354740,USD
2020-06-18,CCL,Consumer Discretionary,17.96,19.55,17.8,18.82,59586236,USD
2020-06-19,CCL,Consumer Discretionary,19.3,19.35,17.49,17.83,54899088,USD
2020-06-22,CCL,Consumer Discretionary,17.22,17.65,16.55,17.23,44450664,USD
2020-06-23,CCL,Consumer Discretionary,17.59,18.03,17.12,18.0,33867696,USD
2020-06-24,CCL,Consumer Discretionary,17.04,17.26,15.67,16.0,47045992,USD
2020-06-25,CCL,Consumer Discretionary,15.13,16.23,15.11,16.0,37376688,USD
2020-06-26,CCL,Consumer Discretionary,16.21,16.35,15.16,15.78,36855964,USD
2020-06-29,CCL,Consumer Discretionary,15.52,16.8,14.92,16.78,35733884,USD
2020-06-30,CCL,Consumer Discretionary,16.57,16.71,15.86,16.42,25267618,USD
2020-07-01,CCL,Consumer Discretionary,16.89,17.8,16.19,16.36,37215108,USD
2020-07-02,CCL,Consumer Discretionary,17.1,17.14,15.8,15.88,30023338,USD
2020-07-06,CCL,Consumer Discretionary,16.04,16.22,15.11,15.61,33004880,USD
2020-07-07,CCL,Consumer Discretionary,15.16,15.4,14.56,14.57,31134824,USD
2020-07-08,CCL,Consumer Discretionary,14.53,15.48,14.27,15.32,29814974,USD
2020-07-09,CCL,Consumer Discretionary,15.85,16.0,14.5,14.58,39758464,USD
2020-07-10,CCL,Consumer Discretionary,14.47,16.27,14.3,16.16,61894072,USD
2020-07-13,CCL,Consumer Discretionary,16.49,16.68,15.27,15.28,41340484,USD
2020-07-14,CCL,Consumer Discretionary,14.97,15.18,14.6,15.04,28887004,USD
2020-07-15,CCL,Consumer Discretionary,16.12,17.55,15.98,17.48,72487616,USD
2020-07-16,CCL,Consumer Discretionary,16.28,16.61,15.78,15.78,42311044,USD
2020-07-17,CCL,Consumer Discretionary,15.64,15.99,15.23,15.47,28132620,USD
2020-07-20,CCL,Consumer Discretionary,15.55,15.65,14.91,15.0,25175234,USD
2020-07-21,CCL,Consumer Discretionary,15.27,15.48,15.01,15.19,24612700,USD
2020-07-22,CCL,Consumer Discretionary,15.1,15.34,14.97,15.14,17411712,USD
2020-07-23,CCL,Consumer Discretionary,15.01,15.38,14.51,14.8,32264134,USD
2020-07-24,CCL,Consumer Discretionary,14.59,15.35,14.46,14.8,26712208,USD
2020-07-27,CCL,Consumer Discretionary,14.58,14.62,13.62,13.75,37462924,USD
2020-07-28,CCL,Consumer Discretionary,13.76,14.58,13.76,14.33,31311282,USD
2020-07-29,CCL,Consumer Discretionary,14.47,14.7,14.09,14.65,19415004,USD
2020-07-30,CCL,Consumer Discretionary,14.23,14.52,14.01,14.34,15816502,USD
2020-07-31,CCL,Consumer Discretionary,14.22,14.35,13.72,13.88,20665782,USD
2020-08-03,CCL,Consumer Discretionary,13.48,13.5,12.83,13.07,34967536,USD
2020-08-04,CCL,Consumer Discretionary,13.15,13.98,13.09,13.74,24159788,USD
2020-08-05,CCL,Consumer Discretionary,14.2,14.27,13.67,14.02,24021954,USD
2020-08-06,CCL,Consumer Discretionary,13.45,14.02,13.3,13.78,84719896,USD
2020-08-07,CCL,Consumer Discretionary,13.62,14.32,13.33,14.22,36316344,USD
2020-08-10,CCL,Consumer Discretionary,14.41,15.47,14.36,15.44,41905600,USD
2020-08-11,CCL,Consumer Discretionary,16.5,16.52,15.63,15.82,54167608,USD
2020-08-12,CCL,Consumer Discretionary,16.2,16.23,14.81,15.19,35542940,USD
2020-08-13,CCL,Consumer Discretionary,15.0,15.75,14.91,15.22,19930676,USD
2020-08-14,CCL,Consumer Discretionary,15.02,15.72,14.86,15.47,20937072,USD
2020-08-17,CCL,Consumer Discretionary,15.41,15.43,14.68,14.68,33330568,USD
2020-08-18,CCL,Consumer Discretionary,14.66,14.89,14.27,14.41,24744608,USD
2020-08-19,CCL,Consumer Discretionary,14.37,15.17,14.26,14.6,26620332,USD
2020-08-20,CCL,Consumer Discretionary,14.35,14.72,14.17,14.54,19891476,USD
2020-08-21,CCL,Consumer Discretionary,14.47,14.93,14.44,14.65,18797388,USD
2020-08-24,CCL,Consumer Discretionary,15.0,16.2,14.66,16.14,56417204,USD
2020-08-25,CCL,Consumer Discretionary,16.26,16.39,15.33,15.89,38551524,USD
2020-08-26,CCL,Consumer Discretionary,15.68,15.77,15.2,15.28,24425242,USD
2020-08-27,CCL,Consumer Discretionary,15.68,16.67,15.67,16.12,48079420,USD
2020-08-28,CCL,Consumer Discretionary,16.58,17.34,16.23,17.21,51079100,USD
2020-08-31,CCL,Consumer Discretionary,17.33,17.34,16.47,16.48,43033556,USD
2020-09-01,CCL,Consumer Discretionary,16.09,16.7,16.02,16.51,25921002,USD
2020-09-02,CCL,Consumer Discretionary,16.59,16.77,16.22,16.71,20720906,USD
2020-09-03,CCL,Consumer Discretionary,17.61,18.73,17.1,17.58,94120080,USD
2020-09-04,CCL,Consumer Discretionary,18.4,18.65,17.4,18.53,66539728,USD
2020-09-08,CCL,Consumer Discretionary,17.86,18.92,17.86,18.29,45447900,USD
2020-09-09,CCL,Consumer Discretionary,18.11,18.21,17.27,17.66,36217892,USD
2020-09-10,CCL,Consumer Discretionary,17.83,18.74,17.83,17.88,36598304,USD
2020-09-11,CCL,Consumer Discretionary,18.24,18.24,17.44,17.69,23899452,USD
2020-09-14,CCL,Consumer Discretionary,17.94,18.12,17.54,17.85,25634788,USD
2020-09-15,CCL,Consumer Discretionary,17.2,17.2,15.85,15.93,80598096,USD
2020-09-16,CCL,Consumer Discretionary,16.1,16.67,15.94,16.46,38351340,USD
2020-09-17,CCL,Consumer Discretionary,15.73,16.51,15.73,16.24,30506224,USD
2020-09-18,CCL,Consumer Discretionary,15.96,16.08,15.07,15.31,51607644,USD
2020-09-21,CCL,Consumer Discretionary,14.6,14.87,14.04,14.29,42775084,USD
2020-09-22,CCL,Consumer Discretionary,14.38,14.81,14.18,14.41,30011098,USD
2020-09-23,CCL,Consumer Discretionary,14.55,15.05,14.11,14.13,30947992,USD
2020-09-24,CCL,Consumer Discretionary,14.07,14.16,13.4,13.74,32472148,USD
2020-09-25,CCL,Consumer Discretionary,14.55,15.09,14.16,15.07,54137384,USD
2020-09-28,CCL,Consumer Discretionary,15.54,15.55,14.78,15.31,36548116,USD
2020-09-29,CCL,Consumer Discretionary,15.25,15.43,14.81,15.07,23135028,USD
2020-09-30,CCL,Consumer Discretionary,15.37,15.96,15.11,15.18,44374820,USD
2020-10-01,CCL,Consumer Discretionary,15.38,15.38,14.71,15.03,28158388,USD
2020-10-02,CCL,Consumer Discretionary,14.26,15.22,14.23,15.16,30936084,USD
2020-10-05,CCL,Consumer Discretionary,15.11,15.23,14.8,14.96,22040984,USD
2020-10-06,CCL,Consumer Discretionary,15.26,15.97,15.12,15.19,43724300,USD
2020-10-07,CCL,Consumer Discretionary,15.48,16.05,15.29,15.99,30079672,USD
2020-10-08,CCL,Consumer Discretionary,16.15,16.15,15.37,15.61,40986020,USD
2020-10-09,CCL,Consumer Discretionary,15.72,16.07,15.54,15.69,33815712,USD
2020-10-12,CCL,Consumer Discretionary,15.45,15.51,15.2,15.21,25773334,USD
2020-10-13,CCL,Consumer Discretionary,14.71,14.83,13.98,14.03,49039776,USD
2020-10-14,CCL,Consumer Discretionary,14.33,14.43,13.91,13.97,34280668,USD
2020-10-15,CCL,Consumer Discretionary,13.67,14.04,13.62,14.02,29283554,USD
2020-10-16,CCL,Consumer Discretionary,14.05,14.33,13.71,14.08,39528632,USD
2020-10-19,CCL,Consumer Discretionary,14.21,14.5,13.99,14.15,27767908,USD
2020-10-20,CCL,Consumer Discretionary,14.42,14.71,14.23,14.61,27326822,USD
2020-10-21,CCL,Consumer Discretionary,14.6,14.63,14.31,14.48,17359068,USD
2020-10-22,CCL,Consumer Discretionary,14.52,15.24,14.47,15.19,32230234,USD
2020-10-23,CCL,Consumer Discretionary,15.19,15.5,15.03,15.36,25638424,USD
2020-10-26,CCL,Consumer Discretionary,14.75,14.83,13.82,14.03,49441720,USD
2020-10-27,CCL,Consumer Discretionary,13.99,14.16,13.73,13.76,24449792,USD
2020-10-28,CCL,Consumer Discretionary,13.24,13.24,12.29,12.3,58953156,USD
2020-10-29,CCL,Consumer Discretionary,12.31,13.09,12.12,12.98,31579536,USD
2020-10-30,CCL,Consumer Discretionary,12.78,14.48,12.62,13.71,76635504,USD
2020-11-02,CCL,Consumer Discretionary,13.49,13.65,12.93,13.55,31928110,USD
2020-11-03,CCL,Consumer Discretionary,13.6,13.97,13.47,13.71,26494948,USD
2020-11-04,CCL,Consumer Discretionary,13.69,13.86,13.26,13.34,27332178,USD
2020-11-05,CCL,Consumer Discretionary,13.53,14.23,13.45,14.18,27367434,USD
2020-11-06,CCL,Consumer Discretionary,13.91,14.14,13.66,13.82,19585588,USD
2020-11-09,CCL,Consumer Discretionary,18.46,19.85,17.74,19.25,185304272,USD
2020-11-10,CCL,Consumer Discretionary,18.6,18.6,16.4,16.73,119449520,USD
2020-11-11,CCL,Consumer Discretionary,16.9,16.97,16.08,16.21,57841360,USD
2020-11-12,CCL,Consumer Discretionary,15.6,15.85,14.88,14.93,87726152,USD
2020-11-13,CCL,Consumer Discretionary,15.19,16.19,15.0,16.01,159954800,USD
2020-11-14,CCL,Consumer Discretionary,16.01,16.01,16.01,16.01,0,USD
2020-11-15,CCL,Consumer Discretionary,16.01,16.01,16.01,16.01,0,USD
2020-11-16,CCL,Consumer Discretionary,17.34,18.0,16.91,17.57,111232736,USD
2020-11-17,CCL,Consumer Discretionary,17.14,18.58,16.96,18.05,63499716,USD
2020-11-18,CCL,Consumer Discretionary,17.59,18.29,17.44,17.59,72257816,USD
2020-11-19,CCL,Consumer Discretionary,17.58,18.24,17.48,18.19,44098256,USD
2020-11-20,CCL,Consumer Discretionary,18.16,18.28,17.33,17.37,52433268,USD
2020-11-22,CCL,Consumer Discretionary,17.37,17.37,17.37,17.37,0,USD
2020-11-23,CCL,Consumer Discretionary,17.89,18.36,17.65,18.18,50751300,USD
2020-11-24,CCL,Consumer Discretionary,19.38,20.42,19.07,20.23,80233192,USD
2020-11-25,CCL,Consumer Discretionary,20.48,20.9,19.92,20.65,60387864,USD
2020-11-27,CCL,Consumer Discretionary,21.0,22.25,20.86,21.58,46919072,USD
2020-11-30,CCL,Consumer Discretionary,21.77,21.77,19.83,19.98,85532040,USD
2020-12-01,CCL,Consumer Discretionary,20.92,20.95,20.05,20.15,48105224,USD
2020-12-02,CCL,Consumer Discretionary,19.65,21.27,19.26,21.16,52282416,USD
2020-12-03,CCL,Consumer Discretionary,21.46,23.5,21.38,22.88,92899304,USD
2020-12-04,CCL,Consumer Discretionary,23.54,23.71,22.6,23.45,65203896,USD
2020-12-07,CCL,Consumer Discretionary,23.39,23.45,22.7,23.2,46851488,USD
2020-12-08,CCL,Consumer Discretionary,23.0,23.9,22.97,23.57,42765228,USD
2020-12-09,CCL,Consumer Discretionary,23.97,24.34,22.0,22.69,66956152,USD
2020-12-10,CCL,Consumer Discretionary,22.23,23.06,22.18,22.32,50011840,USD
2020-12-11,CCL,Consumer Discretionary,22.64,22.82,21.28,21.32,52517372,USD
2020-12-14,CCL,Consumer Discretionary,22.36,22.74,20.93,20.93,55423544,USD
2020-12-15,CCL,Consumer Discretionary,21.14,21.7,19.99,21.53,56875004,USD
2020-12-16,CCL,Consumer Discretionary,21.59,22.2,21.34,21.76,35103712,USD
2020-12-17,CCL,Consumer Discretionary,21.8,21.89,21.32,21.63,25810780,USD
2020-12-18,CCL,Consumer Discretionary,21.61,21.98,21.0,21.46,68420736,USD
2020-12-21,CCL,Consumer Discretionary,20.22,21.3,20.03,21.06,51145384,USD
2020-12-22,CCL,Consumer Discretionary,21.07,21.26,19.75,19.81,39666152,USD
2020-12-23,CCL,Consumer Discretionary,20.12,21.08,20.03,20.94,31206648,USD
2020-12-24,CCL,Consumer Discretionary,20.98,21.08,20.43,20.84,14819299,USD
2020-12-28,CCL,Consumer Discretionary,21.2,22.05,21.03,21.71,33112842,USD
2020-12-29,CCL,Consumer Discretionary,22.1,22.26,21.36,21.43,26851152,USD
2020-12-30,CCL,Consumer Discretionary,21.5,22.09,21.42,21.79,23606416,USD
2020-12-31,CCL,Consumer Discretionary,21.62,21.79,20.9,21.66,25679256,USD
