Date,Name,Type,Open,High,Low,Close,Volume,Currency
2017-01-03,F,Consumer Discretionary,12.2,12.6,12.13,12.59,40510820,USD
2017-01-04,F,Consumer Discretionary,12.77,13.27,12.74,13.17,77638072,USD
2017-01-05,F,Consumer Discretionary,13.21,13.22,12.63,12.77,75628440,USD
2017-01-06,F,Consumer Discretionary,12.8,12.84,12.64,12.76,40315888,USD
2017-01-09,F,Consumer Discretionary,12.79,12.86,12.63,12.63,39438392,USD
2017-01-10,F,Consumer Discretionary,12.7,13.02,12.66,12.85,58703536,USD
2017-01-11,F,Consumer Discretionary,12.71,12.72,12.51,12.67,49718724,USD
2017-01-12,F,Consumer Discretionary,12.66,12.68,12.35,12.59,36493264,USD
2017-01-13,F,Consumer Discretionary,12.62,12.67,12.5,12.63,29197104,USD
2017-01-17,F,Consumer Discretionary,12.65,12.73,12.54,12.61,49069460,USD
2017-01-18,F,Consumer Discretionary,12.43,12.45,12.3,12.41,33830796,USD
2017-01-19,F,Consumer Discretionary,12.4,12.56,12.34,12.43,30135566,USD
2017-01-20,F,Consumer Discretionary,12.45,12.48,12.31,12.36,29269964,USD
2017-01-23,F,Consumer Discretionary,12.35,12.38,12.22,12.31,31670704,USD
2017-01-24,F,Consumer Discretionary,12.35,12.61,12.34,12.61,34625204,USD
2017-01-25,F,Consumer Discretionary,12.71,12.8,12.64,12.79,46747840,USD
2017-01-26,F,Consumer Discretionary,12.65,12.68,12.35,12.37,55672776,USD
2017-01-27,F,Consumer Discretionary,12.48,12.54,12.38,12.49,34613868,USD
2017-01-30,F,Consumer Discretionary,12.46,12.46,12.28,12.37,39254172,USD
2017-01-31,F,Consumer Discretionary,12.31,12.39,12.19,12.36,46974480,USD
2017-02-01,F,Consumer Discretionary,12.45,12.58,12.22,12.32,44396812,USD
2017-02-02,F,Consumer Discretionary,12.3,12.37,12.23,12.28,29035384,USD
2017-02-03,F,Consumer Discretionary,12.42,12.62,12.39,12.56,38245252,USD
2017-02-06,F,Consumer Discretionary,12.55,12.62,12.46,12.52,26916768,USD
2017-02-07,F,Consumer Discretionary,12.5,12.52,12.31,12.34,32914412,USD
2017-02-08,F,Consumer Discretionary,12.34,12.45,12.27,12.38,26411416,USD
2017-02-09,F,Consumer Discretionary,12.4,12.47,12.35,12.38,32924624,USD
2017-02-10,F,Consumer Discretionary,12.44,12.51,12.37,12.51,32996464,USD
2017-02-13,F,Consumer Discretionary,12.54,12.62,12.48,12.56,24473996,USD
2017-02-14,F,Consumer Discretionary,12.64,12.7,12.59,12.65,28355724,USD
2017-02-15,F,Consumer Discretionary,12.62,12.64,12.55,12.63,25114438,USD
2017-02-16,F,Consumer Discretionary,12.61,12.64,12.48,12.54,22896524,USD
2017-02-17,F,Consumer Discretionary,12.5,12.58,12.42,12.58,26407404,USD
2017-02-21,F,Consumer Discretionary,12.61,12.72,12.61,12.69,29156180,USD
2017-02-22,F,Consumer Discretionary,12.66,12.77,12.65,12.67,24787512,USD
2017-02-23,F,Consumer Discretionary,12.7,12.71,12.55,12.56,22520596,USD
2017-02-24,F,Consumer Discretionary,12.51,12.51,12.38,12.47,40817304,USD
2017-02-27,F,Consumer Discretionary,12.49,12.68,12.43,12.66,41713096,USD
2017-02-28,F,Consumer Discretionary,12.63,12.66,12.45,12.53,36089848,USD
2017-03-01,F,Consumer Discretionary,12.66,12.75,12.65,12.69,36178588,USD
2017-03-02,F,Consumer Discretionary,12.72,12.74,12.58,12.66,33245050,USD
2017-03-03,F,Consumer Discretionary,12.66,12.71,12.53,12.65,30493532,USD
2017-03-06,F,Consumer Discretionary,12.58,12.6,12.5,12.52,28753624,USD
2017-03-07,F,Consumer Discretionary,12.51,12.53,12.42,12.46,25906932,USD
2017-03-08,F,Consumer Discretionary,12.5,12.64,12.46,12.53,27327834,USD
2017-03-09,F,Consumer Discretionary,12.54,12.54,12.4,12.5,29149096,USD
2017-03-10,F,Consumer Discretionary,12.55,12.63,12.47,12.53,34866056,USD
2017-03-13,F,Consumer Discretionary,12.56,12.63,12.5,12.54,22625832,USD
2017-03-14,F,Consumer Discretionary,12.51,12.56,12.45,12.55,26956658,USD
2017-03-15,F,Consumer Discretionary,12.56,12.65,12.52,12.65,34296196,USD
2017-03-16,F,Consumer Discretionary,12.65,12.72,12.59,12.7,28954694,USD
2017-03-17,F,Consumer Discretionary,12.74,12.74,12.45,12.48,54929116,USD
2017-03-20,F,Consumer Discretionary,12.48,12.49,12.25,12.28,45329648,USD
2017-03-21,F,Consumer Discretionary,12.3,12.32,11.7,11.72,101559880,USD
2017-03-22,F,Consumer Discretionary,11.78,11.83,11.62,11.77,71107864,USD
2017-03-23,F,Consumer Discretionary,11.57,11.75,11.5,11.67,71209264,USD
2017-03-24,F,Consumer Discretionary,11.66,11.77,11.55,11.62,43772440,USD
2017-03-27,F,Consumer Discretionary,11.51,11.55,11.41,11.46,57713420,USD
2017-03-28,F,Consumer Discretionary,11.51,11.8,11.48,11.65,57662808,USD
2017-03-29,F,Consumer Discretionary,11.73,11.76,11.64,11.68,35795736,USD
2017-03-30,F,Consumer Discretionary,11.67,11.74,11.61,11.68,28008240,USD
2017-03-31,F,Consumer Discretionary,11.66,11.68,11.6,11.64,26717520,USD
2017-04-03,F,Consumer Discretionary,11.64,11.64,11.28,11.44,65671112,USD
2017-04-04,F,Consumer Discretionary,11.38,11.48,11.28,11.37,40068176,USD
2017-04-05,F,Consumer Discretionary,11.48,11.49,11.25,11.26,43316140,USD
2017-04-06,F,Consumer Discretionary,11.27,11.36,11.22,11.27,36165280,USD
2017-04-07,F,Consumer Discretionary,11.26,11.31,11.21,11.23,28874908,USD
2017-04-10,F,Consumer Discretionary,11.26,11.35,11.24,11.25,25857108,USD
2017-04-11,F,Consumer Discretionary,11.27,11.28,11.17,11.28,36366316,USD
2017-04-12,F,Consumer Discretionary,11.27,11.29,11.2,11.23,56588424,USD
2017-04-13,F,Consumer Discretionary,11.22,11.25,11.11,11.11,32789904,USD
2017-04-17,F,Consumer Discretionary,11.22,11.3,11.14,11.28,44731736,USD
2017-04-18,F,Consumer Discretionary,11.15,11.18,11.08,11.14,35659988,USD
2017-04-19,F,Consumer Discretionary,11.19,11.28,11.17,11.19,37524444,USD
2017-04-20,F,Consumer Discretionary,11.25,11.5,11.24,11.47,49990192,USD
2017-04-21,F,Consumer Discretionary,11.46,11.48,11.32,11.34,26076186,USD
2017-04-24,F,Consumer Discretionary,11.48,11.5,11.36,11.43,41071328,USD
2017-04-25,F,Consumer Discretionary,11.47,11.5,11.43,11.48,35862520,USD
2017-04-26,F,Consumer Discretionary,11.47,11.7,11.45,11.6,51685768,USD
2017-04-27,F,Consumer Discretionary,11.66,11.68,11.34,11.47,50203740,USD
2017-04-28,F,Consumer Discretionary,11.51,11.51,11.4,11.47,41415144,USD
2017-05-01,F,Consumer Discretionary,11.49,11.54,11.4,11.42,32118380,USD
2017-05-02,F,Consumer Discretionary,11.3,11.37,10.9,10.92,99514736,USD
2017-05-03,F,Consumer Discretionary,10.92,11.09,10.91,11.07,57290560,USD
2017-05-04,F,Consumer Discretionary,11.09,11.11,10.96,11.0,34639752,USD
2017-05-05,F,Consumer Discretionary,11.01,11.16,10.98,11.14,28926000,USD
2017-05-08,F,Consumer Discretionary,11.18,11.24,11.09,11.13,35561764,USD
2017-05-09,F,Consumer Discretionary,11.14,11.26,11.1,11.16,44142864,USD
2017-05-10,F,Consumer Discretionary,11.16,11.2,11.03,11.04,34989256,USD
2017-05-11,F,Consumer Discretionary,11.04,11.07,10.97,11.01,29276286,USD
2017-05-12,F,Consumer Discretionary,11.0,11.03,10.9,10.92,34264276,USD
2017-05-15,F,Consumer Discretionary,10.96,11.03,10.92,10.94,27359494,USD
2017-05-16,F,Consumer Discretionary,11.06,11.07,10.9,10.94,42130216,USD
2017-05-17,F,Consumer Discretionary,10.88,10.95,10.67,10.76,54670104,USD
2017-05-18,F,Consumer Discretionary,10.73,10.82,10.7,10.79,37890812,USD
2017-05-19,F,Consumer Discretionary,10.81,10.94,10.79,10.87,32431694,USD
2017-05-22,F,Consumer Discretionary,11.11,11.13,10.98,11.1,73335000,USD
2017-05-23,F,Consumer Discretionary,11.16,11.16,10.97,11.05,40816648,USD
2017-05-24,F,Consumer Discretionary,11.06,11.06,10.87,10.96,46732736,USD
2017-05-25,F,Consumer Discretionary,10.96,10.97,10.76,10.86,46269244,USD
2017-05-26,F,Consumer Discretionary,10.85,10.95,10.81,10.93,28176454,USD
2017-05-30,F,Consumer Discretionary,11.0,11.12,10.99,11.08,36082624,USD
2017-05-31,F,Consumer Discretionary,11.12,11.13,11.0,11.12,36398668,USD
2017-06-01,F,Consumer Discretionary,11.25,11.54,11.1,11.41,76707184,USD
2017-06-02,F,Consumer Discretionary,11.42,11.43,11.24,11.35,45924952,USD
2017-06-05,F,Consumer Discretionary,11.36,11.36,11.22,11.25,42558568,USD
2017-06-06,F,Consumer Discretionary,11.19,11.2,11.05,11.12,44543688,USD
2017-06-07,F,Consumer Discretionary,11.16,11.19,11.02,11.07,37344208,USD
2017-06-08,F,Consumer Discretionary,10.94,11.1,10.91,11.1,40757440,USD
2017-06-09,F,Consumer Discretionary,11.09,11.15,11.01,11.13,30285940,USD
2017-06-12,F,Consumer Discretionary,11.13,11.36,11.13,11.28,38473144,USD
2017-06-13,F,Consumer Discretionary,11.31,11.35,11.15,11.27,29889308,USD
2017-06-14,F,Consumer Discretionary,11.28,11.29,11.06,11.22,44367884,USD
2017-06-15,F,Consumer Discretionary,11.15,11.29,11.14,11.24,28431606,USD
2017-06-16,F,Consumer Discretionary,11.24,11.24,11.07,11.22,54035416,USD
2017-06-19,F,Consumer Discretionary,11.2,11.28,11.18,11.24,30540890,USD
2017-06-20,F,Consumer Discretionary,11.21,11.22,11.09,11.12,31971454,USD
2017-06-21,F,Consumer Discretionary,11.15,11.15,11.0,11.04,37002532,USD
2017-06-22,F,Consumer Discretionary,11.02,11.18,11.0,11.13,26972816,USD
2017-06-23,F,Consumer Discretionary,11.1,11.13,11.0,11.04,45190204,USD
2017-06-26,F,Consumer Discretionary,11.06,11.2,11.05,11.18,31316764,USD
2017-06-27,F,Consumer Discretionary,11.17,11.2,11.06,11.08,28491614,USD
2017-06-28,F,Consumer Discretionary,11.11,11.17,11.07,11.09,31819976,USD
2017-06-29,F,Consumer Discretionary,11.13,11.2,11.07,11.17,32917042,USD
2017-06-30,F,Consumer Discretionary,11.18,11.28,11.16,11.19,41074992,USD
2017-07-03,F,Consumer Discretionary,11.36,11.69,11.25,11.56,43949588,USD
2017-07-05,F,Consumer Discretionary,11.51,11.56,11.26,11.3,39412232,USD
2017-07-06,F,Consumer Discretionary,11.29,11.36,11.17,11.18,31935984,USD
2017-07-07,F,Consumer Discretionary,11.21,11.28,11.16,11.26,20871848,USD
2017-07-10,F,Consumer Discretionary,11.24,11.35,11.23,11.34,18881282,USD
2017-07-11,F,Consumer Discretionary,11.31,11.43,11.3,11.38,25914332,USD
2017-07-12,F,Consumer Discretionary,11.41,11.62,11.4,11.47,33088184,USD
2017-07-13,F,Consumer Discretionary,11.46,11.69,11.45,11.6,33650808,USD
2017-07-14,F,Consumer Discretionary,11.64,11.73,11.6,11.68,39792184,USD
2017-07-17,F,Consumer Discretionary,11.71,11.75,11.65,11.74,24394236,USD
2017-07-18,F,Consumer Discretionary,11.72,11.75,11.67,11.75,24625242,USD
2017-07-19,F,Consumer Discretionary,11.76,11.83,11.74,11.83,26225866,USD
2017-07-20,F,Consumer Discretionary,11.69,11.78,11.66,11.7,30315108,USD
2017-07-21,F,Consumer Discretionary,11.59,11.62,11.46,11.53,27630584,USD
2017-07-24,F,Consumer Discretionary,11.51,11.55,11.27,11.29,48123428,USD
2017-07-25,F,Consumer Discretionary,11.3,11.38,11.22,11.27,52854344,USD
2017-07-26,F,Consumer Discretionary,11.14,11.16,10.95,11.06,72271736,USD
2017-07-27,F,Consumer Discretionary,11.08,11.2,11.03,11.18,38687496,USD
2017-07-28,F,Consumer Discretionary,11.15,11.22,11.06,11.17,24864110,USD
2017-07-31,F,Consumer Discretionary,11.16,11.23,11.12,11.22,39548560,USD
2017-08-01,F,Consumer Discretionary,11.11,11.15,10.87,10.95,65140080,USD
2017-08-02,F,Consumer Discretionary,10.98,11.03,10.93,11.0,30890498,USD
2017-08-03,F,Consumer Discretionary,11.01,11.05,10.92,10.93,20309320,USD
2017-08-04,F,Consumer Discretionary,10.9,10.99,10.78,10.95,29267608,USD
2017-08-07,F,Consumer Discretionary,10.94,10.98,10.9,10.92,35013024,USD
2017-08-08,F,Consumer Discretionary,10.95,11.0,10.88,10.89,26322100,USD
2017-08-09,F,Consumer Discretionary,10.88,10.95,10.83,10.92,32155872,USD
2017-08-10,F,Consumer Discretionary,10.88,10.91,10.77,10.77,31903828,USD
2017-08-11,F,Consumer Discretionary,10.79,10.84,10.76,10.77,32300116,USD
2017-08-14,F,Consumer Discretionary,10.82,10.95,10.79,10.91,26413474,USD
2017-08-15,F,Consumer Discretionary,10.92,11.0,10.84,10.84,29266300,USD
2017-08-16,F,Consumer Discretionary,10.86,10.9,10.78,10.8,28316308,USD
2017-08-17,F,Consumer Discretionary,10.79,10.8,10.6,10.64,35518832,USD
2017-08-18,F,Consumer Discretionary,10.62,10.63,10.47,10.56,43998744,USD
2017-08-21,F,Consumer Discretionary,10.53,10.65,10.52,10.57,30152540,USD
2017-08-22,F,Consumer Discretionary,10.61,10.73,10.61,10.65,28676062,USD
2017-08-23,F,Consumer Discretionary,10.61,10.78,10.59,10.71,35405768,USD
2017-08-24,F,Consumer Discretionary,10.75,10.8,10.69,10.71,33584388,USD
2017-08-25,F,Consumer Discretionary,10.77,10.88,10.76,10.82,35926828,USD
2017-08-28,F,Consumer Discretionary,10.86,10.88,10.73,10.79,22307396,USD
2017-08-29,F,Consumer Discretionary,10.75,10.89,10.73,10.84,29807260,USD
2017-08-30,F,Consumer Discretionary,10.82,10.94,10.77,10.94,23629292,USD
2017-08-31,F,Consumer Discretionary,10.97,11.2,10.95,11.03,54208920,USD
2017-09-01,F,Consumer Discretionary,11.18,11.43,11.14,11.35,64560280,USD
2017-09-05,F,Consumer Discretionary,11.36,11.39,11.24,11.36,44142352,USD
2017-09-06,F,Consumer Discretionary,11.39,11.53,11.39,11.5,43279040,USD
2017-09-07,F,Consumer Discretionary,11.52,11.52,11.33,11.4,30271004,USD
2017-09-08,F,Consumer Discretionary,11.34,11.39,11.29,11.36,26633932,USD
2017-09-11,F,Consumer Discretionary,11.4,11.45,11.38,11.41,43375020,USD
2017-09-12,F,Consumer Discretionary,11.43,11.67,11.39,11.59,41386668,USD
2017-09-13,F,Consumer Discretionary,11.6,11.63,11.52,11.62,23302152,USD
2017-09-14,F,Consumer Discretionary,11.6,11.68,11.48,11.56,31696274,USD
2017-09-15,F,Consumer Discretionary,11.54,11.63,11.49,11.62,30865470,USD
2017-09-18,F,Consumer Discretionary,11.63,11.73,11.6,11.63,25132356,USD
2017-09-19,F,Consumer Discretionary,11.63,11.74,11.62,11.72,26392860,USD
2017-09-20,F,Consumer Discretionary,11.68,11.79,11.63,11.71,26705320,USD
2017-09-21,F,Consumer Discretionary,11.71,11.82,11.69,11.72,40319428,USD
2017-09-22,F,Consumer Discretionary,11.74,11.87,11.72,11.84,30196460,USD
2017-09-25,F,Consumer Discretionary,11.88,12.06,11.84,11.94,40766000,USD
2017-09-26,F,Consumer Discretionary,11.95,12.0,11.9,11.93,30646724,USD
2017-09-27,F,Consumer Discretionary,11.98,12.02,11.86,11.95,28412202,USD
2017-09-28,F,Consumer Discretionary,11.95,11.99,11.9,11.96,23105656,USD
2017-09-29,F,Consumer Discretionary,11.97,12.02,11.92,11.97,31227516,USD
2017-10-02,F,Consumer Discretionary,12.0,12.09,11.97,12.09,36019960,USD
2017-10-03,F,Consumer Discretionary,12.32,12.43,12.22,12.34,65641712,USD
2017-10-04,F,Consumer Discretionary,12.33,12.46,12.28,12.3,52909844,USD
2017-10-05,F,Consumer Discretionary,12.34,12.36,12.15,12.25,48145784,USD
2017-10-06,F,Consumer Discretionary,12.2,12.33,12.19,12.31,35091792,USD
2017-10-09,F,Consumer Discretionary,12.33,12.41,12.25,12.34,28924796,USD
2017-10-10,F,Consumer Discretionary,12.34,12.42,12.25,12.39,40586232,USD
2017-10-11,F,Consumer Discretionary,12.38,12.43,12.31,12.38,34953440,USD
2017-10-12,F,Consumer Discretionary,12.3,12.32,12.11,12.12,45924432,USD
2017-10-13,F,Consumer Discretionary,12.06,12.17,11.87,12.05,44597336,USD
2017-10-16,F,Consumer Discretionary,11.99,12.15,11.96,12.12,32349676,USD
2017-10-17,F,Consumer Discretionary,12.13,12.31,12.12,12.27,55273236,USD
2017-10-18,F,Consumer Discretionary,12.28,12.35,12.17,12.19,30783686,USD
2017-10-19,F,Consumer Discretionary,12.14,12.25,12.05,12.23,29678158,USD
2017-10-20,F,Consumer Discretionary,12.12,12.14,12.0,12.1,28171652,USD
2017-10-23,F,Consumer Discretionary,12.11,12.19,12.04,12.04,21504812,USD
2017-10-24,F,Consumer Discretionary,12.11,12.26,12.09,12.19,34651184,USD
2017-10-25,F,Consumer Discretionary,12.15,12.15,11.97,12.04,47674840,USD
2017-10-26,F,Consumer Discretionary,12.2,12.34,12.06,12.27,49003128,USD
2017-10-27,F,Consumer Discretionary,12.23,12.24,12.01,12.06,33925368,USD
2017-10-30,F,Consumer Discretionary,12.01,12.15,11.95,12.1,36457436,USD
2017-10-31,F,Consumer Discretionary,12.15,12.3,12.13,12.27,42010248,USD
2017-11-01,F,Consumer Discretionary,12.4,12.47,12.28,12.35,43495832,USD
2017-11-02,F,Consumer Discretionary,12.33,12.43,12.26,12.42,40923420,USD
2017-11-03,F,Consumer Discretionary,12.41,12.46,12.32,12.36,33220260,USD
2017-11-06,F,Consumer Discretionary,12.36,12.43,12.3,12.33,20178512,USD
2017-11-07,F,Consumer Discretionary,12.35,12.38,12.11,12.16,41536292,USD
2017-11-08,F,Consumer Discretionary,12.14,12.16,12.01,12.06,34127544,USD
2017-11-09,F,Consumer Discretionary,12.01,12.05,11.93,12.04,26257260,USD
2017-11-10,F,Consumer Discretionary,12.0,12.09,11.98,12.01,35298376,USD
2017-11-13,F,Consumer Discretionary,12.01,12.22,11.97,12.16,30415856,USD
2017-11-14,F,Consumer Discretionary,12.1,12.16,11.99,12.02,25893420,USD
2017-11-15,F,Consumer Discretionary,11.97,12.03,11.87,12.0,28441308,USD
2017-11-16,F,Consumer Discretionary,12.0,12.05,11.93,12.04,28269046,USD
2017-11-17,F,Consumer Discretionary,12.02,12.06,11.98,12.01,31117728,USD
2017-11-20,F,Consumer Discretionary,12.03,12.15,12.02,12.13,32352040,USD
2017-11-21,F,Consumer Discretionary,12.14,12.22,12.12,12.12,28510260,USD
2017-11-22,F,Consumer Discretionary,12.11,12.15,12.05,12.07,36184008,USD
2017-11-24,F,Consumer Discretionary,12.1,12.15,12.03,12.1,9549629,USD
2017-11-27,F,Consumer Discretionary,12.09,12.19,12.06,12.11,28525156,USD
2017-11-28,F,Consumer Discretionary,12.15,12.24,12.08,12.21,33199324,USD
2017-11-29,F,Consumer Discretionary,12.24,12.57,12.23,12.56,64865976,USD
2017-11-30,F,Consumer Discretionary,12.53,12.65,12.42,12.52,49224188,USD
2017-12-01,F,Consumer Discretionary,12.62,12.7,12.35,12.58,52458736,USD
2017-12-04,F,Consumer Discretionary,12.65,12.81,12.59,12.63,39558856,USD
2017-12-05,F,Consumer Discretionary,12.61,12.62,12.4,12.43,45527164,USD
2017-12-06,F,Consumer Discretionary,12.4,12.43,12.28,12.38,28453762,USD
2017-12-07,F,Consumer Discretionary,12.39,12.59,12.33,12.53,25417120,USD
2017-12-08,F,Consumer Discretionary,12.53,12.61,12.43,12.61,21981870,USD
2017-12-11,F,Consumer Discretionary,12.6,12.63,12.51,12.58,44194632,USD
2017-12-12,F,Consumer Discretionary,12.56,12.63,12.51,12.6,54370612,USD
2017-12-13,F,Consumer Discretionary,12.61,12.72,12.59,12.63,31858996,USD
2017-12-14,F,Consumer Discretionary,12.65,12.69,12.41,12.46,37073960,USD
2017-12-15,F,Consumer Discretionary,12.51,12.66,12.5,12.58,48655452,USD
2017-12-18,F,Consumer Discretionary,12.66,12.75,12.61,12.66,25022656,USD
2017-12-19,F,Consumer Discretionary,12.71,12.78,12.66,12.69,23056884,USD
2017-12-20,F,Consumer Discretionary,12.72,12.75,12.65,12.72,18989428,USD
2017-12-21,F,Consumer Discretionary,12.74,12.77,12.63,12.63,21004664,USD
2017-12-22,F,Consumer Discretionary,12.66,12.66,12.56,12.58,17876156,USD
2017-12-26,F,Consumer Discretionary,12.57,12.65,12.55,12.6,11664564,USD
2017-12-27,F,Consumer Discretionary,12.57,12.58,12.45,12.5,17005626,USD
2017-12-28,F,Consumer Discretionary,12.48,12.58,12.47,12.58,14793534,USD
2017-12-29,F,Consumer Discretionary,12.58,12.61,12.49,12.49,18362456,USD
2018-01-02,F,Consumer Discretionary,12.52,12.66,12.5,12.66,20773320,USD
2018-01-03,F,Consumer Discretionary,12.68,12.8,12.67,12.76,29765638,USD
2018-01-04,F,Consumer Discretionary,12.78,13.04,12.77,12.98,37478200,USD
2018-01-05,F,Consumer Discretionary,13.06,13.22,13.04,13.2,46121872,USD
2018-01-08,F,Consumer Discretionary,13.21,13.22,13.11,13.15,33828328,USD
2018-01-09,F,Consumer Discretionary,13.18,13.22,13.08,13.08,27924108,USD
2018-01-10,F,Consumer Discretionary,13.06,13.14,12.96,13.03,56517140,USD
2018-01-11,F,Consumer Discretionary,13.02,13.2,13.0,13.16,28342292,USD
2018-01-12,F,Consumer Discretionary,13.1,13.29,13.1,13.23,56979184,USD
2018-01-16,F,Consumer Discretionary,13.16,13.33,12.86,12.95,53961376,USD
2018-01-17,F,Consumer Discretionary,12.44,12.44,11.96,12.04,132412536,USD
2018-01-18,F,Consumer Discretionary,12.04,12.06,11.89,11.94,66541728,USD
2018-01-19,F,Consumer Discretionary,11.98,11.98,11.78,11.87,51303748,USD
2018-01-22,F,Consumer Discretionary,11.89,11.95,11.77,11.89,52851916,USD
2018-01-23,F,Consumer Discretionary,11.9,11.9,11.77,11.83,51830968,USD
2018-01-24,F,Consumer Discretionary,11.87,11.96,11.79,11.92,63300484,USD
2018-01-25,F,Consumer Discretionary,11.8,11.8,11.31,11.44,114886816,USD
2018-01-26,F,Consumer Discretionary,11.46,11.57,11.37,11.52,52496000,USD
2018-01-29,F,Consumer Discretionary,11.42,11.47,11.11,11.12,55113972,USD
2018-01-30,F,Consumer Discretionary,11.09,11.23,11.05,11.06,52068188,USD
2018-01-31,F,Consumer Discretionary,11.09,11.12,10.9,10.97,57644576,USD
2018-02-01,F,Consumer Discretionary,10.95,11.0,10.85,10.92,41352192,USD
2018-02-02,F,Consumer Discretionary,10.88,10.88,10.62,10.71,72312920,USD
2018-02-05,F,Consumer Discretionary,10.78,10.8,10.24,10.24,96756952,USD
2018-02-06,F,Consumer Discretionary,10.27,10.79,10.19,10.76,139938128,USD
2018-02-07,F,Consumer Discretionary,10.75,11.04,10.7,10.76,68041784,USD
2018-02-08,F,Consumer Discretionary,10.79,10.86,10.42,10.43,73990736,USD
2018-02-09,F,Consumer Discretionary,10.57,10.64,10.24,10.53,72103616,USD
2018-02-12,F,Consumer Discretionary,10.67,10.82,10.54,10.7,49068944,USD
2018-02-13,F,Consumer Discretionary,10.63,10.69,10.53,10.59,36884488,USD
2018-02-14,F,Consumer Discretionary,10.55,10.75,10.5,10.74,27844338,USD
2018-02-15,F,Consumer Discretionary,10.8,10.8,10.64,10.76,28208312,USD
2018-02-16,F,Consumer Discretionary,10.7,10.82,10.52,10.61,41041760,USD
2018-02-20,F,Consumer Discretionary,10.58,10.67,10.55,10.63,27617864,USD
2018-02-21,F,Consumer Discretionary,10.65,10.75,10.59,10.6,36037720,USD
2018-02-22,F,Consumer Discretionary,10.6,10.73,10.56,10.63,25409560,USD
2018-02-23,F,Consumer Discretionary,10.67,10.71,10.62,10.7,21786780,USD
2018-02-26,F,Consumer Discretionary,10.74,10.95,10.7,10.89,27157756,USD
2018-02-27,F,Consumer Discretionary,10.93,10.99,10.6,10.61,43502012,USD
2018-02-28,F,Consumer Discretionary,10.68,10.79,10.57,10.61,41321428,USD
2018-03-01,F,Consumer Discretionary,10.65,10.69,10.2,10.29,75841416,USD
2018-03-02,F,Consumer Discretionary,10.24,10.42,10.14,10.4,60491864,USD
2018-03-05,F,Consumer Discretionary,10.31,10.63,10.3,10.58,44021328,USD
2018-03-06,F,Consumer Discretionary,10.65,10.68,10.47,10.63,30978946,USD
2018-03-07,F,Consumer Discretionary,10.51,10.64,10.43,10.63,30046598,USD
2018-03-08,F,Consumer Discretionary,10.65,10.68,10.48,10.61,26947958,USD
2018-03-09,F,Consumer Discretionary,10.63,10.73,10.57,10.73,26684376,USD
2018-03-12,F,Consumer Discretionary,10.69,10.85,10.68,10.81,33800920,USD
2018-03-13,F,Consumer Discretionary,10.84,10.98,10.73,10.78,44456812,USD
2018-03-14,F,Consumer Discretionary,11.25,11.44,11.01,11.02,91985320,USD
2018-03-15,F,Consumer Discretionary,11.05,11.25,10.95,11.07,47645276,USD
2018-03-16,F,Consumer Discretionary,11.12,11.22,11.06,11.15,80684224,USD
2018-03-19,F,Consumer Discretionary,11.15,11.17,10.87,11.01,63122536,USD
2018-03-20,F,Consumer Discretionary,11.05,11.13,10.97,10.99,45612812,USD
2018-03-21,F,Consumer Discretionary,11.0,11.19,10.93,11.1,38550956,USD
2018-03-22,F,Consumer Discretionary,11.0,11.06,10.73,10.75,51280904,USD
2018-03-23,F,Consumer Discretionary,10.79,10.85,10.51,10.56,39950868,USD
2018-03-26,F,Consumer Discretionary,10.74,10.87,10.68,10.83,52325512,USD
2018-03-27,F,Consumer Discretionary,10.85,10.92,10.72,10.83,40677320,USD
2018-03-28,F,Consumer Discretionary,10.83,10.95,10.73,10.86,42263664,USD
2018-03-29,F,Consumer Discretionary,10.93,11.13,10.91,11.08,39863960,USD
2018-04-02,F,Consumer Discretionary,11.06,11.09,10.7,10.86,43598096,USD
2018-04-03,F,Consumer Discretionary,11.01,11.18,10.9,11.15,42523916,USD
2018-04-04,F,Consumer Discretionary,10.87,11.36,10.8,11.33,44834640,USD
2018-04-05,F,Consumer Discretionary,11.34,11.38,11.23,11.35,28755606,USD
2018-04-06,F,Consumer Discretionary,11.28,11.35,11.07,11.18,31920686,USD
2018-04-09,F,Consumer Discretionary,11.25,11.38,11.2,11.25,36462656,USD
2018-04-10,F,Consumer Discretionary,11.44,11.55,11.41,11.45,44005016,USD
2018-04-11,F,Consumer Discretionary,11.38,11.49,11.3,11.43,32979038,USD
2018-04-12,F,Consumer Discretionary,11.5,11.54,11.25,11.31,47133732,USD
2018-04-13,F,Consumer Discretionary,11.35,11.39,11.23,11.28,34598784,USD
2018-04-16,F,Consumer Discretionary,11.36,11.45,11.27,11.38,32803268,USD
2018-04-17,F,Consumer Discretionary,11.43,11.45,11.3,11.38,30906804,USD
2018-04-18,F,Consumer Discretionary,11.38,11.48,11.3,11.33,46226080,USD
2018-04-19,F,Consumer Discretionary,11.18,11.25,10.85,10.96,49154172,USD
2018-04-20,F,Consumer Discretionary,11.01,11.03,10.78,10.82,44930028,USD
2018-04-23,F,Consumer Discretionary,10.84,11.04,10.83,11.04,31936522,USD
2018-04-24,F,Consumer Discretionary,11.05,11.17,10.93,10.96,39624984,USD
2018-04-25,F,Consumer Discretionary,10.96,11.16,10.87,11.11,40356076,USD
2018-04-26,F,Consumer Discretionary,11.42,11.53,11.29,11.43,80676752,USD
2018-04-27,F,Consumer Discretionary,11.4,11.56,11.38,11.49,33375944,USD
2018-04-30,F,Consumer Discretionary,11.53,11.72,11.22,11.24,66090896,USD
2018-05-01,F,Consumer Discretionary,11.25,11.35,11.1,11.26,61430448,USD
2018-05-02,F,Consumer Discretionary,11.26,11.27,11.12,11.21,41899468,USD
2018-05-03,F,Consumer Discretionary,11.17,11.21,10.97,11.2,38907404,USD
2018-05-04,F,Consumer Discretionary,11.16,11.41,11.09,11.36,32043468,USD
2018-05-07,F,Consumer Discretionary,11.36,11.44,11.31,11.34,27510280,USD
2018-05-08,F,Consumer Discretionary,11.32,11.37,11.23,11.27,25754108,USD
2018-05-09,F,Consumer Discretionary,11.21,11.28,11.02,11.06,43731960,USD
2018-05-10,F,Consumer Discretionary,11.04,11.25,11.02,11.21,32023836,USD
2018-05-11,F,Consumer Discretionary,11.22,11.24,11.16,11.19,19837676,USD
2018-05-14,F,Consumer Discretionary,11.23,11.29,11.17,11.18,27903120,USD
2018-05-15,F,Consumer Discretionary,11.1,11.25,11.06,11.22,26950114,USD
2018-05-16,F,Consumer Discretionary,11.21,11.4,11.2,11.4,28976692,USD
2018-05-17,F,Consumer Discretionary,11.4,11.48,11.38,11.46,20741088,USD
2018-05-18,F,Consumer Discretionary,11.44,11.47,11.3,11.33,23893732,USD
2018-05-21,F,Consumer Discretionary,11.42,11.55,11.39,11.51,31011916,USD
2018-05-22,F,Consumer Discretionary,11.58,11.63,11.51,11.52,22360884,USD
2018-05-23,F,Consumer Discretionary,11.5,11.55,11.33,11.44,23595004,USD
2018-05-24,F,Consumer Discretionary,11.45,11.65,11.44,11.62,34876336,USD
2018-05-25,F,Consumer Discretionary,11.56,11.61,11.47,11.51,19337470,USD
2018-05-29,F,Consumer Discretionary,11.6,11.62,11.36,11.44,31324274,USD
2018-05-30,F,Consumer Discretionary,11.53,11.61,11.47,11.55,25554592,USD
2018-05-31,F,Consumer Discretionary,11.65,11.73,11.36,11.55,61563248,USD
2018-06-01,F,Consumer Discretionary,11.67,11.77,11.61,11.71,35406188,USD
2018-06-04,F,Consumer Discretionary,11.74,11.79,11.69,11.74,25141346,USD
2018-06-05,F,Consumer Discretionary,11.74,11.87,11.68,11.83,31036704,USD
2018-06-06,F,Consumer Discretionary,11.87,12.0,11.82,11.97,31110458,USD
2018-06-07,F,Consumer Discretionary,11.97,12.15,11.96,12.03,47314072,USD
2018-06-08,F,Consumer Discretionary,12.04,12.12,12.0,12.1,28371880,USD
2018-06-11,F,Consumer Discretionary,12.1,12.15,12.02,12.03,30398078,USD
2018-06-12,F,Consumer Discretionary,12.07,12.15,12.03,12.11,51395448,USD
2018-06-13,F,Consumer Discretionary,12.1,12.1,11.96,12.02,28406732,USD
2018-06-14,F,Consumer Discretionary,12.0,12.01,11.84,11.89,34523020,USD
2018-06-15,F,Consumer Discretionary,11.84,12.03,11.8,11.88,56326836,USD
2018-06-18,F,Consumer Discretionary,11.82,12.04,11.81,11.99,32706528,USD
2018-06-19,F,Consumer Discretionary,11.82,11.89,11.67,11.89,40064784,USD
2018-06-20,F,Consumer Discretionary,11.97,12.05,11.83,11.87,31964792,USD
2018-06-21,F,Consumer Discretionary,11.8,11.83,11.64,11.71,33316702,USD
2018-06-22,F,Consumer Discretionary,11.75,11.87,11.62,11.65,38207304,USD
2018-06-25,F,Consumer Discretionary,11.63,11.67,11.38,11.5,36101892,USD
2018-06-26,F,Consumer Discretionary,11.56,11.63,11.49,11.52,36627672,USD
2018-06-27,F,Consumer Discretionary,11.54,11.64,11.4,11.42,27241994,USD
2018-06-28,F,Consumer Discretionary,11.37,11.4,11.15,11.28,43836444,USD
2018-06-29,F,Consumer Discretionary,11.32,11.37,11.03,11.07,44718472,USD
2018-07-02,F,Consumer Discretionary,11.02,11.11,10.91,11.1,37892752,USD
2018-07-03,F,Consumer Discretionary,11.1,11.15,10.94,10.99,16544777,USD
2018-07-05,F,Consumer Discretionary,11.1,11.14,11.02,11.05,32008544,USD
2018-07-06,F,Consumer Discretionary,11.04,11.1,10.92,11.06,25671874,USD
2018-07-09,F,Consumer Discretionary,11.1,11.26,11.03,11.2,23916802,USD
2018-07-10,F,Consumer Discretionary,11.2,11.26,11.17,11.25,21231536,USD
2018-07-11,F,Consumer Discretionary,11.15,11.17,11.05,11.07,30030120,USD
2018-07-12,F,Consumer Discretionary,11.1,11.14,11.0,11.05,27025236,USD
2018-07-13,F,Consumer Discretionary,11.02,11.05,10.91,10.98,36567188,USD
2018-07-16,F,Consumer Discretionary,10.95,10.97,10.76,10.85,46156832,USD
2018-07-17,F,Consumer Discretionary,10.8,10.9,10.8,10.86,37584264,USD
2018-07-18,F,Consumer Discretionary,10.85,10.89,10.81,10.87,36420016,USD
2018-07-19,F,Consumer Discretionary,10.89,10.9,10.77,10.82,40308772,USD
2018-07-20,F,Consumer Discretionary,10.68,10.72,10.51,10.56,41673256,USD
2018-07-23,F,Consumer Discretionary,10.56,10.57,10.42,10.47,34941984,USD
2018-07-24,F,Consumer Discretionary,10.51,10.74,10.5,10.57,47302952,USD
2018-07-25,F,Consumer Discretionary,10.32,10.57,10.12,10.52,92610536,USD
2018-07-26,F,Consumer Discretionary,10.14,10.16,9.84,9.89,103893040,USD
2018-07-27,F,Consumer Discretionary,9.96,10.05,9.91,9.93,46178700,USD
2018-07-30,F,Consumer Discretionary,9.96,10.1,9.93,10.07,35877008,USD
2018-07-31,F,Consumer Discretionary,10.11,10.11,10.0,10.04,38026872,USD
2018-08-01,F,Consumer Discretionary,10.06,10.08,9.82,9.9,44126692,USD
2018-08-02,F,Consumer Discretionary,9.9,9.98,9.84,9.92,40318864,USD
2018-08-03,F,Consumer Discretionary,9.93,10.06,9.93,10.04,25925122,USD
2018-08-06,F,Consumer Discretionary,10.0,10.05,9.97,10.03,22247882,USD
2018-08-07,F,Consumer Discretionary,10.04,10.1,10.02,10.08,27961232,USD
2018-08-08,F,Consumer Discretionary,10.05,10.1,10.04,10.05,22601602,USD
2018-08-09,F,Consumer Discretionary,10.06,10.07,9.9,9.91,35682616,USD
2018-08-10,F,Consumer Discretionary,9.91,9.91,9.72,9.74,39180472,USD
2018-08-13,F,Consumer Discretionary,9.74,9.75,9.42,9.46,66586184,USD
2018-08-14,F,Consumer Discretionary,9.51,9.62,9.45,9.5,37657352,USD
2018-08-15,F,Consumer Discretionary,9.46,9.5,9.35,9.45,36298596,USD
2018-08-16,F,Consumer Discretionary,9.5,9.6,9.49,9.51,28857668,USD
2018-08-17,F,Consumer Discretionary,9.53,9.6,9.46,9.55,32742936,USD
2018-08-20,F,Consumer Discretionary,9.56,9.74,9.56,9.72,25252486,USD
2018-08-21,F,Consumer Discretionary,9.77,9.9,9.69,9.86,46413896,USD
2018-08-22,F,Consumer Discretionary,9.79,9.82,9.68,9.69,30803676,USD
2018-08-23,F,Consumer Discretionary,9.67,9.69,9.58,9.63,31511844,USD
2018-08-24,F,Consumer Discretionary,9.65,9.7,9.61,9.68,18380040,USD
2018-08-27,F,Consumer Discretionary,9.75,10.04,9.73,9.99,49769256,USD
2018-08-28,F,Consumer Discretionary,10.08,10.09,9.95,10.01,33845496,USD
2018-08-29,F,Consumer Discretionary,10.01,10.02,9.9,9.97,37336432,USD
2018-08-30,F,Consumer Discretionary,9.87,9.91,9.67,9.7,48539348,USD
2018-08-31,F,Consumer Discretionary,9.64,9.68,9.4,9.48,76424880,USD
2018-09-04,F,Consumer Discretionary,9.53,9.58,9.36,9.47,54111108,USD
2018-09-05,F,Consumer Discretionary,9.47,9.55,9.32,9.49,44561880,USD
2018-09-06,F,Consumer Discretionary,9.48,9.55,9.4,9.43,29519108,USD
2018-09-07,F,Consumer Discretionary,9.41,9.49,9.25,9.27,51229916,USD
2018-09-10,F,Consumer Discretionary,9.31,9.49,9.3,9.38,30421676,USD
2018-09-11,F,Consumer Discretionary,9.35,9.36,9.22,9.31,27158380,USD
2018-09-12,F,Consumer Discretionary,9.31,9.42,9.28,9.34,25450012,USD
2018-09-13,F,Consumer Discretionary,9.38,9.41,9.31,9.37,29315672,USD
2018-09-14,F,Consumer Discretionary,9.38,9.48,9.36,9.45,30013336,USD
2018-09-17,F,Consumer Discretionary,9.44,9.6,9.43,9.55,29544428,USD
2018-09-18,F,Consumer Discretionary,9.54,9.61,9.48,9.58,57055400,USD
2018-09-19,F,Consumer Discretionary,9.61,9.83,9.61,9.78,40111484,USD
2018-09-20,F,Consumer Discretionary,9.83,9.93,9.71,9.81,46314360,USD
2018-09-21,F,Consumer Discretionary,9.84,9.94,9.78,9.85,74488640,USD
2018-09-24,F,Consumer Discretionary,9.78,9.85,9.52,9.59,43170828,USD
2018-09-25,F,Consumer Discretionary,9.53,9.56,9.37,9.39,44406116,USD
2018-09-26,F,Consumer Discretionary,9.38,9.41,9.27,9.27,58597488,USD
2018-09-27,F,Consumer Discretionary,9.3,9.33,9.2,9.23,57272192,USD
2018-09-28,F,Consumer Discretionary,9.22,9.28,9.09,9.25,30987232,USD
2018-10-01,F,Consumer Discretionary,9.43,9.44,9.3,9.32,44864716,USD
2018-10-02,F,Consumer Discretionary,9.27,9.34,9.18,9.2,41806360,USD
2018-10-03,F,Consumer Discretionary,9.27,9.31,9.13,9.13,47023056,USD
2018-10-04,F,Consumer Discretionary,9.13,9.22,9.09,9.15,38889620,USD
2018-10-05,F,Consumer Discretionary,9.15,9.22,9.1,9.12,36952232,USD
2018-10-08,F,Consumer Discretionary,9.1,9.28,9.09,9.26,43657684,USD
2018-10-09,F,Consumer Discretionary,9.23,9.31,8.95,8.95,58356912,USD
2018-10-10,F,Consumer Discretionary,8.95,8.98,8.81,8.82,54104072,USD
2018-10-11,F,Consumer Discretionary,8.82,8.99,8.76,8.81,66170848,USD
2018-10-12,F,Consumer Discretionary,8.95,8.95,8.55,8.64,59308504,USD
2018-10-15,F,Consumer Discretionary,8.67,8.85,8.66,8.81,40183228,USD
2018-10-16,F,Consumer Discretionary,8.87,8.89,8.73,8.8,36771960,USD
2018-10-17,F,Consumer Discretionary,8.8,8.86,8.64,8.76,48795136,USD
2018-10-18,F,Consumer Discretionary,8.74,8.76,8.5,8.51,59669220,USD
2018-10-19,F,Consumer Discretionary,8.32,8.53,8.19,8.5,59831128,USD
2018-10-22,F,Consumer Discretionary,8.38,8.45,8.27,8.41,39803504,USD
2018-10-23,F,Consumer Discretionary,8.3,8.64,8.23,8.59,55443296,USD
2018-10-24,F,Consumer Discretionary,8.5,8.6,8.17,8.18,58895108,USD
2018-10-25,F,Consumer Discretionary,8.52,9.0,8.46,8.99,90399168,USD
2018-10-26,F,Consumer Discretionary,8.96,9.06,8.86,8.98,100639824,USD
2018-10-29,F,Consumer Discretionary,9.36,9.59,9.17,9.28,92275144,USD
2018-10-30,F,Consumer Discretionary,9.31,9.56,9.27,9.46,58061996,USD
2018-10-31,F,Consumer Discretionary,9.62,9.67,9.43,9.55,68507096,USD
2018-11-01,F,Consumer Discretionary,9.54,9.55,9.26,9.29,59794356,USD
2018-11-02,F,Consumer Discretionary,9.36,9.45,9.26,9.38,48499168,USD
2018-11-05,F,Consumer Discretionary,9.38,9.57,9.35,9.53,41274268,USD
2018-11-06,F,Consumer Discretionary,9.46,9.57,9.41,9.54,40928648,USD
2018-11-07,F,Consumer Discretionary,9.6,9.6,9.45,9.6,37347420,USD
2018-11-08,F,Consumer Discretionary,9.58,9.65,9.44,9.46,55810120,USD
2018-11-09,F,Consumer Discretionary,9.38,9.8,9.27,9.38,52203592,USD
2018-11-12,F,Consumer Discretionary,9.38,9.58,9.37,9.49,36317184,USD
2018-11-13,F,Consumer Discretionary,9.53,9.67,9.47,9.54,33097996,USD
2018-11-14,F,Consumer Discretionary,9.63,9.67,9.43,9.54,46677592,USD
2018-11-15,F,Consumer Discretionary,9.5,9.53,9.12,9.31,57170120,USD
2018-11-16,F,Consumer Discretionary,9.28,9.31,8.98,9.05,54582520,USD
2018-11-19,F,Consumer Discretionary,9.02,9.36,8.96,9.25,56292464,USD
2018-11-20,F,Consumer Discretionary,9.1,9.22,9.01,9.06,35160304,USD
2018-11-21,F,Consumer Discretionary,9.05,9.2,8.98,9.11,25882740,USD
2018-11-23,F,Consumer Discretionary,9.07,9.22,9.03,9.13,13520848,USD
2018-11-26,F,Consumer Discretionary,9.23,9.53,9.17,9.4,46304424,USD
2018-11-27,F,Consumer Discretionary,9.37,9.43,9.25,9.28,34283204,USD
2018-11-28,F,Consumer Discretionary,9.27,9.44,9.17,9.41,33199484,USD
2018-11-29,F,Consumer Discretionary,9.37,9.44,9.26,9.37,29207626,USD
2018-11-30,F,Consumer Discretionary,9.37,9.48,9.36,9.41,36269456,USD
2018-12-03,F,Consumer Discretionary,9.71,9.85,9.6,9.6,64643016,USD
2018-12-04,F,Consumer Discretionary,9.55,9.6,9.18,9.18,57930316,USD
2018-12-06,F,Consumer Discretionary,9.12,9.12,8.92,9.02,53963584,USD
2018-12-07,F,Consumer Discretionary,9.02,9.13,8.8,8.82,43534808,USD
2018-12-10,F,Consumer Discretionary,8.83,8.85,8.38,8.52,56499740,USD
2018-12-11,F,Consumer Discretionary,8.72,8.8,8.5,8.54,42294524,USD
2018-12-12,F,Consumer Discretionary,8.64,8.73,8.59,8.64,40602732,USD
2018-12-13,F,Consumer Discretionary,8.67,8.7,8.46,8.5,34200444,USD
2018-12-14,F,Consumer Discretionary,8.52,8.68,8.46,8.52,35613264,USD
2018-12-17,F,Consumer Discretionary,8.48,8.72,8.41,8.5,44469948,USD
2018-12-18,F,Consumer Discretionary,8.55,8.68,8.41,8.47,38262960,USD
2018-12-19,F,Consumer Discretionary,8.46,8.65,8.27,8.32,75272896,USD
2018-12-20,F,Consumer Discretionary,8.33,8.42,8.18,8.26,58926152,USD
2018-12-21,F,Consumer Discretionary,8.22,8.4,8.04,8.05,57542256,USD
2018-12-24,F,Consumer Discretionary,8.01,8.01,7.61,7.63,38709512,USD
2018-12-26,F,Consumer Discretionary,7.73,7.86,7.41,7.85,58809956,USD
2018-12-27,F,Consumer Discretionary,7.82,7.85,7.53,7.85,49812964,USD
2018-12-28,F,Consumer Discretionary,7.83,8.04,7.76,7.81,47331688,USD
2018-12-31,F,Consumer Discretionary,7.85,7.86,7.5,7.65,57816044,USD
2019-01-02,F,Consumer Discretionary,7.53,8.02,7.48,7.9,47494360,USD
2019-01-03,F,Consumer Discretionary,7.97,7.99,7.78,7.78,39172396,USD
2019-01-04,F,Consumer Discretionary,7.91,8.12,7.85,8.08,43039808,USD
2019-01-07,F,Consumer Discretionary,8.11,8.37,8.03,8.29,40729352,USD
2019-01-08,F,Consumer Discretionary,8.42,8.54,8.35,8.37,45643968,USD
2019-01-09,F,Consumer Discretionary,8.45,8.77,8.36,8.72,48404884,USD
2019-01-10,F,Consumer Discretionary,8.71,8.77,8.45,8.67,39490424,USD
2019-01-11,F,Consumer Discretionary,8.77,8.93,8.7,8.82,41559876,USD
2019-01-14,F,Consumer Discretionary,8.8,9.06,8.76,8.99,44833840,USD
2019-01-15,F,Consumer Discretionary,9.02,9.03,8.75,8.84,65311704,USD
2019-01-16,F,Consumer Discretionary,8.68,8.77,8.26,8.29,73869856,USD
2019-01-17,F,Consumer Discretionary,8.27,8.44,8.21,8.36,56722604,USD
2019-01-18,F,Consumer Discretionary,8.39,8.6,8.33,8.58,51127860,USD
2019-01-22,F,Consumer Discretionary,8.54,8.61,8.46,8.5,47182620,USD
2019-01-23,F,Consumer Discretionary,8.54,8.54,8.28,8.34,45196860,USD
2019-01-24,F,Consumer Discretionary,8.32,8.68,8.22,8.6,79516368,USD
2019-01-25,F,Consumer Discretionary,8.74,8.96,8.73,8.86,53130148,USD
2019-01-28,F,Consumer Discretionary,8.8,8.8,8.58,8.66,42116304,USD
2019-01-29,F,Consumer Discretionary,8.71,8.79,8.62,8.76,30485016,USD
2019-01-30,F,Consumer Discretionary,8.66,8.72,8.52,8.71,29906134,USD
2019-01-31,F,Consumer Discretionary,8.62,8.82,8.6,8.8,39389096,USD
2019-02-01,F,Consumer Discretionary,8.77,8.81,8.62,8.72,34124004,USD
2019-02-04,F,Consumer Discretionary,8.7,8.7,8.59,8.7,28855568,USD
2019-02-05,F,Consumer Discretionary,8.68,8.76,8.65,8.75,26166848,USD
2019-02-06,F,Consumer Discretionary,8.79,8.9,8.68,8.72,32644300,USD
2019-02-07,F,Consumer Discretionary,8.62,8.62,8.29,8.31,55161836,USD
2019-02-08,F,Consumer Discretionary,8.29,8.41,8.16,8.39,38650088,USD
2019-02-11,F,Consumer Discretionary,8.41,8.44,8.29,8.33,27403546,USD
2019-02-12,F,Consumer Discretionary,8.38,8.47,8.38,8.46,26235088,USD
2019-02-13,F,Consumer Discretionary,8.45,8.66,8.39,8.41,27182886,USD
2019-02-14,F,Consumer Discretionary,8.38,8.47,8.32,8.42,23569872,USD
2019-02-15,F,Consumer Discretionary,8.49,8.56,8.41,8.54,58080328,USD
2019-02-19,F,Consumer Discretionary,8.53,8.85,8.53,8.83,37929176,USD
2019-02-20,F,Consumer Discretionary,8.83,8.98,8.82,8.94,55316868,USD
2019-02-21,F,Consumer Discretionary,8.94,8.96,8.7,8.71,44730352,USD
2019-02-22,F,Consumer Discretionary,8.73,8.75,8.56,8.71,40947504,USD
2019-02-25,F,Consumer Discretionary,8.77,8.85,8.75,8.76,56615428,USD
2019-02-26,F,Consumer Discretionary,8.75,8.94,8.72,8.88,38348840,USD
2019-02-27,F,Consumer Discretionary,8.83,8.91,8.78,8.78,34093320,USD
2019-02-28,F,Consumer Discretionary,8.77,8.79,8.6,8.77,43960540,USD
2019-03-01,F,Consumer Discretionary,8.85,8.89,8.71,8.79,37699504,USD
2019-03-04,F,Consumer Discretionary,8.83,8.97,8.76,8.81,46196860,USD
2019-03-05,F,Consumer Discretionary,8.8,8.81,8.7,8.77,40852648,USD
2019-03-06,F,Consumer Discretionary,8.75,8.78,8.56,8.58,50378588,USD
2019-03-07,F,Consumer Discretionary,8.56,8.57,8.35,8.48,54285996,USD
2019-03-08,F,Consumer Discretionary,8.4,8.47,8.34,8.42,43766800,USD
2019-03-11,F,Consumer Discretionary,8.46,8.63,8.45,8.61,36875288,USD
2019-03-12,F,Consumer Discretionary,8.65,8.7,8.55,8.57,37805024,USD
2019-03-13,F,Consumer Discretionary,8.59,8.65,8.5,8.53,49018696,USD
2019-03-14,F,Consumer Discretionary,8.52,8.55,8.4,8.41,36307868,USD
2019-03-15,F,Consumer Discretionary,8.42,8.47,8.37,8.43,66555520,USD
2019-03-18,F,Consumer Discretionary,8.45,8.57,8.42,8.57,37198328,USD
2019-03-19,F,Consumer Discretionary,8.61,8.87,8.61,8.7,57293608,USD
2019-03-20,F,Consumer Discretionary,8.67,8.67,8.48,8.51,54539728,USD
2019-03-21,F,Consumer Discretionary,8.5,8.69,8.49,8.69,46843084,USD
2019-03-22,F,Consumer Discretionary,8.63,8.67,8.52,8.54,41963992,USD
2019-03-25,F,Consumer Discretionary,8.56,8.65,8.47,8.51,45849484,USD
2019-03-26,F,Consumer Discretionary,8.54,8.76,8.54,8.76,47852112,USD
2019-03-27,F,Consumer Discretionary,8.75,8.86,8.62,8.62,39895764,USD
2019-03-28,F,Consumer Discretionary,8.65,8.83,8.64,8.77,38914696,USD
2019-03-29,F,Consumer Discretionary,8.8,8.89,8.71,8.78,33962756,USD
2019-04-01,F,Consumer Discretionary,8.86,9.0,8.86,8.98,45653096,USD
2019-04-02,F,Consumer Discretionary,8.95,9.03,8.91,9.01,30699412,USD
2019-04-03,F,Consumer Discretionary,9.07,9.27,9.06,9.13,56663560,USD
2019-04-04,F,Consumer Discretionary,9.21,9.3,9.18,9.24,39483120,USD
2019-04-05,F,Consumer Discretionary,9.17,9.27,9.08,9.25,37854696,USD
2019-04-08,F,Consumer Discretionary,9.18,9.32,9.17,9.3,26221136,USD
2019-04-09,F,Consumer Discretionary,9.27,9.36,9.17,9.21,29879088,USD
2019-04-10,F,Consumer Discretionary,9.23,9.35,9.2,9.33,28469482,USD
2019-04-11,F,Consumer Discretionary,9.35,9.41,9.33,9.39,26488106,USD
2019-04-12,F,Consumer Discretionary,9.47,9.6,9.44,9.45,38646020,USD
2019-04-15,F,Consumer Discretionary,9.48,9.5,9.26,9.33,41206748,USD
2019-04-16,F,Consumer Discretionary,9.32,9.4,9.24,9.36,40949992,USD
2019-04-17,F,Consumer Discretionary,9.4,9.58,9.39,9.5,30688316,USD
2019-04-18,F,Consumer Discretionary,9.52,9.62,9.48,9.55,29843042,USD
2019-04-22,F,Consumer Discretionary,9.58,9.58,9.46,9.5,38718504,USD
2019-04-23,F,Consumer Discretionary,9.36,9.51,9.3,9.5,39493688,USD
2019-04-24,F,Consumer Discretionary,9.45,9.61,9.4,9.57,39796304,USD
2019-04-25,F,Consumer Discretionary,9.52,9.53,9.34,9.4,52596748,USD
2019-04-26,F,Consumer Discretionary,10.03,10.45,9.95,10.41,156136704,USD
2019-04-29,F,Consumer Discretionary,10.36,10.39,10.07,10.32,62500520,USD
2019-04-30,F,Consumer Discretionary,10.29,10.5,10.27,10.45,46079308,USD
2019-05-01,F,Consumer Discretionary,10.48,10.5,10.29,10.3,41805504,USD
2019-05-02,F,Consumer Discretionary,10.3,10.35,10.2,10.34,34508448,USD
2019-05-03,F,Consumer Discretionary,10.37,10.45,10.3,10.41,36291244,USD
2019-05-06,F,Consumer Discretionary,10.12,10.42,10.12,10.37,28640578,USD
2019-05-07,F,Consumer Discretionary,10.33,10.41,10.3,10.38,41154484,USD
2019-05-08,F,Consumer Discretionary,10.38,10.45,10.31,10.34,33472200,USD
2019-05-09,F,Consumer Discretionary,10.26,10.3,10.07,10.2,43621300,USD
2019-05-10,F,Consumer Discretionary,10.32,10.41,10.2,10.38,37629528,USD
2019-05-13,F,Consumer Discretionary,10.17,10.26,10.04,10.08,51102056,USD
2019-05-14,F,Consumer Discretionary,10.15,10.29,10.13,10.24,31297220,USD
2019-05-15,F,Consumer Discretionary,10.21,10.4,10.04,10.36,44050200,USD
2019-05-16,F,Consumer Discretionary,10.3,10.44,10.3,10.4,32696980,USD
2019-05-17,F,Consumer Discretionary,10.32,10.44,10.24,10.29,34565392,USD
2019-05-20,F,Consumer Discretionary,10.3,10.3,10.2,10.28,29535936,USD
2019-05-21,F,Consumer Discretionary,10.31,10.31,10.15,10.24,30099324,USD
2019-05-22,F,Consumer Discretionary,10.17,10.21,9.93,9.97,51407184,USD
2019-05-23,F,Consumer Discretionary,9.85,9.85,9.67,9.85,43153772,USD
2019-05-24,F,Consumer Discretionary,9.92,9.95,9.8,9.83,22131456,USD
2019-05-28,F,Consumer Discretionary,9.87,9.9,9.77,9.78,27656180,USD
2019-05-29,F,Consumer Discretionary,9.69,9.75,9.55,9.71,32262552,USD
2019-05-30,F,Consumer Discretionary,9.74,9.84,9.68,9.74,24759572,USD
2019-05-31,F,Consumer Discretionary,9.48,9.54,9.32,9.52,48250384,USD
2019-06-03,F,Consumer Discretionary,9.62,9.65,9.46,9.61,39446800,USD
2019-06-04,F,Consumer Discretionary,9.73,9.95,9.72,9.92,37324128,USD
2019-06-05,F,Consumer Discretionary,9.87,9.92,9.65,9.78,42464816,USD
2019-06-06,F,Consumer Discretionary,9.72,9.82,9.66,9.75,28291064,USD
2019-06-07,F,Consumer Discretionary,9.76,9.82,9.7,9.76,18848704,USD
2019-06-10,F,Consumer Discretionary,9.89,10.03,9.76,9.82,33883400,USD
2019-06-11,F,Consumer Discretionary,9.87,9.98,9.79,9.92,26434184,USD
2019-06-12,F,Consumer Discretionary,9.9,9.93,9.84,9.85,21746724,USD
2019-06-13,F,Consumer Discretionary,9.87,10.06,9.8,10.06,25555852,USD
2019-06-14,F,Consumer Discretionary,10.01,10.04,9.94,9.98,21553248,USD
2019-06-17,F,Consumer Discretionary,9.99,10.09,9.94,10.05,19383830,USD
2019-06-18,F,Consumer Discretionary,10.08,10.2,10.05,10.1,32591676,USD
2019-06-19,F,Consumer Discretionary,10.15,10.18,10.03,10.04,29051256,USD
2019-06-20,F,Consumer Discretionary,10.13,10.15,9.95,10.04,32086472,USD
2019-06-21,F,Consumer Discretionary,10.03,10.05,9.91,9.99,47904040,USD
2019-06-24,F,Consumer Discretionary,9.95,10.02,9.93,9.95,28091230,USD
2019-06-25,F,Consumer Discretionary,9.97,9.99,9.83,9.84,28682020,USD
2019-06-26,F,Consumer Discretionary,9.87,9.96,9.82,9.91,33739048,USD
2019-06-27,F,Consumer Discretionary,10.04,10.24,10.0,10.2,42954592,USD
2019-06-28,F,Consumer Discretionary,10.2,10.31,10.2,10.23,37555288,USD
2019-07-01,F,Consumer Discretionary,10.34,10.43,10.07,10.15,38537012,USD
2019-07-02,F,Consumer Discretionary,10.15,10.21,10.04,10.12,29715482,USD
2019-07-03,F,Consumer Discretionary,10.18,10.3,10.13,10.2,19326620,USD
2019-07-05,F,Consumer Discretionary,10.18,10.27,10.09,10.2,21397916,USD
2019-07-08,F,Consumer Discretionary,10.2,10.26,10.18,10.2,23244144,USD
2019-07-09,F,Consumer Discretionary,10.17,10.19,10.1,10.14,25140616,USD
2019-07-10,F,Consumer Discretionary,10.19,10.26,10.11,10.11,29082154,USD
2019-07-11,F,Consumer Discretionary,10.15,10.2,10.11,10.19,27667548,USD
2019-07-12,F,Consumer Discretionary,10.24,10.5,10.24,10.49,40761564,USD
2019-07-15,F,Consumer Discretionary,10.49,10.56,10.34,10.42,33753508,USD
2019-07-16,F,Consumer Discretionary,10.37,10.51,10.29,10.51,29530492,USD
2019-07-17,F,Consumer Discretionary,10.48,10.5,10.31,10.33,25204388,USD
2019-07-18,F,Consumer Discretionary,10.3,10.31,10.18,10.26,25828860,USD
2019-07-19,F,Consumer Discretionary,10.3,10.32,10.2,10.2,38505640,USD
2019-07-22,F,Consumer Discretionary,10.13,10.17,10.0,10.02,36238648,USD
2019-07-23,F,Consumer Discretionary,10.13,10.22,10.06,10.17,74624840,USD
2019-07-24,F,Consumer Discretionary,10.18,10.35,10.14,10.33,61107448,USD
2019-07-25,F,Consumer Discretionary,9.75,9.78,9.4,9.56,133898568,USD
2019-07-26,F,Consumer Discretionary,9.58,9.65,9.51,9.57,47710168,USD
2019-07-29,F,Consumer Discretionary,9.6,9.68,9.52,9.6,36487760,USD
2019-07-30,F,Consumer Discretionary,9.56,9.58,9.48,9.55,36944664,USD
2019-07-31,F,Consumer Discretionary,9.57,9.58,9.4,9.53,56715512,USD
2019-08-01,F,Consumer Discretionary,9.53,9.59,9.28,9.31,58060752,USD
2019-08-02,F,Consumer Discretionary,9.26,9.34,9.21,9.28,41495164,USD
2019-08-05,F,Consumer Discretionary,9.18,9.27,9.06,9.23,47963444,USD
2019-08-06,F,Consumer Discretionary,9.42,9.51,9.36,9.48,51856100,USD
2019-08-07,F,Consumer Discretionary,9.43,9.56,9.32,9.53,43042368,USD
2019-08-08,F,Consumer Discretionary,9.56,9.62,9.51,9.56,25468954,USD
2019-08-09,F,Consumer Discretionary,9.54,9.58,9.39,9.45,38739668,USD
2019-08-12,F,Consumer Discretionary,9.39,9.43,9.28,9.29,23050380,USD
2019-08-13,F,Consumer Discretionary,9.29,9.42,9.18,9.26,28314964,USD
2019-08-14,F,Consumer Discretionary,9.13,9.15,8.96,9.0,45967364,USD
2019-08-15,F,Consumer Discretionary,9.06,9.06,8.78,8.86,40682768,USD
2019-08-16,F,Consumer Discretionary,8.92,9.0,8.81,8.96,27369852,USD
2019-08-19,F,Consumer Discretionary,9.05,9.1,9.02,9.03,21844004,USD
2019-08-20,F,Consumer Discretionary,9.0,9.07,8.93,8.96,25119456,USD
2019-08-21,F,Consumer Discretionary,9.02,9.05,8.97,9.04,20443922,USD
2019-08-22,F,Consumer Discretionary,9.05,9.14,9.02,9.04,20977684,USD
2019-08-23,F,Consumer Discretionary,8.9,8.99,8.73,8.77,44987688,USD
2019-08-26,F,Consumer Discretionary,8.88,8.91,8.79,8.82,31890304,USD
2019-08-27,F,Consumer Discretionary,8.89,8.91,8.75,8.76,23032302,USD
2019-08-28,F,Consumer Discretionary,8.72,9.04,8.7,9.0,35147624,USD
2019-08-29,F,Consumer Discretionary,9.1,9.14,9.03,9.12,22016748,USD
2019-08-30,F,Consumer Discretionary,9.16,9.23,9.1,9.17,32060744,USD
2019-09-03,F,Consumer Discretionary,9.18,9.2,9.04,9.1,26331720,USD
2019-09-04,F,Consumer Discretionary,9.17,9.23,9.07,9.2,27410228,USD
2019-09-05,F,Consumer Discretionary,9.25,9.4,9.25,9.34,36640468,USD
2019-09-06,F,Consumer Discretionary,9.37,9.41,9.2,9.34,29210272,USD
2019-09-09,F,Consumer Discretionary,9.39,9.65,9.39,9.54,48059364,USD
2019-09-10,F,Consumer Discretionary,9.08,9.42,9.04,9.42,70567288,USD
2019-09-11,F,Consumer Discretionary,9.29,9.43,9.29,9.42,34190272,USD
2019-09-12,F,Consumer Discretionary,9.36,9.48,9.32,9.41,35687712,USD
2019-09-13,F,Consumer Discretionary,9.47,9.59,9.44,9.45,27161260,USD
2019-09-16,F,Consumer Discretionary,9.36,9.45,9.24,9.3,50052608,USD
2019-09-17,F,Consumer Discretionary,9.27,9.31,9.18,9.28,27510984,USD
2019-09-18,F,Consumer Discretionary,9.26,9.36,9.22,9.25,24473868,USD
2019-09-19,F,Consumer Discretionary,9.31,9.33,9.1,9.1,29133988,USD
2019-09-20,F,Consumer Discretionary,9.13,9.3,9.11,9.17,38117100,USD
2019-09-23,F,Consumer Discretionary,9.13,9.23,9.08,9.16,23591820,USD
2019-09-24,F,Consumer Discretionary,9.19,9.22,9.05,9.11,33167702,USD
2019-09-25,F,Consumer Discretionary,9.1,9.23,9.09,9.2,20555604,USD
2019-09-26,F,Consumer Discretionary,9.23,9.23,9.07,9.14,26593308,USD
2019-09-27,F,Consumer Discretionary,9.14,9.6,9.06,9.08,32462236,USD
2019-09-30,F,Consumer Discretionary,9.11,9.21,9.1,9.16,22493308,USD
2019-10-01,F,Consumer Discretionary,9.19,9.24,8.87,8.9,39690748,USD
2019-10-02,F,Consumer Discretionary,8.85,8.86,8.44,8.61,68290416,USD
2019-10-03,F,Consumer Discretionary,8.55,8.71,8.45,8.71,41250596,USD
2019-10-04,F,Consumer Discretionary,8.72,8.76,8.66,8.74,28096692,USD
2019-10-07,F,Consumer Discretionary,8.7,8.79,8.61,8.68,29494228,USD
2019-10-08,F,Consumer Discretionary,8.65,8.66,8.5,8.54,31598384,USD
2019-10-09,F,Consumer Discretionary,8.61,8.64,8.56,8.56,16979210,USD
2019-10-10,F,Consumer Discretionary,8.58,8.65,8.52,8.62,28223352,USD
2019-10-11,F,Consumer Discretionary,8.73,8.87,8.73,8.78,34210304,USD
2019-10-14,F,Consumer Discretionary,8.82,8.84,8.76,8.82,25444792,USD
2019-10-15,F,Consumer Discretionary,8.84,9.1,8.78,9.07,31040706,USD
2019-10-16,F,Consumer Discretionary,9.11,9.19,9.06,9.07,27386352,USD
2019-10-17,F,Consumer Discretionary,9.12,9.14,9.03,9.11,28652392,USD
2019-10-18,F,Consumer Discretionary,9.09,9.32,9.09,9.29,42432624,USD
2019-10-21,F,Consumer Discretionary,9.19,9.24,9.01,9.03,33812872,USD
2019-10-22,F,Consumer Discretionary,9.01,9.14,8.96,9.07,35997408,USD
2019-10-23,F,Consumer Discretionary,9.01,9.21,8.97,9.21,46677592,USD
2019-10-24,F,Consumer Discretionary,8.87,8.89,8.55,8.6,121123976,USD
2019-10-25,F,Consumer Discretionary,8.67,8.75,8.62,8.72,51373624,USD
2019-10-28,F,Consumer Discretionary,8.76,8.76,8.58,8.61,39635288,USD
2019-10-29,F,Consumer Discretionary,8.59,8.71,8.59,8.64,36771756,USD
2019-10-30,F,Consumer Discretionary,8.64,8.64,8.52,8.54,28685314,USD
2019-10-31,F,Consumer Discretionary,8.58,8.6,8.5,8.59,29124080,USD
2019-11-01,F,Consumer Discretionary,8.64,8.93,8.64,8.89,55354928,USD
2019-11-04,F,Consumer Discretionary,8.93,9.05,8.93,9.0,46716528,USD
2019-11-05,F,Consumer Discretionary,9.02,9.15,9.0,9.02,37569672,USD
2019-11-06,F,Consumer Discretionary,9.05,9.05,8.89,8.92,39497700,USD
2019-11-07,F,Consumer Discretionary,8.96,9.01,8.88,8.89,32640396,USD
2019-11-08,F,Consumer Discretionary,8.9,9.04,8.82,9.04,29489854,USD
2019-11-11,F,Consumer Discretionary,8.95,9.1,8.94,9.08,24852636,USD
2019-11-12,F,Consumer Discretionary,9.06,9.13,9.04,9.04,28710942,USD
2019-11-13,F,Consumer Discretionary,9.0,9.0,8.8,8.81,34820792,USD
2019-11-14,F,Consumer Discretionary,8.85,8.91,8.78,8.79,26542134,USD
2019-11-15,F,Consumer Discretionary,8.85,8.96,8.85,8.95,26430896,USD
2019-11-18,F,Consumer Discretionary,9.05,9.05,8.89,8.95,38296388,USD
2019-11-19,F,Consumer Discretionary,8.99,9.0,8.87,8.9,31192764,USD
2019-11-20,F,Consumer Discretionary,8.88,8.89,8.68,8.73,38291752,USD
2019-11-21,F,Consumer Discretionary,8.77,8.79,8.67,8.71,33161372,USD
2019-11-22,F,Consumer Discretionary,8.8,8.9,8.77,8.89,34966744,USD
2019-11-25,F,Consumer Discretionary,8.9,9.01,8.87,9.0,30617388,USD
2019-11-26,F,Consumer Discretionary,8.98,9.02,8.91,9.01,30106840,USD
2019-11-27,F,Consumer Discretionary,9.03,9.15,9.02,9.1,37424080,USD
2019-11-29,F,Consumer Discretionary,9.04,9.1,9.03,9.06,13096150,USD
2019-12-02,F,Consumer Discretionary,9.08,9.14,9.0,9.01,37270512,USD
2019-12-03,F,Consumer Discretionary,8.95,8.95,8.8,8.89,41121656,USD
2019-12-04,F,Consumer Discretionary,8.95,9.03,8.94,8.95,29994672,USD
2019-12-05,F,Consumer Discretionary,8.97,9.0,8.88,8.93,25770716,USD
2019-12-06,F,Consumer Discretionary,8.96,9.07,8.95,9.02,31111724,USD
2019-12-09,F,Consumer Discretionary,8.97,9.07,8.96,9.01,21898172,USD
2019-12-10,F,Consumer Discretionary,9.02,9.1,8.96,9.07,34233140,USD
2019-12-11,F,Consumer Discretionary,9.06,9.14,9.05,9.11,33205336,USD
2019-12-12,F,Consumer Discretionary,9.11,9.36,9.11,9.32,48398724,USD
2019-12-13,F,Consumer Discretionary,9.32,9.39,9.19,9.23,35334492,USD
2019-12-16,F,Consumer Discretionary,9.24,9.39,9.22,9.39,42339948,USD
2019-12-17,F,Consumer Discretionary,9.38,9.41,9.31,9.39,35516664,USD
2019-12-18,F,Consumer Discretionary,9.39,9.57,9.36,9.54,45929400,USD
2019-12-19,F,Consumer Discretionary,9.55,9.57,9.38,9.41,42237372,USD
2019-12-20,F,Consumer Discretionary,9.5,9.54,9.44,9.48,50199268,USD
2019-12-23,F,Consumer Discretionary,9.5,9.57,9.4,9.44,54795992,USD
2019-12-24,F,Consumer Discretionary,9.44,9.49,9.43,9.47,11881604,USD
2019-12-26,F,Consumer Discretionary,9.47,9.49,9.43,9.45,28982312,USD
2019-12-27,F,Consumer Discretionary,9.45,9.46,9.35,9.36,28273604,USD
2019-12-30,F,Consumer Discretionary,9.34,9.35,9.23,9.25,36085416,USD
2019-12-31,F,Consumer Discretionary,9.25,9.33,9.24,9.3,32345376,USD
2020-01-02,F,Consumer Discretionary,9.29,9.42,9.19,9.42,43432240,USD
2020-01-03,F,Consumer Discretionary,9.31,9.37,9.15,9.21,45059916,USD
2020-01-06,F,Consumer Discretionary,9.1,9.17,9.06,9.16,43380676,USD
2020-01-07,F,Consumer Discretionary,9.2,9.25,9.12,9.25,45334552,USD
2020-01-08,F,Consumer Discretionary,9.23,9.3,9.17,9.25,46003048,USD
2020-01-09,F,Consumer Discretionary,9.3,9.31,9.18,9.26,51905116,USD
2020-01-10,F,Consumer Discretionary,9.27,9.36,9.25,9.25,39819244,USD
2020-01-13,F,Consumer Discretionary,9.25,9.26,9.11,9.24,48562152,USD
2020-01-14,F,Consumer Discretionary,9.22,9.33,9.21,9.29,42936052,USD
2020-01-15,F,Consumer Discretionary,9.27,9.3,9.18,9.19,55923868,USD
2020-01-16,F,Consumer Discretionary,9.23,9.28,9.15,9.17,44310388,USD
2020-01-17,F,Consumer Discretionary,9.19,9.23,9.13,9.16,41644872,USD
2020-01-21,F,Consumer Discretionary,9.15,9.22,9.1,9.21,49556424,USD
2020-01-22,F,Consumer Discretionary,9.22,9.25,9.15,9.16,39914760,USD
2020-01-23,F,Consumer Discretionary,9.14,9.16,8.93,9.14,75848672,USD
2020-01-24,F,Consumer Discretionary,9.11,9.12,8.96,9.0,68100952,USD
2020-01-27,F,Consumer Discretionary,8.88,8.96,8.78,8.89,60769336,USD
2020-01-28,F,Consumer Discretionary,8.94,9.0,8.86,8.97,85163408,USD
2020-01-29,F,Consumer Discretionary,8.85,8.96,8.84,8.86,59070708,USD
2020-01-30,F,Consumer Discretionary,8.81,8.84,8.73,8.84,42827800,USD
2020-01-31,F,Consumer Discretionary,8.78,8.84,8.74,8.82,59813732,USD
2020-02-03,F,Consumer Discretionary,8.85,9.14,8.85,8.98,71432656,USD
2020-02-04,F,Consumer Discretionary,9.08,9.24,9.07,9.18,86196416,USD
2020-02-05,F,Consumer Discretionary,8.41,8.48,8.26,8.31,145792528,USD
2020-02-06,F,Consumer Discretionary,8.37,8.38,8.25,8.25,68823368,USD
2020-02-07,F,Consumer Discretionary,8.21,8.21,8.02,8.11,98256480,USD
2020-02-10,F,Consumer Discretionary,8.15,8.15,8.05,8.06,71834904,USD
2020-02-11,F,Consumer Discretionary,8.1,8.15,8.08,8.1,80164528,USD
2020-02-12,F,Consumer Discretionary,8.14,8.33,8.13,8.24,111536752,USD
2020-02-13,F,Consumer Discretionary,8.21,8.36,8.21,8.25,67648840,USD
2020-02-14,F,Consumer Discretionary,8.27,8.27,8.08,8.1,46359668,USD
2020-02-18,F,Consumer Discretionary,8.12,8.15,8.02,8.06,65207480,USD
2020-02-19,F,Consumer Discretionary,8.06,8.1,8.0,8.0,69668176,USD
2020-02-20,F,Consumer Discretionary,8.0,8.07,7.99,8.03,52318244,USD
2020-02-21,F,Consumer Discretionary,8.02,8.03,7.89,7.89,58326328,USD
2020-02-24,F,Consumer Discretionary,7.7,7.72,7.55,7.57,110048160,USD
2020-02-25,F,Consumer Discretionary,7.68,7.68,7.22,7.23,108888296,USD
2020-02-26,F,Consumer Discretionary,7.3,7.46,7.21,7.21,92524840,USD
2020-02-27,F,Consumer Discretionary,7.13,7.28,6.92,6.97,118642392,USD
2020-02-28,F,Consumer Discretionary,6.84,6.96,6.67,6.96,116546728,USD
2020-03-02,F,Consumer Discretionary,7.11,7.23,6.88,7.2,96766032,USD
2020-03-03,F,Consumer Discretionary,7.29,7.34,6.89,6.97,97457776,USD
2020-03-04,F,Consumer Discretionary,7.09,7.09,6.92,7.08,70588064,USD
2020-03-05,F,Consumer Discretionary,6.96,6.97,6.71,6.74,78070888,USD
2020-03-06,F,Consumer Discretionary,6.6,6.68,6.4,6.49,109932192,USD
2020-03-09,F,Consumer Discretionary,5.97,6.14,5.87,5.9,103901656,USD
2020-03-10,F,Consumer Discretionary,6.26,6.29,5.8,6.26,101873632,USD
2020-03-11,F,Consumer Discretionary,6.06,6.11,5.88,5.9,98639096,USD
2020-03-12,F,Consumer Discretionary,5.38,5.69,5.2,5.35,89453104,USD
2020-03-13,F,Consumer Discretionary,5.87,5.9,5.12,5.63,125375288,USD
2020-03-16,F,Consumer Discretionary,5.04,5.22,5.0,5.01,110310936,USD
2020-03-17,F,Consumer Discretionary,5.08,5.14,4.7,5.01,104233464,USD
2020-03-18,F,Consumer Discretionary,4.76,4.79,4.1,4.5,125954744,USD
2020-03-19,F,Consumer Discretionary,4.34,4.58,4.12,4.47,126603768,USD
2020-03-20,F,Consumer Discretionary,4.54,4.75,4.25,4.33,129378584,USD
2020-03-23,F,Consumer Discretionary,4.27,4.52,3.96,4.01,134925024,USD
2020-03-24,F,Consumer Discretionary,4.5,4.99,4.27,4.95,146192144,USD
2020-03-25,F,Consumer Discretionary,5.75,5.87,5.12,5.39,198999440,USD
2020-03-26,F,Consumer Discretionary,5.37,5.61,5.17,5.25,138298000,USD
2020-03-27,F,Consumer Discretionary,5.0,5.3,4.92,5.19,106324032,USD
2020-03-30,F,Consumer Discretionary,5.11,5.12,4.93,5.03,97879664,USD
2020-03-31,F,Consumer Discretionary,5.03,5.19,4.75,4.83,231800752,USD
2020-04-01,F,Consumer Discretionary,4.63,4.77,4.36,4.4,119174504,USD
2020-04-02,F,Consumer Discretionary,4.39,4.57,4.25,4.36,90891688,USD
2020-04-03,F,Consumer Discretionary,4.4,4.42,4.17,4.24,85659864,USD
2020-04-06,F,Consumer Discretionary,4.54,4.67,4.41,4.53,102205320,USD
2020-04-07,F,Consumer Discretionary,4.85,5.03,4.63,4.71,115150448,USD
2020-04-08,F,Consumer Discretionary,4.86,5.09,4.8,5.03,117022192,USD
2020-04-09,F,Consumer Discretionary,5.51,5.75,5.24,5.37,175833664,USD
2020-04-13,F,Consumer Discretionary,5.43,5.43,5.02,5.16,99320000,USD
2020-04-14,F,Consumer Discretionary,5.27,5.44,5.16,5.29,74877032,USD
2020-04-15,F,Consumer Discretionary,5.06,5.14,4.95,5.03,74727744,USD
2020-04-16,F,Consumer Discretionary,5.06,5.07,4.89,4.94,58951212,USD
2020-04-17,F,Consumer Discretionary,5.17,5.28,5.03,5.12,91989320,USD
2020-04-20,F,Consumer Discretionary,5.01,5.09,4.91,4.98,71079440,USD
2020-04-21,F,Consumer Discretionary,4.89,4.92,4.72,4.77,82400208,USD
2020-04-22,F,Consumer Discretionary,4.87,4.89,4.75,4.77,62398608,USD
2020-04-23,F,Consumer Discretionary,4.8,4.98,4.77,4.89,61959760,USD
2020-04-24,F,Consumer Discretionary,4.93,4.96,4.8,4.87,54352480,USD
2020-04-27,F,Consumer Discretionary,4.91,5.19,4.88,5.17,91082848,USD
2020-04-28,F,Consumer Discretionary,5.49,5.54,5.22,5.38,106222816,USD
2020-04-29,F,Consumer Discretionary,5.33,5.5,5.21,5.26,126393016,USD
2020-04-30,F,Consumer Discretionary,5.16,5.24,5.06,5.09,93437944,USD
2020-05-01,F,Consumer Discretionary,5.02,5.05,4.9,4.92,82660056,USD
2020-05-04,F,Consumer Discretionary,4.88,4.97,4.77,4.86,84214744,USD
2020-05-05,F,Consumer Discretionary,4.99,5.09,4.94,4.97,96301288,USD
2020-05-06,F,Consumer Discretionary,5.05,5.09,4.82,4.87,89390416,USD
2020-05-07,F,Consumer Discretionary,4.9,4.98,4.85,4.87,67222936,USD
2020-05-08,F,Consumer Discretionary,4.96,5.25,4.95,5.24,101333784,USD
2020-05-11,F,Consumer Discretionary,5.18,5.19,5.05,5.12,75734000,USD
2020-05-12,F,Consumer Discretionary,5.15,5.22,4.97,4.98,70965192,USD
2020-05-13,F,Consumer Discretionary,5.0,5.0,4.66,4.72,100192288,USD
2020-05-14,F,Consumer Discretionary,4.62,4.92,4.53,4.89,108061112,USD
2020-05-15,F,Consumer Discretionary,4.79,4.94,4.76,4.9,80544648,USD
2020-05-18,F,Consumer Discretionary,5.13,5.33,5.13,5.31,136241424,USD
2020-05-19,F,Consumer Discretionary,5.27,5.45,5.15,5.3,94836280,USD
2020-05-20,F,Consumer Discretionary,5.39,5.54,5.37,5.49,87685368,USD
2020-05-21,F,Consumer Discretionary,5.46,5.69,5.45,5.63,87098216,USD
2020-05-22,F,Consumer Discretionary,5.68,5.73,5.5,5.65,76656464,USD
2020-05-26,F,Consumer Discretionary,5.92,5.99,5.82,5.84,86046304,USD
2020-05-27,F,Consumer Discretionary,6.05,6.08,5.85,6.03,110413880,USD
2020-05-28,F,Consumer Discretionary,6.05,6.05,5.82,5.85,77126184,USD
2020-05-29,F,Consumer Discretionary,5.75,5.8,5.57,5.71,93039224,USD
2020-06-01,F,Consumer Discretionary,5.74,5.88,5.67,5.87,61938824,USD
2020-06-02,F,Consumer Discretionary,5.96,6.0,5.83,5.9,80046000,USD
2020-06-03,F,Consumer Discretionary,5.99,6.26,5.92,6.19,98876584,USD
2020-06-04,F,Consumer Discretionary,6.18,6.57,6.13,6.57,115798592,USD
2020-06-05,F,Consumer Discretionary,7.24,7.5,7.02,7.34,208648160,USD
2020-06-08,F,Consumer Discretionary,7.58,7.74,7.37,7.53,113169296,USD
2020-06-09,F,Consumer Discretionary,7.12,7.44,7.07,7.24,115749608,USD
2020-06-10,F,Consumer Discretionary,7.33,7.33,6.78,6.81,147327056,USD
2020-06-11,F,Consumer Discretionary,6.06,6.46,6.05,6.13,116184728,USD
2020-06-12,F,Consumer Discretionary,6.56,6.63,6.3,6.46,88778000,USD
2020-06-15,F,Consumer Discretionary,6.12,6.58,6.11,6.5,104742592,USD
2020-06-16,F,Consumer Discretionary,6.84,6.84,6.45,6.55,109535184,USD
2020-06-17,F,Consumer Discretionary,6.5,6.52,6.31,6.33,67831352,USD
2020-06-18,F,Consumer Discretionary,6.25,6.45,6.19,6.33,61301776,USD
2020-06-19,F,Consumer Discretionary,6.65,6.68,6.23,6.23,126127800,USD
2020-06-22,F,Consumer Discretionary,6.23,6.28,6.13,6.28,71724256,USD
2020-06-23,F,Consumer Discretionary,6.35,6.37,6.14,6.15,86672824,USD
2020-06-24,F,Consumer Discretionary,6.05,6.12,5.87,5.95,75536272,USD
2020-06-25,F,Consumer Discretionary,5.84,6.05,5.8,6.03,73612736,USD
2020-06-26,F,Consumer Discretionary,6.04,6.07,5.81,5.91,118435384,USD
2020-06-29,F,Consumer Discretionary,5.91,6.07,5.82,6.01,58208432,USD
2020-06-30,F,Consumer Discretionary,5.97,6.1,5.91,6.08,61909300,USD
2020-07-01,F,Consumer Discretionary,6.1,6.18,5.95,5.98,62455000,USD
2020-07-02,F,Consumer Discretionary,6.1,6.17,6.0,6.05,67271000,USD
2020-07-06,F,Consumer Discretionary,6.16,6.2,6.11,6.19,63921784,USD
2020-07-07,F,Consumer Discretionary,6.14,6.2,6.09,6.12,56652000,USD
2020-07-08,F,Consumer Discretionary,6.13,6.18,6.05,6.09,60928648,USD
2020-07-09,F,Consumer Discretionary,6.07,6.08,5.82,5.84,82693008,USD
2020-07-10,F,Consumer Discretionary,5.8,6.1,5.74,6.1,73711000,USD
2020-07-13,F,Consumer Discretionary,6.15,6.22,6.06,6.06,80190672,USD
2020-07-14,F,Consumer Discretionary,6.16,6.38,6.09,6.36,106131848,USD
2020-07-15,F,Consumer Discretionary,6.53,6.77,6.53,6.74,101648720,USD
2020-07-16,F,Consumer Discretionary,6.65,6.9,6.63,6.86,93498512,USD
2020-07-17,F,Consumer Discretionary,6.9,6.91,6.73,6.8,80853000,USD
2020-07-20,F,Consumer Discretionary,6.8,6.85,6.58,6.66,71362000,USD
2020-07-21,F,Consumer Discretionary,6.7,6.81,6.64,6.68,63343848,USD
2020-07-22,F,Consumer Discretionary,6.63,6.87,6.61,6.84,75629568,USD
2020-07-23,F,Consumer Discretionary,6.88,7.06,6.8,6.98,88652584,USD
2020-07-24,F,Consumer Discretionary,6.9,7.01,6.86,6.88,62292000,USD
2020-07-27,F,Consumer Discretionary,6.89,6.94,6.78,6.93,60370152,USD
2020-07-28,F,Consumer Discretionary,6.9,7.05,6.9,7.01,56312512,USD
2020-07-29,F,Consumer Discretionary,7.05,7.06,6.83,6.92,59437000,USD
2020-07-30,F,Consumer Discretionary,6.68,6.82,6.68,6.74,58990992,USD
2020-07-31,F,Consumer Discretionary,6.89,6.9,6.52,6.61,115394000,USD
2020-08-03,F,Consumer Discretionary,6.64,6.72,6.53,6.69,53845888,USD
2020-08-04,F,Consumer Discretionary,6.9,6.91,6.74,6.86,69377568,USD
2020-08-05,F,Consumer Discretionary,6.87,7.02,6.87,6.96,82716368,USD
2020-08-06,F,Consumer Discretionary,6.92,7.0,6.89,6.93,48668520,USD
2020-08-07,F,Consumer Discretionary,6.87,6.92,6.79,6.86,47480000,USD
2020-08-10,F,Consumer Discretionary,6.91,7.13,6.91,7.09,57229040,USD
2020-08-11,F,Consumer Discretionary,7.22,7.37,7.2,7.23,74016360,USD
2020-08-12,F,Consumer Discretionary,7.35,7.36,7.06,7.11,59194124,USD
2020-08-13,F,Consumer Discretionary,7.02,7.18,7.0,7.03,50066760,USD
2020-08-14,F,Consumer Discretionary,6.97,7.11,6.93,7.04,43518000,USD
2020-08-17,F,Consumer Discretionary,7.06,7.06,6.87,6.98,64555152,USD
2020-08-18,F,Consumer Discretionary,6.98,7.01,6.89,6.89,40444196,USD
2020-08-19,F,Consumer Discretionary,6.89,7.02,6.86,6.87,44158124,USD
2020-08-20,F,Consumer Discretionary,6.76,6.88,6.73,6.84,41824524,USD
2020-08-21,F,Consumer Discretionary,6.78,6.85,6.65,6.66,39159000,USD
2020-08-24,F,Consumer Discretionary,6.72,7.0,6.69,6.98,64974708,USD
2020-08-25,F,Consumer Discretionary,7.0,7.1,6.86,6.94,49549976,USD
2020-08-26,F,Consumer Discretionary,6.95,6.97,6.78,6.82,48600096,USD
2020-08-27,F,Consumer Discretionary,6.83,6.98,6.83,6.91,45740872,USD
2020-08-28,F,Consumer Discretionary,6.93,6.95,6.86,6.94,39937000,USD
2020-08-31,F,Consumer Discretionary,6.91,6.93,6.79,6.82,50089520,USD
2020-09-01,F,Consumer Discretionary,6.77,6.87,6.72,6.83,47846000,USD
2020-09-02,F,Consumer Discretionary,6.81,6.97,6.77,6.95,59008944,USD
2020-09-03,F,Consumer Discretionary,6.94,7.09,6.76,6.82,78130880,USD
2020-09-04,F,Consumer Discretionary,6.86,6.95,6.75,6.9,70018000,USD
2020-09-08,F,Consumer Discretionary,6.84,7.16,6.82,7.03,84749272,USD
2020-09-09,F,Consumer Discretionary,7.09,7.1,6.93,6.97,56501432,USD
2020-09-10,F,Consumer Discretionary,6.99,7.03,6.88,6.91,69228600,USD
2020-09-11,F,Consumer Discretionary,6.94,7.0,6.85,7.0,55081000,USD
2020-09-14,F,Consumer Discretionary,7.02,7.18,6.98,7.12,58704316,USD
2020-09-15,F,Consumer Discretionary,7.15,7.18,7.0,7.04,65198496,USD
2020-09-16,F,Consumer Discretionary,7.05,7.12,6.99,7.02,46269824,USD
2020-09-17,F,Consumer Discretionary,7.01,7.34,6.98,7.28,84850144,USD
2020-09-18,F,Consumer Discretionary,7.31,7.4,7.22,7.23,71929000,USD
2020-09-21,F,Consumer Discretionary,7.06,7.06,6.81,6.87,72850264,USD
2020-09-22,F,Consumer Discretionary,6.88,6.99,6.77,6.78,55865536,USD
2020-09-23,F,Consumer Discretionary,6.82,6.92,6.63,6.64,52588560,USD
2020-09-24,F,Consumer Discretionary,6.59,6.76,6.42,6.66,59822912,USD
2020-09-25,F,Consumer Discretionary,6.61,6.71,6.5,6.51,53762000,USD
2020-09-28,F,Consumer Discretionary,6.61,6.76,6.58,6.69,47582632,USD
2020-09-29,F,Consumer Discretionary,6.67,6.69,6.54,6.6,39014264,USD
2020-09-30,F,Consumer Discretionary,6.63,6.75,6.59,6.66,55944608,USD
2020-10-01,F,Consumer Discretionary,6.7,6.77,6.63,6.75,58340608,USD
2020-10-02,F,Consumer Discretionary,6.62,6.93,6.6,6.89,60798000,USD
2020-10-05,F,Consumer Discretionary,6.95,7.05,6.95,7.02,42359000,USD
2020-10-06,F,Consumer Discretionary,7.07,7.25,6.97,6.98,78203808,USD
2020-10-07,F,Consumer Discretionary,7.1,7.25,7.06,7.23,50664144,USD
2020-10-08,F,Consumer Discretionary,7.25,7.35,7.2,7.35,54513312,USD
2020-10-09,F,Consumer Discretionary,7.36,7.44,7.23,7.25,50978000,USD
2020-10-12,F,Consumer Discretionary,7.37,7.86,7.34,7.67,97692928,USD
2020-10-13,F,Consumer Discretionary,7.81,7.88,7.65,7.76,74562568,USD
2020-10-14,F,Consumer Discretionary,7.75,7.75,7.55,7.57,57808896,USD
2020-10-15,F,Consumer Discretionary,7.39,7.62,7.39,7.62,49336160,USD
2020-10-16,F,Consumer Discretionary,7.71,7.75,7.61,7.67,47509000,USD
2020-10-19,F,Consumer Discretionary,7.68,7.71,7.57,7.59,38960740,USD
2020-10-20,F,Consumer Discretionary,7.63,7.85,7.58,7.74,63447004,USD
2020-10-21,F,Consumer Discretionary,7.76,7.88,7.73,7.85,51981072,USD
2020-10-22,F,Consumer Discretionary,7.9,8.22,7.89,8.21,74008464,USD
2020-10-23,F,Consumer Discretionary,8.3,8.35,8.09,8.16,62249000,USD
2020-10-26,F,Consumer Discretionary,8.04,8.07,7.95,8.03,62130952,USD
2020-10-27,F,Consumer Discretionary,8.02,8.08,7.91,7.92,64154484,USD
2020-10-28,F,Consumer Discretionary,7.66,7.87,7.63,7.7,82938280,USD
2020-10-29,F,Consumer Discretionary,8.17,8.24,7.85,7.9,119000000,USD
2020-10-30,F,Consumer Discretionary,7.85,7.91,7.61,7.73,79392000,USD
2020-11-02,F,Consumer Discretionary,7.81,7.86,7.68,7.71,59962912,USD
2020-11-03,F,Consumer Discretionary,7.79,7.93,7.73,7.88,65108840,USD
2020-11-04,F,Consumer Discretionary,7.86,7.86,7.63,7.64,67326840,USD
2020-11-05,F,Consumer Discretionary,7.76,7.99,7.71,7.99,61442608,USD
2020-11-06,F,Consumer Discretionary,8.01,8.02,7.75,7.79,50912000,USD
2020-11-09,F,Consumer Discretionary,8.12,8.38,8.09,8.2,110511312,USD
2020-11-10,F,Consumer Discretionary,8.24,8.59,8.18,8.38,87468360,USD
2020-11-11,F,Consumer Discretionary,8.56,8.59,8.3,8.33,75644424,USD
2020-11-12,F,Consumer Discretionary,8.24,8.29,8.1,8.21,82319824,USD
2020-11-13,F,Consumer Discretionary,8.23,8.57,8.23,8.54,79534000,USD
2020-11-16,F,Consumer Discretionary,8.75,8.84,8.61,8.8,84853864,USD
2020-11-17,F,Consumer Discretionary,8.66,8.85,8.63,8.75,46754508,USD
2020-11-18,F,Consumer Discretionary,8.82,9.05,8.78,8.82,77507000,USD
2020-11-19,F,Consumer Discretionary,8.88,8.88,8.74,8.82,56085000,USD
2020-11-20,F,Consumer Discretionary,8.81,8.82,8.68,8.74,57024000,USD
2020-11-23,F,Consumer Discretionary,8.82,8.98,8.78,8.86,71537112,USD
2020-11-24,F,Consumer Discretionary,9.15,9.5,9.15,9.45,99520480,USD
2020-11-25,F,Consumer Discretionary,9.18,9.2,9.01,9.08,95217808,USD
2020-11-27,F,Consumer Discretionary,9.12,9.14,9.03,9.09,27854000,USD
2020-11-30,F,Consumer Discretionary,9.2,9.23,8.98,9.08,77970080,USD
2020-12-01,F,Consumer Discretionary,9.16,9.4,9.16,9.24,68742000,USD
2020-12-02,F,Consumer Discretionary,9.13,9.23,9.08,9.2,48344952,USD
2020-12-03,F,Consumer Discretionary,9.26,9.31,9.15,9.21,50302056,USD
2020-12-04,F,Consumer Discretionary,9.26,9.44,9.24,9.34,48776000,USD
2020-12-07,F,Consumer Discretionary,9.32,9.32,9.15,9.22,58305188,USD
2020-12-08,F,Consumer Discretionary,9.19,9.33,9.17,9.25,56296668,USD
2020-12-09,F,Consumer Discretionary,9.31,9.49,9.29,9.45,60780320,USD
2020-12-10,F,Consumer Discretionary,9.27,9.31,9.1,9.12,83372752,USD
2020-12-11,F,Consumer Discretionary,9.19,9.19,9.01,9.02,73438000,USD
2020-12-14,F,Consumer Discretionary,9.13,9.17,8.88,8.91,76826024,USD
2020-12-15,F,Consumer Discretionary,9.04,9.15,8.94,9.15,69665880,USD
2020-12-16,F,Consumer Discretionary,9.17,9.17,8.97,9.04,55274532,USD
2020-12-17,F,Consumer Discretionary,9.09,9.13,9.0,9.08,48962000,USD
2020-12-18,F,Consumer Discretionary,9.09,9.09,8.91,8.95,78765000,USD
2020-12-21,F,Consumer Discretionary,8.87,9.01,8.79,8.93,63908128,USD
2020-12-22,F,Consumer Discretionary,8.98,8.98,8.75,8.79,59157728,USD
2020-12-23,F,Consumer Discretionary,8.81,9.03,8.81,8.99,54086668,USD
2020-12-24,F,Consumer Discretionary,9.01,9.02,8.8,8.86,27927000,USD
2020-12-28,F,Consumer Discretionary,8.92,8.98,8.87,8.89,38068416,USD
2020-12-29,F,Consumer Discretionary,8.92,8.93,8.78,8.82,37537856,USD
2020-12-30,F,Consumer Discretionary,8.83,8.92,8.82,8.86,38461904,USD
2020-12-31,F,Consumer Discretionary,8.84,8.86,8.78,8.79,40177000,USD
