Date,Name,Type,Open,High,Low,Close,Volume,Currency
2019-03-14,FOX,Communication Services,39.5,40.65,39.32,39.96,279685,USD
2019-03-15,FOX,Communication Services,40.55,41.05,40.5,41.02,164177,USD
2019-03-18,FOX,Communication Services,41.73,41.73,40.47,40.86,581717,USD
2019-03-19,FOX,Communication Services,41.4,41.4,39.05,39.55,2540234,USD
2019-03-20,FOX,Communication Services,39.85,39.85,37.46,37.6,5147908,USD
2019-03-21,FOX,Communication Services,38.0,38.91,37.84,38.88,8865546,USD
2019-03-22,FOX,Communication Services,38.76,38.84,36.55,37.46,4902540,USD
2019-03-25,FOX,Communication Services,37.57,37.81,36.35,36.45,4035118,USD
2019-03-26,FOX,Communication Services,36.46,37.35,36.46,36.71,3350854,USD
2019-03-27,FOX,Communication Services,36.75,37.17,36.06,36.2,2871305,USD
2019-03-28,FOX,Communication Services,36.14,36.47,35.55,35.67,2220583,USD
2019-03-29,FOX,Communication Services,35.88,36.17,35.39,35.88,2679171,USD
2019-04-01,FOX,Communication Services,36.17,36.34,35.94,36.15,4338366,USD
2019-04-02,FOX,Communication Services,36.21,36.46,35.21,35.7,1491180,USD
2019-04-03,FOX,Communication Services,35.78,35.89,35.3,35.5,2831551,USD
2019-04-04,FOX,Communication Services,35.56,36.07,35.39,36.03,2223200,USD
2019-04-05,FOX,Communication Services,35.99,37.09,35.94,36.98,2116209,USD
2019-04-08,FOX,Communication Services,36.94,36.94,36.65,36.85,1928972,USD
2019-04-09,FOX,Communication Services,36.81,37.07,36.59,36.89,1793850,USD
2019-04-10,FOX,Communication Services,36.91,37.05,35.86,35.93,843636,USD
2019-04-11,FOX,Communication Services,35.98,36.5,35.53,36.41,978211,USD
2019-04-12,FOX,Communication Services,36.47,37.08,35.92,36.95,3175196,USD
2019-04-15,FOX,Communication Services,36.91,36.99,36.47,36.98,891220,USD
2019-04-16,FOX,Communication Services,37.11,37.28,36.93,37.21,1869325,USD
2019-04-17,FOX,Communication Services,37.18,38.25,37.18,38.21,2122111,USD
2019-04-18,FOX,Communication Services,38.34,38.37,37.92,37.92,2315174,USD
2019-04-22,FOX,Communication Services,37.84,37.88,37.11,37.24,1665002,USD
2019-04-23,FOX,Communication Services,37.22,37.82,37.07,37.6,5455096,USD
2019-04-24,FOX,Communication Services,37.51,37.76,37.33,37.45,1230821,USD
2019-04-25,FOX,Communication Services,37.48,37.68,37.04,37.64,1422924,USD
2019-04-26,FOX,Communication Services,37.8,37.94,37.4,37.91,2505690,USD
2019-04-29,FOX,Communication Services,37.74,38.91,37.69,38.73,1716829,USD
2019-04-30,FOX,Communication Services,38.59,38.78,37.89,38.5,1809965,USD
2019-05-01,FOX,Communication Services,38.66,38.8,38.09,38.74,1474972,USD
2019-05-02,FOX,Communication Services,38.75,38.8,36.5,36.84,2627742,USD
2019-05-03,FOX,Communication Services,36.86,37.26,36.64,37.02,1229683,USD
2019-05-06,FOX,Communication Services,36.72,37.4,36.47,37.31,1534153,USD
2019-05-07,FOX,Communication Services,36.97,37.22,36.58,36.7,1412324,USD
2019-05-08,FOX,Communication Services,36.56,37.08,36.27,36.82,2108681,USD
2019-05-09,FOX,Communication Services,38.08,38.63,36.95,37.97,3458170,USD
2019-05-10,FOX,Communication Services,37.9,38.25,36.98,38.05,1633502,USD
2019-05-13,FOX,Communication Services,37.48,38.15,37.22,37.5,1598369,USD
2019-05-14,FOX,Communication Services,37.54,38.02,37.41,37.48,1663135,USD
2019-05-15,FOX,Communication Services,37.24,37.48,37.13,37.23,873872,USD
2019-05-16,FOX,Communication Services,37.28,37.6,36.28,36.32,2679971,USD
2019-05-17,FOX,Communication Services,36.08,37.07,36.08,36.83,1084397,USD
2019-05-20,FOX,Communication Services,36.54,37.14,36.54,36.68,996354,USD
2019-05-21,FOX,Communication Services,36.82,37.52,36.64,37.18,1272400,USD
2019-05-22,FOX,Communication Services,37.1,37.29,36.62,36.67,830229,USD
2019-05-23,FOX,Communication Services,36.39,36.63,36.18,36.51,1860127,USD
2019-05-24,FOX,Communication Services,36.51,36.76,36.4,36.45,828141,USD
2019-05-28,FOX,Communication Services,36.59,36.95,36.11,36.16,2384643,USD
2019-05-29,FOX,Communication Services,36.0,36.16,35.28,35.3,1437579,USD
2019-05-30,FOX,Communication Services,35.36,35.7,34.69,34.81,1079668,USD
2019-05-31,FOX,Communication Services,34.55,34.81,34.25,34.71,1736450,USD
2019-06-03,FOX,Communication Services,34.61,34.81,33.32,33.78,2219530,USD
2019-06-04,FOX,Communication Services,34.03,34.81,33.75,34.09,2276227,USD
2019-06-05,FOX,Communication Services,34.24,34.57,33.9,34.02,1346948,USD
2019-06-06,FOX,Communication Services,34.01,34.23,33.6,33.74,1209050,USD
2019-06-07,FOX,Communication Services,33.84,34.05,33.66,33.68,925130,USD
2019-06-10,FOX,Communication Services,33.86,34.04,33.56,33.74,1142811,USD
2019-06-11,FOX,Communication Services,33.77,34.04,33.65,33.83,1201832,USD
2019-06-12,FOX,Communication Services,33.81,34.73,33.8,34.7,2240306,USD
2019-06-13,FOX,Communication Services,34.96,35.12,34.6,34.94,1315426,USD
2019-06-14,FOX,Communication Services,34.99,35.16,34.56,34.96,2414743,USD
2019-06-17,FOX,Communication Services,35.18,35.97,35.04,35.8,2287969,USD
2019-06-18,FOX,Communication Services,36.09,36.72,35.71,35.83,2680862,USD
2019-06-19,FOX,Communication Services,35.88,36.08,35.35,35.74,2011514,USD
2019-06-20,FOX,Communication Services,36.15,36.15,35.31,35.35,1879719,USD
2019-06-21,FOX,Communication Services,35.36,37.0,35.04,35.88,4338334,USD
2019-06-24,FOX,Communication Services,35.72,35.79,35.39,35.54,1621068,USD
2019-06-25,FOX,Communication Services,35.45,35.52,34.9,35.19,1853675,USD
2019-06-26,FOX,Communication Services,35.46,35.89,35.16,35.31,2271879,USD
2019-06-27,FOX,Communication Services,35.36,36.12,35.06,35.75,2880867,USD
2019-06-28,FOX,Communication Services,35.89,36.64,35.67,36.53,4921105,USD
2019-07-01,FOX,Communication Services,36.82,36.87,35.72,35.96,2691314,USD
2019-07-02,FOX,Communication Services,35.96,36.57,35.96,36.53,1431153,USD
2019-07-03,FOX,Communication Services,36.7,36.77,36.31,36.35,918880,USD
2019-07-05,FOX,Communication Services,36.28,36.77,36.07,36.56,1190558,USD
2019-07-08,FOX,Communication Services,36.36,36.94,36.05,36.13,910742,USD
2019-07-09,FOX,Communication Services,35.98,36.29,35.79,36.01,1661275,USD
2019-07-10,FOX,Communication Services,36.11,36.41,36.03,36.14,1177618,USD
2019-07-11,FOX,Communication Services,36.13,36.37,35.85,36.31,1206502,USD
2019-07-12,FOX,Communication Services,36.32,37.01,36.32,36.96,1582893,USD
2019-07-15,FOX,Communication Services,37.12,37.21,36.61,37.04,1344926,USD
2019-07-16,FOX,Communication Services,37.08,37.11,36.61,36.69,1613120,USD
2019-07-17,FOX,Communication Services,36.62,36.72,36.09,36.17,1892152,USD
2019-07-18,FOX,Communication Services,36.1,36.76,36.0,36.61,3015699,USD
2019-07-19,FOX,Communication Services,36.71,36.76,36.2,36.45,1934281,USD
2019-07-22,FOX,Communication Services,36.47,36.64,36.28,36.32,1557766,USD
2019-07-23,FOX,Communication Services,36.35,36.75,35.99,36.51,2003214,USD
2019-07-24,FOX,Communication Services,36.46,37.08,36.44,36.89,1233524,USD
2019-07-25,FOX,Communication Services,36.91,37.54,36.9,37.43,1411803,USD
2019-07-26,FOX,Communication Services,37.37,38.03,37.33,37.49,915589,USD
2019-07-29,FOX,Communication Services,37.44,37.84,37.34,37.69,885755,USD
2019-07-30,FOX,Communication Services,37.5,38.06,37.5,37.85,1825475,USD
2019-07-31,FOX,Communication Services,37.7,37.7,36.77,37.2,1831333,USD
2019-08-01,FOX,Communication Services,37.16,37.45,36.69,36.84,1757944,USD
2019-08-02,FOX,Communication Services,36.84,36.85,36.29,36.56,1113369,USD
2019-08-05,FOX,Communication Services,36.28,36.48,35.75,36.0,2043727,USD
2019-08-06,FOX,Communication Services,35.93,36.51,35.85,36.4,1536308,USD
2019-08-07,FOX,Communication Services,36.05,36.93,35.76,36.79,1784859,USD
2019-08-08,FOX,Communication Services,37.34,37.34,34.89,35.0,3361133,USD
2019-08-09,FOX,Communication Services,34.95,35.56,34.88,35.37,1337114,USD
2019-08-12,FOX,Communication Services,35.28,35.28,34.67,34.81,1335099,USD
2019-08-13,FOX,Communication Services,34.67,35.53,34.67,35.0,1716149,USD
2019-08-14,FOX,Communication Services,34.78,34.78,33.37,33.66,1372250,USD
2019-08-15,FOX,Communication Services,33.65,34.03,32.71,32.81,2016945,USD
2019-08-16,FOX,Communication Services,33.09,33.29,32.71,33.01,1410314,USD
2019-08-19,FOX,Communication Services,33.31,33.9,33.3,33.6,1633531,USD
2019-08-20,FOX,Communication Services,33.5,33.82,33.25,33.36,1711158,USD
2019-08-21,FOX,Communication Services,33.47,33.51,32.87,33.15,1408738,USD
2019-08-22,FOX,Communication Services,33.19,33.34,32.73,32.82,1438751,USD
2019-08-23,FOX,Communication Services,32.66,32.72,31.33,31.44,1475591,USD
2019-08-26,FOX,Communication Services,31.67,31.82,31.28,31.71,1508608,USD
2019-08-27,FOX,Communication Services,31.9,32.05,31.61,31.62,1763496,USD
2019-08-28,FOX,Communication Services,31.67,31.94,31.33,31.56,1001986,USD
2019-08-29,FOX,Communication Services,31.78,32.8,31.66,32.45,1727754,USD
2019-08-30,FOX,Communication Services,33.27,33.31,32.47,32.8,1295528,USD
2019-09-03,FOX,Communication Services,32.4,32.73,32.16,32.43,986431,USD
2019-09-04,FOX,Communication Services,32.65,33.26,32.53,33.21,971059,USD
2019-09-05,FOX,Communication Services,33.52,34.03,33.23,33.91,965302,USD
2019-09-06,FOX,Communication Services,33.95,34.35,33.73,33.87,875145,USD
2019-09-09,FOX,Communication Services,33.68,34.02,33.31,33.99,792534,USD
2019-09-10,FOX,Communication Services,33.76,34.42,33.76,34.22,1421815,USD
2019-09-11,FOX,Communication Services,34.1,34.23,33.62,33.97,1073821,USD
2019-09-12,FOX,Communication Services,34.12,34.12,33.59,33.7,1159707,USD
2019-09-13,FOX,Communication Services,33.68,34.08,33.45,33.71,938782,USD
2019-09-16,FOX,Communication Services,33.52,33.66,33.35,33.49,653062,USD
2019-09-17,FOX,Communication Services,33.46,33.46,32.72,32.82,890641,USD
2019-09-18,FOX,Communication Services,32.68,32.84,32.03,32.5,1212803,USD
2019-09-19,FOX,Communication Services,32.57,32.66,31.9,31.97,635227,USD
2019-09-20,FOX,Communication Services,31.89,32.3,31.63,32.08,1598772,USD
2019-09-23,FOX,Communication Services,32.16,32.34,31.88,32.18,855046,USD
2019-09-24,FOX,Communication Services,32.32,32.35,31.4,31.53,1208646,USD
2019-09-25,FOX,Communication Services,31.48,32.17,31.48,32.0,1459454,USD
2019-09-26,FOX,Communication Services,32.06,32.06,31.35,31.47,1318245,USD
2019-09-27,FOX,Communication Services,31.51,31.71,31.13,31.48,870745,USD
2019-09-30,FOX,Communication Services,31.68,31.85,31.34,31.54,712092,USD
2019-10-01,FOX,Communication Services,31.7,32.01,31.13,31.18,880723,USD
2019-10-02,FOX,Communication Services,30.99,31.2,30.26,30.31,1123876,USD
2019-10-03,FOX,Communication Services,30.25,30.43,29.67,30.39,1074102,USD
2019-10-04,FOX,Communication Services,30.5,30.78,30.34,30.48,998978,USD
2019-10-07,FOX,Communication Services,30.51,31.04,30.48,30.49,962561,USD
2019-10-08,FOX,Communication Services,30.21,30.21,29.61,30.04,1234910,USD
2019-10-09,FOX,Communication Services,30.21,30.41,29.94,30.26,1147602,USD
2019-10-10,FOX,Communication Services,30.22,30.53,30.05,30.43,1167354,USD
2019-10-11,FOX,Communication Services,30.65,31.48,30.63,31.16,1571702,USD
2019-10-14,FOX,Communication Services,31.06,31.13,30.75,31.01,1178758,USD
2019-10-15,FOX,Communication Services,31.02,31.51,30.8,31.44,1148910,USD
2019-10-16,FOX,Communication Services,31.35,31.59,31.26,31.59,1160056,USD
2019-10-17,FOX,Communication Services,31.5,31.72,31.15,31.49,2047636,USD
2019-10-18,FOX,Communication Services,31.63,32.07,31.48,31.52,2453810,USD
2019-10-21,FOX,Communication Services,31.71,32.16,31.57,32.09,1636786,USD
2019-10-22,FOX,Communication Services,32.16,32.86,31.93,32.77,1523424,USD
2019-10-23,FOX,Communication Services,32.87,33.01,32.5,32.61,905060,USD
2019-10-24,FOX,Communication Services,32.56,32.73,31.2,31.6,1456268,USD
2019-10-25,FOX,Communication Services,31.62,32.06,31.62,31.7,1282118,USD
2019-10-28,FOX,Communication Services,31.72,32.66,31.72,32.21,2133578,USD
2019-10-29,FOX,Communication Services,32.16,32.21,31.84,32.05,1129562,USD
2019-10-30,FOX,Communication Services,31.98,32.06,31.3,31.36,1198136,USD
2019-10-31,FOX,Communication Services,31.17,31.26,30.94,31.24,1531716,USD
2019-11-01,FOX,Communication Services,31.36,31.96,31.18,31.86,2996985,USD
2019-11-04,FOX,Communication Services,32.04,32.04,31.73,31.9,1476123,USD
2019-11-05,FOX,Communication Services,31.9,32.45,31.9,32.15,2289616,USD
2019-11-06,FOX,Communication Services,32.18,32.46,31.67,32.33,1430337,USD
2019-11-07,FOX,Communication Services,33.15,34.27,32.74,34.25,2731812,USD
2019-11-08,FOX,Communication Services,34.14,34.52,33.91,34.43,1551508,USD
2019-11-11,FOX,Communication Services,34.24,34.33,33.94,34.22,768824,USD
2019-11-12,FOX,Communication Services,34.21,34.37,33.76,33.81,995892,USD
2019-11-13,FOX,Communication Services,33.63,33.96,33.47,33.57,994882,USD
2019-11-14,FOX,Communication Services,33.46,33.78,33.28,33.45,1251312,USD
2019-11-15,FOX,Communication Services,33.75,33.97,33.39,33.59,1682434,USD
2019-11-18,FOX,Communication Services,33.58,34.48,33.55,34.46,1344346,USD
2019-11-19,FOX,Communication Services,34.67,35.48,34.47,35.43,1301555,USD
2019-11-20,FOX,Communication Services,35.19,35.55,34.9,34.99,1548949,USD
2019-11-21,FOX,Communication Services,35.0,35.43,34.69,34.78,992110,USD
2019-11-22,FOX,Communication Services,34.77,35.17,34.75,34.88,1140024,USD
2019-11-25,FOX,Communication Services,34.88,35.0,34.58,34.85,1108775,USD
2019-11-26,FOX,Communication Services,34.88,35.29,34.78,35.19,1485605,USD
2019-11-27,FOX,Communication Services,35.3,35.39,34.9,35.03,757250,USD
2019-11-29,FOX,Communication Services,34.9,35.21,34.62,34.98,528728,USD
2019-12-02,FOX,Communication Services,34.96,35.23,34.74,34.81,1014358,USD
2019-12-03,FOX,Communication Services,34.54,34.63,33.99,34.35,1087081,USD
2019-12-04,FOX,Communication Services,34.29,34.84,34.19,34.64,1198067,USD
2019-12-05,FOX,Communication Services,34.79,35.0,34.45,34.63,1203137,USD
2019-12-06,FOX,Communication Services,34.88,35.05,34.53,34.6,892880,USD
2019-12-09,FOX,Communication Services,34.67,35.18,34.51,34.79,1068321,USD
2019-12-10,FOX,Communication Services,34.77,35.16,34.48,34.92,1210663,USD
2019-12-11,FOX,Communication Services,35.02,35.71,35.02,35.29,1647272,USD
2019-12-12,FOX,Communication Services,35.38,36.06,35.24,35.96,1350806,USD
2019-12-13,FOX,Communication Services,35.92,36.11,35.64,35.86,1363637,USD
2019-12-16,FOX,Communication Services,36.03,36.18,35.81,35.89,1097758,USD
2019-12-17,FOX,Communication Services,35.87,36.33,35.56,36.24,1019306,USD
2019-12-18,FOX,Communication Services,36.28,36.4,35.96,36.0,1880818,USD
2019-12-19,FOX,Communication Services,35.9,36.22,35.84,36.05,1098569,USD
2019-12-20,FOX,Communication Services,36.14,36.39,35.85,36.22,2579024,USD
2019-12-23,FOX,Communication Services,36.16,36.79,36.16,36.63,1149180,USD
2019-12-24,FOX,Communication Services,36.61,36.8,36.49,36.5,347105,USD
2019-12-26,FOX,Communication Services,36.64,36.86,36.5,36.8,696708,USD
2019-12-27,FOX,Communication Services,36.95,36.95,36.55,36.73,832790,USD
2019-12-30,FOX,Communication Services,36.79,36.86,36.39,36.44,893971,USD
2019-12-31,FOX,Communication Services,36.32,36.52,36.15,36.4,988435,USD
2020-01-02,FOX,Communication Services,36.5,36.75,35.97,36.46,1142526,USD
2020-01-03,FOX,Communication Services,36.01,36.35,36.01,36.1,940267,USD
2020-01-06,FOX,Communication Services,35.94,36.14,35.73,36.02,793322,USD
2020-01-07,FOX,Communication Services,35.89,36.58,35.83,36.47,955722,USD
2020-01-08,FOX,Communication Services,36.58,36.92,36.36,36.42,1799546,USD
2020-01-09,FOX,Communication Services,36.5,36.67,36.2,36.5,850982,USD
2020-01-10,FOX,Communication Services,36.55,36.59,35.99,36.09,1067149,USD
2020-01-13,FOX,Communication Services,36.09,36.47,35.82,36.3,1206957,USD
2020-01-14,FOX,Communication Services,36.13,36.77,35.91,36.54,1441545,USD
2020-01-15,FOX,Communication Services,36.57,36.86,36.48,36.79,889594,USD
2020-01-16,FOX,Communication Services,36.91,38.26,36.87,38.23,1835130,USD
2020-01-17,FOX,Communication Services,38.31,38.84,38.31,38.58,1662667,USD
2020-01-21,FOX,Communication Services,38.4,38.54,38.09,38.41,1416728,USD
2020-01-22,FOX,Communication Services,38.41,38.6,38.13,38.4,1321156,USD
2020-01-23,FOX,Communication Services,38.11,38.13,36.7,36.9,2407370,USD
2020-01-24,FOX,Communication Services,36.94,36.94,35.64,36.04,2762270,USD
2020-01-27,FOX,Communication Services,35.81,36.42,35.66,36.37,1838808,USD
2020-01-28,FOX,Communication Services,36.5,36.82,36.17,36.62,1353070,USD
2020-01-29,FOX,Communication Services,36.38,36.63,35.88,35.99,876059,USD
2020-01-30,FOX,Communication Services,35.6,36.48,35.53,36.46,978498,USD
2020-01-31,FOX,Communication Services,36.35,36.57,35.85,36.33,1604331,USD
2020-02-03,FOX,Communication Services,36.5,37.25,36.41,36.83,1084722,USD
2020-02-04,FOX,Communication Services,37.27,37.57,36.99,37.4,1072480,USD
2020-02-05,FOX,Communication Services,37.81,38.21,37.45,37.93,1984727,USD
2020-02-06,FOX,Communication Services,38.26,38.44,36.18,36.5,2530226,USD
2020-02-07,FOX,Communication Services,36.45,36.46,35.89,36.37,1047945,USD
2020-02-10,FOX,Communication Services,36.22,36.84,36.1,36.78,1441973,USD
2020-02-11,FOX,Communication Services,36.85,36.85,36.18,36.61,926893,USD
2020-02-12,FOX,Communication Services,36.77,37.22,36.72,37.16,907738,USD
2020-02-13,FOX,Communication Services,36.95,37.74,36.95,37.52,1059421,USD
2020-02-14,FOX,Communication Services,37.53,37.59,37.0,37.31,750538,USD
2020-02-18,FOX,Communication Services,37.26,37.41,36.94,37.22,965582,USD
2020-02-19,FOX,Communication Services,37.24,37.72,37.1,37.53,674170,USD
2020-02-20,FOX,Communication Services,37.18,37.34,35.9,36.54,1605168,USD
2020-02-21,FOX,Communication Services,36.29,36.84,35.48,35.5,1593492,USD
2020-02-24,FOX,Communication Services,35.27,35.44,34.09,34.27,1503855,USD
2020-02-25,FOX,Communication Services,34.41,34.55,32.65,32.83,1922764,USD
2020-02-26,FOX,Communication Services,33.36,33.41,32.08,32.4,2761161,USD
2020-02-27,FOX,Communication Services,31.99,32.56,30.99,30.99,2763464,USD
2020-02-28,FOX,Communication Services,30.2,31.32,29.86,30.45,3917379,USD
2020-03-02,FOX,Communication Services,30.48,31.79,30.07,31.79,2871340,USD
2020-03-03,FOX,Communication Services,31.19,32.28,30.34,30.71,4065571,USD
2020-03-04,FOX,Communication Services,31.04,31.27,30.13,30.67,2778676,USD
2020-03-05,FOX,Communication Services,29.83,30.04,28.91,29.12,2206325,USD
2020-03-06,FOX,Communication Services,27.71,28.79,27.55,28.52,2821346,USD
2020-03-09,FOX,Communication Services,26.75,27.63,26.38,27.13,4129752,USD
2020-03-10,FOX,Communication Services,27.96,28.98,26.77,28.76,3554906,USD
2020-03-11,FOX,Communication Services,27.82,28.28,27.3,27.52,3077697,USD
2020-03-12,FOX,Communication Services,26.55,26.66,24.29,25.56,3106716,USD
2020-03-13,FOX,Communication Services,26.4,27.78,24.24,25.38,2710384,USD
2020-03-16,FOX,Communication Services,23.3,24.38,22.68,23.19,3320633,USD
2020-03-17,FOX,Communication Services,23.5,24.44,22.17,23.79,3156972,USD
2020-03-18,FOX,Communication Services,22.35,23.26,20.64,21.41,3549323,USD
2020-03-19,FOX,Communication Services,21.5,22.72,20.13,21.94,2025502,USD
2020-03-20,FOX,Communication Services,22.3,22.77,19.92,20.05,3236809,USD
2020-03-23,FOX,Communication Services,20.13,20.55,19.13,19.81,2577625,USD
2020-03-24,FOX,Communication Services,20.83,21.73,20.18,21.65,2434903,USD
2020-03-25,FOX,Communication Services,21.66,24.54,21.27,23.34,3077522,USD
2020-03-26,FOX,Communication Services,23.67,24.77,23.55,24.6,2435400,USD
2020-03-27,FOX,Communication Services,23.51,23.95,21.96,22.04,1979843,USD
2020-03-30,FOX,Communication Services,22.11,23.97,21.52,23.77,1574965,USD
2020-03-31,FOX,Communication Services,23.95,24.32,22.76,22.88,2087611,USD
2020-04-01,FOX,Communication Services,21.85,22.18,21.26,21.57,1584697,USD
2020-04-02,FOX,Communication Services,21.56,22.71,21.22,21.84,2515529,USD
2020-04-03,FOX,Communication Services,21.73,21.97,21.2,21.59,1208699,USD
2020-04-06,FOX,Communication Services,22.78,24.62,22.69,24.45,1489755,USD
2020-04-07,FOX,Communication Services,25.69,26.44,24.9,24.97,1670459,USD
2020-04-08,FOX,Communication Services,25.04,26.03,25.0,25.82,1529145,USD
2020-04-09,FOX,Communication Services,25.92,26.56,25.17,25.64,1596297,USD
2020-04-13,FOX,Communication Services,25.46,25.51,24.32,25.4,1554546,USD
2020-04-14,FOX,Communication Services,25.8,26.18,25.39,26.01,967093,USD
2020-04-15,FOX,Communication Services,25.15,25.25,24.55,25.17,1167780,USD
2020-04-16,FOX,Communication Services,25.16,25.29,24.42,25.13,1872893,USD
2020-04-17,FOX,Communication Services,25.75,26.33,25.52,26.23,1085599,USD
2020-04-20,FOX,Communication Services,25.46,26.44,25.46,25.69,1896909,USD
2020-04-21,FOX,Communication Services,24.91,25.38,24.78,25.05,1442356,USD
2020-04-22,FOX,Communication Services,25.68,25.88,24.53,24.59,1501891,USD
2020-04-23,FOX,Communication Services,24.63,25.1,23.91,24.45,1511996,USD
2020-04-24,FOX,Communication Services,24.48,24.67,24.13,24.52,1422954,USD
2020-04-27,FOX,Communication Services,24.83,26.24,24.78,26.01,1128176,USD
2020-04-28,FOX,Communication Services,26.65,27.71,26.5,26.97,1157933,USD
2020-04-29,FOX,Communication Services,27.73,28.24,27.69,27.95,1215529,USD
2020-04-30,FOX,Communication Services,27.4,27.4,25.17,25.56,1787943,USD
2020-05-01,FOX,Communication Services,25.0,25.38,24.67,25.02,803062,USD
2020-05-04,FOX,Communication Services,24.85,24.96,24.21,24.63,1180126,USD
2020-05-05,FOX,Communication Services,24.82,25.01,23.63,23.85,1413195,USD
2020-05-06,FOX,Communication Services,23.89,24.72,23.39,24.61,1949814,USD
2020-05-07,FOX,Communication Services,26.25,26.73,24.86,25.01,1810949,USD
2020-05-08,FOX,Communication Services,25.62,25.95,25.32,25.73,949514,USD
2020-05-11,FOX,Communication Services,25.81,25.81,24.78,25.45,845322,USD
2020-05-12,FOX,Communication Services,25.59,25.76,24.89,24.89,995168,USD
2020-05-13,FOX,Communication Services,24.66,24.72,23.38,24.06,1172572,USD
2020-05-14,FOX,Communication Services,23.67,25.2,23.36,25.12,1748120,USD
2020-05-15,FOX,Communication Services,24.79,25.57,24.69,25.5,1056403,USD
2020-05-18,FOX,Communication Services,26.66,27.04,26.22,26.85,1142553,USD
2020-05-19,FOX,Communication Services,26.81,27.47,26.47,26.94,741916,USD
2020-05-20,FOX,Communication Services,27.04,27.76,27.04,27.37,942036,USD
2020-05-21,FOX,Communication Services,27.21,27.63,27.14,27.23,666418,USD
2020-05-22,FOX,Communication Services,27.16,27.48,27.04,27.37,739026,USD
2020-05-26,FOX,Communication Services,28.33,28.76,28.08,28.59,855985,USD
2020-05-27,FOX,Communication Services,28.99,29.73,28.68,29.3,921616,USD
2020-05-28,FOX,Communication Services,29.42,29.62,28.53,28.66,937048,USD
2020-05-29,FOX,Communication Services,28.56,28.93,28.07,28.78,1740199,USD
2020-06-01,FOX,Communication Services,28.92,29.41,28.92,29.14,740725,USD
2020-06-02,FOX,Communication Services,29.26,29.27,28.6,28.87,827617,USD
2020-06-03,FOX,Communication Services,29.41,30.59,29.41,30.22,1326854,USD
2020-06-04,FOX,Communication Services,30.21,30.43,29.59,29.95,1132039,USD
2020-06-05,FOX,Communication Services,30.96,31.51,30.12,30.25,1659266,USD
2020-06-08,FOX,Communication Services,30.66,32.02,30.66,31.68,2308833,USD
2020-06-09,FOX,Communication Services,31.06,31.26,30.26,30.33,1187420,USD
2020-06-10,FOX,Communication Services,30.25,30.25,29.13,29.73,1454389,USD
2020-06-11,FOX,Communication Services,28.71,28.78,27.51,27.62,1694533,USD
2020-06-12,FOX,Communication Services,28.38,28.62,27.28,27.95,1495456,USD
2020-06-15,FOX,Communication Services,27.03,29.35,26.89,28.86,1310565,USD
2020-06-16,FOX,Communication Services,29.7,29.98,27.73,28.02,1559377,USD
2020-06-17,FOX,Communication Services,28.0,28.1,27.54,27.76,1859714,USD
2020-06-18,FOX,Communication Services,27.57,28.69,27.48,28.66,1396208,USD
2020-06-19,FOX,Communication Services,29.15,29.49,27.8,27.82,2375043,USD
2020-06-22,FOX,Communication Services,27.4,27.77,27.2,27.6,1488117,USD
2020-06-23,FOX,Communication Services,28.16,28.36,27.79,27.81,1278909,USD
2020-06-24,FOX,Communication Services,27.39,27.59,26.46,27.01,1220829,USD
2020-06-25,FOX,Communication Services,26.75,26.82,26.13,26.75,1602902,USD
2020-06-26,FOX,Communication Services,26.62,26.62,25.4,25.75,2615718,USD
2020-06-29,FOX,Communication Services,25.99,26.84,25.6,26.79,1376300,USD
2020-06-30,FOX,Communication Services,26.76,26.9,26.44,26.84,1260522,USD
2020-07-01,FOX,Communication Services,26.8,27.36,26.52,26.92,1851948,USD
2020-07-02,FOX,Communication Services,27.46,27.65,26.46,26.55,1231477,USD
2020-07-06,FOX,Communication Services,27.0,27.06,26.2,26.53,905345,USD
2020-07-07,FOX,Communication Services,26.26,26.3,25.71,25.77,1007555,USD
2020-07-08,FOX,Communication Services,25.76,25.76,25.1,25.39,838192,USD
2020-07-09,FOX,Communication Services,25.28,25.36,24.03,24.46,1098968,USD
2020-07-10,FOX,Communication Services,24.45,25.4,24.35,25.39,809592,USD
2020-07-13,FOX,Communication Services,25.38,25.62,24.41,25.05,1654088,USD
2020-07-14,FOX,Communication Services,24.54,25.48,24.54,25.13,1522588,USD
2020-07-15,FOX,Communication Services,25.33,26.38,25.33,26.25,1449365,USD
2020-07-16,FOX,Communication Services,25.95,26.54,25.89,26.4,977509,USD
2020-07-17,FOX,Communication Services,26.51,26.51,25.14,25.26,2050289,USD
2020-07-20,FOX,Communication Services,25.08,25.32,24.3,24.82,1498485,USD
2020-07-21,FOX,Communication Services,24.98,25.69,24.98,25.35,1155668,USD
2020-07-22,FOX,Communication Services,25.25,25.9,25.19,25.87,995420,USD
2020-07-23,FOX,Communication Services,25.92,26.41,25.88,26.13,1029541,USD
2020-07-24,FOX,Communication Services,26.48,27.2,26.18,26.49,864145,USD
2020-07-27,FOX,Communication Services,26.38,26.54,25.44,25.69,978870,USD
2020-07-28,FOX,Communication Services,25.52,26.11,25.5,25.71,719780,USD
2020-07-29,FOX,Communication Services,25.67,26.11,25.42,25.92,695955,USD
2020-07-30,FOX,Communication Services,25.38,26.01,25.28,25.88,644532,USD
2020-07-31,FOX,Communication Services,25.65,25.8,25.23,25.77,905337,USD
2020-08-03,FOX,Communication Services,25.87,26.32,25.43,26.25,826523,USD
2020-08-04,FOX,Communication Services,26.42,27.05,26.23,26.71,850555,USD
2020-08-05,FOX,Communication Services,25.02,25.27,24.28,24.85,1923115,USD
2020-08-06,FOX,Communication Services,24.98,25.41,24.73,25.16,1575861,USD
2020-08-07,FOX,Communication Services,24.94,25.17,24.46,24.89,1874573,USD
2020-08-10,FOX,Communication Services,24.9,25.01,24.4,24.68,1494532,USD
2020-08-11,FOX,Communication Services,24.91,25.72,24.87,24.94,1603121,USD
2020-08-12,FOX,Communication Services,25.17,25.37,24.82,25.21,1289168,USD
2020-08-13,FOX,Communication Services,25.19,25.71,24.98,25.69,878144,USD
2020-08-14,FOX,Communication Services,25.67,26.09,25.41,25.82,819332,USD
2020-08-17,FOX,Communication Services,25.93,25.93,25.27,25.71,719763,USD
2020-08-18,FOX,Communication Services,25.66,25.95,25.63,25.73,1051878,USD
2020-08-19,FOX,Communication Services,25.78,26.24,25.75,25.92,791043,USD
2020-08-20,FOX,Communication Services,25.73,26.05,25.58,25.92,686255,USD
2020-08-21,FOX,Communication Services,25.78,26.06,25.62,26.01,906498,USD
2020-08-24,FOX,Communication Services,25.99,27.19,25.99,27.05,1245779,USD
2020-08-25,FOX,Communication Services,27.19,27.25,26.43,26.96,1205025,USD
2020-08-26,FOX,Communication Services,26.8,27.31,26.75,27.15,1192718,USD
2020-08-27,FOX,Communication Services,27.59,27.84,27.33,27.64,980910,USD
2020-08-28,FOX,Communication Services,27.83,27.97,27.51,27.92,871273,USD
2020-08-31,FOX,Communication Services,27.9,28.44,27.69,27.8,1497566,USD
2020-09-01,FOX,Communication Services,27.36,27.56,27.07,27.49,1343778,USD
2020-09-02,FOX,Communication Services,27.58,28.15,27.45,27.99,1138284,USD
2020-09-03,FOX,Communication Services,28.38,28.73,27.37,27.51,1804271,USD
2020-09-04,FOX,Communication Services,27.93,28.09,27.39,27.76,1433014,USD
2020-09-08,FOX,Communication Services,27.59,28.34,27.57,27.84,1591404,USD
2020-09-09,FOX,Communication Services,27.97,28.46,27.48,28.29,1888140,USD
2020-09-10,FOX,Communication Services,28.37,28.79,27.95,28.15,1913701,USD
2020-09-11,FOX,Communication Services,28.15,28.64,27.68,28.14,1245837,USD
2020-09-14,FOX,Communication Services,28.31,29.27,28.31,28.7,1281697,USD
2020-09-15,FOX,Communication Services,28.76,29.04,28.44,28.64,1101938,USD
2020-09-16,FOX,Communication Services,28.79,29.87,28.76,29.46,2141721,USD
2020-09-17,FOX,Communication Services,28.85,29.29,28.4,28.77,2261905,USD
2020-09-18,FOX,Communication Services,28.72,28.72,27.62,28.0,3251533,USD
2020-09-21,FOX,Communication Services,27.59,27.7,26.43,26.89,2101101,USD
2020-09-22,FOX,Communication Services,26.9,27.16,26.61,26.95,2050528,USD
2020-09-23,FOX,Communication Services,27.01,27.06,25.85,25.98,1276406,USD
2020-09-24,FOX,Communication Services,26.12,26.44,25.61,26.22,916601,USD
2020-09-25,FOX,Communication Services,26.01,26.89,26.01,26.78,1040585,USD
2020-09-28,FOX,Communication Services,27.34,27.9,27.15,27.9,1044723,USD
2020-09-29,FOX,Communication Services,27.94,28.0,27.26,27.82,908645,USD
2020-09-30,FOX,Communication Services,27.95,28.61,27.65,27.97,1455841,USD
2020-10-01,FOX,Communication Services,28.25,28.33,27.69,28.21,928934,USD
2020-10-02,FOX,Communication Services,27.91,28.42,27.64,28.17,1110283,USD
2020-10-05,FOX,Communication Services,28.42,28.95,28.19,28.89,601274,USD
2020-10-06,FOX,Communication Services,28.9,29.18,28.01,28.12,1452392,USD
2020-10-07,FOX,Communication Services,28.5,29.28,28.5,29.11,1054793,USD
2020-10-08,FOX,Communication Services,29.35,29.65,29.06,29.63,675579,USD
2020-10-09,FOX,Communication Services,29.91,30.04,29.16,29.2,926102,USD
2020-10-12,FOX,Communication Services,29.43,29.5,28.96,29.13,1248367,USD
2020-10-13,FOX,Communication Services,29.0,29.06,27.44,27.47,1570134,USD
2020-10-14,FOX,Communication Services,27.72,27.74,27.09,27.13,950443,USD
2020-10-15,FOX,Communication Services,26.92,27.23,26.62,27.2,991667,USD
2020-10-16,FOX,Communication Services,27.15,27.43,26.82,27.12,715432,USD
2020-10-19,FOX,Communication Services,27.19,27.21,26.2,26.25,833242,USD
2020-10-20,FOX,Communication Services,26.54,26.54,26.09,26.18,1437458,USD
2020-10-21,FOX,Communication Services,26.08,26.84,25.94,26.75,803356,USD
2020-10-22,FOX,Communication Services,26.9,27.59,26.9,27.41,1829776,USD
2020-10-23,FOX,Communication Services,27.32,27.57,26.68,26.93,1763239,USD
2020-10-26,FOX,Communication Services,26.74,26.83,25.95,26.18,2529867,USD
2020-10-27,FOX,Communication Services,26.1,26.19,25.88,26.0,1178489,USD
2020-10-28,FOX,Communication Services,25.55,25.83,24.98,25.02,2043382,USD
2020-10-29,FOX,Communication Services,24.9,25.54,24.81,25.39,1609509,USD
2020-10-30,FOX,Communication Services,25.28,26.16,25.28,26.14,2209231,USD
2020-11-02,FOX,Communication Services,26.44,27.0,26.01,26.89,2505065,USD
2020-11-03,FOX,Communication Services,28.29,28.86,26.2,26.7,1454708,USD
2020-11-04,FOX,Communication Services,27.16,27.16,25.11,25.43,2861915,USD
2020-11-05,FOX,Communication Services,25.59,26.41,25.29,26.37,1280427,USD
2020-11-06,FOX,Communication Services,26.25,26.33,25.38,25.6,1400001,USD
2020-11-09,FOX,Communication Services,26.74,27.31,25.85,26.19,2287750,USD
2020-11-10,FOX,Communication Services,25.82,26.93,25.76,26.7,1559912,USD
2020-11-11,FOX,Communication Services,26.74,27.26,26.39,27.15,1216845,USD
2020-11-12,FOX,Communication Services,26.9,26.9,25.27,25.45,2251780,USD
2020-11-13,FOX,Communication Services,25.43,26.38,25.43,26.21,3104234,USD
2020-11-16,FOX,Communication Services,26.55,27.25,26.42,26.75,2079921,USD
2020-11-17,FOX,Communication Services,26.54,27.72,26.21,27.65,1576886,USD
2020-11-18,FOX,Communication Services,27.64,27.75,27.13,27.13,1782257,USD
2020-11-19,FOX,Communication Services,27.05,27.47,26.96,27.27,1004983,USD
2020-11-20,FOX,Communication Services,27.24,27.58,27.07,27.44,1248344,USD
2020-11-23,FOX,Communication Services,27.61,28.24,27.5,28.04,1022473,USD
2020-11-24,FOX,Communication Services,28.36,29.39,28.17,29.21,1579729,USD
2020-11-25,FOX,Communication Services,28.98,29.0,28.65,28.96,806417,USD
2020-11-27,FOX,Communication Services,28.88,29.09,28.66,28.73,506019,USD
2020-11-30,FOX,Communication Services,28.48,28.79,28.29,28.38,2144813,USD
2020-12-01,FOX,Communication Services,28.65,30.04,28.58,29.7,1400252,USD
2020-12-02,FOX,Communication Services,29.71,30.07,29.26,30.05,1100786,USD
2020-12-03,FOX,Communication Services,30.1,30.41,29.7,29.77,1141827,USD
2020-12-04,FOX,Communication Services,29.94,29.94,29.19,29.25,1831129,USD
2020-12-07,FOX,Communication Services,29.01,29.44,28.92,29.31,1995659,USD
2020-12-08,FOX,Communication Services,29.22,29.37,28.76,28.9,1573022,USD
2020-12-09,FOX,Communication Services,29.04,29.15,28.59,28.73,1601749,USD
2020-12-10,FOX,Communication Services,28.46,28.79,28.35,28.68,976248,USD
2020-12-11,FOX,Communication Services,28.42,28.77,28.17,28.72,1453497,USD
2020-12-14,FOX,Communication Services,29.09,29.19,28.32,28.34,1060750,USD
2020-12-15,FOX,Communication Services,28.49,28.49,27.63,28.21,1245260,USD
2020-12-16,FOX,Communication Services,28.26,28.44,28.0,28.11,974430,USD
2020-12-17,FOX,Communication Services,28.3,28.31,27.57,28.16,2045120,USD
2020-12-18,FOX,Communication Services,28.1,28.42,27.64,27.79,2945776,USD
2020-12-21,FOX,Communication Services,27.53,27.59,27.02,27.39,1257905,USD
2020-12-22,FOX,Communication Services,27.35,27.36,26.9,26.98,1208441,USD
2020-12-23,FOX,Communication Services,27.08,27.84,27.03,27.75,1048628,USD
2020-12-24,FOX,Communication Services,27.75,28.13,27.75,28.0,475955,USD
2020-12-28,FOX,Communication Services,28.05,28.98,28.02,28.88,1022461,USD
2020-12-29,FOX,Communication Services,28.97,29.01,28.63,28.79,694458,USD
2020-12-30,FOX,Communication Services,28.95,29.23,28.7,28.7,748444,USD
2020-12-31,FOX,Communication Services,28.79,29.0,28.71,28.88,650442,USD
