Date,Name,Type,Open,High,Low,Close,Volume,Currency
2017-01-03,NFLX,Communication Services,124.96,128.19,124.31,127.49,9437856,USD
2017-01-04,NFLX,Communication Services,127.49,130.17,126.55,129.41,7843559,USD
2017-01-05,NFLX,Communication Services,129.22,132.75,128.9,131.81,10185516,USD
2017-01-06,NFLX,Communication Services,132.08,133.88,129.81,131.07,10657878,USD
2017-01-09,NFLX,Communication Services,131.48,131.99,129.89,130.95,5771835,USD
2017-01-10,NFLX,Communication Services,131.27,132.22,129.29,129.89,5985809,USD
2017-01-11,NFLX,Communication Services,130.91,131.5,129.25,130.5,5615061,USD
2017-01-12,NFLX,Communication Services,130.63,130.85,128.5,129.18,5388880,USD
2017-01-13,NFLX,Communication Services,131.15,133.93,130.58,133.7,10515015,USD
2017-01-17,NFLX,Communication Services,135.04,135.4,132.09,132.89,12220202,USD
2017-01-18,NFLX,Communication Services,133.21,133.65,131.06,133.26,16168617,USD
2017-01-19,NFLX,Communication Services,142.01,143.46,138.25,138.41,23203440,USD
2017-01-20,NFLX,Communication Services,139.36,140.79,137.66,138.6,9497394,USD
2017-01-23,NFLX,Communication Services,138.65,139.49,137.31,137.39,7433896,USD
2017-01-24,NFLX,Communication Services,138.11,140.93,137.03,140.11,7754673,USD
2017-01-25,NFLX,Communication Services,140.8,141.39,139.05,139.52,7612888,USD
2017-01-26,NFLX,Communication Services,140.45,141.21,138.51,138.96,6038313,USD
2017-01-27,NFLX,Communication Services,139.46,142.49,139.0,142.45,8323866,USD
2017-01-30,NFLX,Communication Services,141.77,141.97,138.8,141.22,8122481,USD
2017-01-31,NFLX,Communication Services,140.55,141.83,139.7,140.71,4411631,USD
2017-02-01,NFLX,Communication Services,141.2,142.41,139.3,140.78,6033422,USD
2017-02-02,NFLX,Communication Services,140.61,141.04,139.05,139.2,3462370,USD
2017-02-03,NFLX,Communication Services,139.51,140.64,139.1,140.25,3512568,USD
2017-02-06,NFLX,Communication Services,140.0,141.0,139.16,140.97,3552066,USD
2017-02-07,NFLX,Communication Services,141.49,144.28,141.05,144.0,8573515,USD
2017-02-08,NFLX,Communication Services,143.57,145.07,142.56,144.74,6887050,USD
2017-02-09,NFLX,Communication Services,144.98,145.09,143.58,144.14,4555119,USD
2017-02-10,NFLX,Communication Services,144.68,145.3,143.97,144.82,6171936,USD
2017-02-13,NFLX,Communication Services,145.19,145.95,143.05,143.2,4790435,USD
2017-02-14,NFLX,Communication Services,143.2,144.11,140.05,140.82,8367786,USD
2017-02-15,NFLX,Communication Services,140.72,142.43,140.51,142.27,5309050,USD
2017-02-16,NFLX,Communication Services,142.42,142.44,141.07,142.01,2847496,USD
2017-02-17,NFLX,Communication Services,141.75,142.9,141.27,142.22,4588073,USD
2017-02-21,NFLX,Communication Services,142.99,143.38,141.81,142.6,3571481,USD
2017-02-22,NFLX,Communication Services,142.92,144.0,142.17,143.86,3481968,USD
2017-02-23,NFLX,Communication Services,144.45,144.49,141.52,142.78,4667978,USD
2017-02-24,NFLX,Communication Services,141.88,143.56,141.55,143.25,3302714,USD
2017-02-27,NFLX,Communication Services,143.12,143.92,142.38,143.41,3907377,USD
2017-02-28,NFLX,Communication Services,143.3,143.57,141.85,142.13,3862221,USD
2017-03-01,NFLX,Communication Services,142.84,143.26,142.1,142.65,4170649,USD
2017-03-02,NFLX,Communication Services,142.15,142.7,139.09,139.53,6119945,USD
2017-03-03,NFLX,Communication Services,139.69,140.91,138.26,139.14,5401104,USD
2017-03-06,NFLX,Communication Services,141.0,142.84,140.54,141.94,7116118,USD
2017-03-07,NFLX,Communication Services,141.99,142.4,140.38,141.43,4241037,USD
2017-03-08,NFLX,Communication Services,141.47,142.06,139.77,140.32,4092550,USD
2017-03-09,NFLX,Communication Services,140.04,141.24,139.74,140.53,2652740,USD
2017-03-10,NFLX,Communication Services,141.39,141.8,140.28,140.89,3318464,USD
2017-03-13,NFLX,Communication Services,140.9,143.71,140.32,143.52,4922432,USD
2017-03-14,NFLX,Communication Services,142.95,143.31,141.7,143.19,4660294,USD
2017-03-15,NFLX,Communication Services,144.2,145.52,143.23,145.25,5987198,USD
2017-03-16,NFLX,Communication Services,145.5,146.5,144.22,144.39,5286456,USD
2017-03-17,NFLX,Communication Services,144.05,145.76,143.4,145.11,6281316,USD
2017-03-20,NFLX,Communication Services,145.45,146.25,144.58,145.83,3421046,USD
2017-03-21,NFLX,Communication Services,146.75,147.7,142.1,142.42,7669753,USD
2017-03-22,NFLX,Communication Services,142.54,143.8,140.76,142.65,6486893,USD
2017-03-23,NFLX,Communication Services,142.14,142.89,141.26,141.84,3712625,USD
2017-03-24,NFLX,Communication Services,142.36,142.8,141.58,142.02,3546599,USD
2017-03-27,NFLX,Communication Services,140.83,144.39,140.0,144.06,4771650,USD
2017-03-28,NFLX,Communication Services,144.1,146.11,143.92,145.17,4638003,USD
2017-03-29,NFLX,Communication Services,145.5,147.18,144.91,146.47,3855031,USD
2017-03-30,NFLX,Communication Services,146.81,148.29,146.53,148.06,4461068,USD
2017-03-31,NFLX,Communication Services,148.0,148.22,147.33,147.81,3888237,USD
2017-04-03,NFLX,Communication Services,146.7,148.0,145.74,146.92,4609336,USD
2017-04-04,NFLX,Communication Services,146.84,147.09,144.89,145.5,4368919,USD
2017-04-05,NFLX,Communication Services,146.19,146.25,143.26,143.62,4607636,USD
2017-04-06,NFLX,Communication Services,144.0,144.14,143.01,143.74,3312410,USD
2017-04-07,NFLX,Communication Services,143.79,143.89,142.71,143.11,3040506,USD
2017-04-10,NFLX,Communication Services,143.04,144.65,141.21,143.85,5807440,USD
2017-04-11,NFLX,Communication Services,144.28,144.54,141.98,144.35,4621451,USD
2017-04-12,NFLX,Communication Services,144.85,145.74,143.55,143.83,4386954,USD
2017-04-13,NFLX,Communication Services,144.25,144.55,142.76,142.92,3685789,USD
2017-04-17,NFLX,Communication Services,144.43,147.32,144.43,147.25,16364743,USD
2017-04-18,NFLX,Communication Services,147.34,147.4,140.0,143.36,19670976,USD
2017-04-19,NFLX,Communication Services,143.37,144.0,138.66,139.76,12395064,USD
2017-04-20,NFLX,Communication Services,140.3,141.8,139.27,141.18,7248180,USD
2017-04-21,NFLX,Communication Services,141.39,143.03,140.9,142.87,6824786,USD
2017-04-24,NFLX,Communication Services,143.61,144.5,143.4,143.83,4800920,USD
2017-04-25,NFLX,Communication Services,147.46,153.52,146.22,152.16,20674168,USD
2017-04-26,NFLX,Communication Services,151.53,152.15,148.9,150.17,9274081,USD
2017-04-27,NFLX,Communication Services,150.6,153.49,149.3,153.08,7719365,USD
2017-04-28,NFLX,Communication Services,152.71,152.97,150.94,152.2,6366247,USD
2017-05-01,NFLX,Communication Services,151.91,157.7,151.61,155.35,9031631,USD
2017-05-02,NFLX,Communication Services,155.76,156.5,154.61,156.45,5384839,USD
2017-05-03,NFLX,Communication Services,156.29,156.54,154.88,155.59,3931244,USD
2017-05-04,NFLX,Communication Services,155.59,157.9,154.55,157.25,5582330,USD
2017-05-05,NFLX,Communication Services,158.55,158.59,155.9,156.6,5341735,USD
2017-05-08,NFLX,Communication Services,156.55,157.64,155.3,156.38,4818794,USD
2017-05-09,NFLX,Communication Services,156.1,157.85,155.97,157.46,3911027,USD
2017-05-10,NFLX,Communication Services,157.82,161.1,156.56,160.28,6869879,USD
2017-05-11,NFLX,Communication Services,160.33,160.52,157.55,158.54,5677360,USD
2017-05-12,NFLX,Communication Services,159.11,160.84,158.51,160.81,5092885,USD
2017-05-15,NFLX,Communication Services,160.25,161.78,159.76,160.02,4971954,USD
2017-05-16,NFLX,Communication Services,160.5,161.18,159.33,159.41,3464912,USD
2017-05-17,NFLX,Communication Services,158.09,158.78,153.0,153.2,8184483,USD
2017-05-18,NFLX,Communication Services,153.61,156.89,153.24,155.7,6802670,USD
2017-05-19,NFLX,Communication Services,156.15,158.05,155.91,157.02,4091486,USD
2017-05-22,NFLX,Communication Services,157.86,158.6,156.43,157.16,3744055,USD
2017-05-23,NFLX,Communication Services,157.75,158.31,156.8,157.95,3370930,USD
2017-05-24,NFLX,Communication Services,158.35,158.48,157.17,157.75,2989797,USD
2017-05-25,NFLX,Communication Services,161.0,164.1,160.55,163.05,8560961,USD
2017-05-26,NFLX,Communication Services,162.84,163.05,161.12,162.43,4834291,USD
2017-05-30,NFLX,Communication Services,163.6,164.75,162.71,163.22,4828637,USD
2017-05-31,NFLX,Communication Services,163.61,164.0,160.74,163.07,5328919,USD
2017-06-01,NFLX,Communication Services,163.52,163.93,161.7,162.99,3896317,USD
2017-06-02,NFLX,Communication Services,163.42,165.36,162.8,165.18,4259081,USD
2017-06-05,NFLX,Communication Services,165.49,165.5,163.43,165.06,3875174,USD
2017-06-06,NFLX,Communication Services,164.95,166.82,164.51,165.17,4382092,USD
2017-06-07,NFLX,Communication Services,165.6,166.4,164.41,165.61,3353099,USD
2017-06-08,NFLX,Communication Services,166.12,166.87,164.84,165.88,3719102,USD
2017-06-09,NFLX,Communication Services,166.27,166.27,154.5,158.03,10291954,USD
2017-06-12,NFLX,Communication Services,155.3,155.53,148.31,151.44,14114477,USD
2017-06-13,NFLX,Communication Services,154.38,155.68,150.13,152.72,8484746,USD
2017-06-14,NFLX,Communication Services,154.34,155.62,150.28,152.2,6461758,USD
2017-06-15,NFLX,Communication Services,149.44,152.56,147.3,151.76,7319746,USD
2017-06-16,NFLX,Communication Services,151.45,153.53,150.39,152.38,6909705,USD
2017-06-19,NFLX,Communication Services,154.29,155.58,152.41,153.4,6544298,USD
2017-06-20,NFLX,Communication Services,153.68,154.5,151.4,152.05,4878673,USD
2017-06-21,NFLX,Communication Services,152.5,155.38,152.26,155.03,5803446,USD
2017-06-22,NFLX,Communication Services,155.13,155.2,153.7,154.89,3769167,USD
2017-06-23,NFLX,Communication Services,155.01,158.19,153.76,158.02,6250761,USD
2017-06-26,NFLX,Communication Services,158.78,159.97,156.56,157.5,6015974,USD
2017-06-27,NFLX,Communication Services,156.62,156.98,150.72,151.03,7424252,USD
2017-06-28,NFLX,Communication Services,151.64,154.2,150.12,153.41,5589883,USD
2017-06-29,NFLX,Communication Services,152.82,152.82,148.0,150.09,7142462,USD
2017-06-30,NFLX,Communication Services,149.76,150.71,148.42,149.41,5213315,USD
2017-07-03,NFLX,Communication Services,149.8,150.45,145.8,146.17,3908215,USD
2017-07-05,NFLX,Communication Services,146.58,148.26,145.58,147.61,4627803,USD
2017-07-06,NFLX,Communication Services,146.13,147.27,144.25,146.25,5486482,USD
2017-07-07,NFLX,Communication Services,146.65,150.75,146.65,150.18,5561263,USD
2017-07-10,NFLX,Communication Services,150.34,153.23,149.65,152.67,5360606,USD
2017-07-11,NFLX,Communication Services,152.37,155.23,151.55,154.33,4898645,USD
2017-07-12,NFLX,Communication Services,155.77,158.8,155.77,158.75,8481779,USD
2017-07-13,NFLX,Communication Services,158.51,160.13,156.98,158.21,6700052,USD
2017-07-14,NFLX,Communication Services,159.3,161.35,157.97,161.12,5549221,USD
2017-07-17,NFLX,Communication Services,162.91,163.55,160.02,161.7,17496684,USD
2017-07-18,NFLX,Communication Services,176.12,185.0,174.24,183.6,41587396,USD
2017-07-19,NFLX,Communication Services,182.97,187.17,181.75,183.86,17344320,USD
2017-07-20,NFLX,Communication Services,183.84,185.92,182.7,183.6,7907182,USD
2017-07-21,NFLX,Communication Services,182.72,191.5,182.71,188.54,9277448,USD
2017-07-24,NFLX,Communication Services,188.69,190.25,187.01,187.91,8797260,USD
2017-07-25,NFLX,Communication Services,187.79,188.66,185.81,186.97,5374472,USD
2017-07-26,NFLX,Communication Services,187.7,189.7,187.51,189.08,4479290,USD
2017-07-27,NFLX,Communication Services,189.89,190.0,179.38,182.68,11220982,USD
2017-07-28,NFLX,Communication Services,182.0,185.03,181.18,184.04,6201947,USD
2017-07-31,NFLX,Communication Services,184.26,184.97,180.65,181.66,4883606,USD
2017-08-01,NFLX,Communication Services,182.49,184.62,181.43,182.03,5112707,USD
2017-08-02,NFLX,Communication Services,182.22,182.57,177.81,180.74,5771336,USD
2017-08-03,NFLX,Communication Services,180.53,181.22,178.02,179.23,4627732,USD
2017-08-04,NFLX,Communication Services,179.6,181.0,178.5,180.27,4491055,USD
2017-08-07,NFLX,Communication Services,181.0,182.27,179.1,181.33,4609788,USD
2017-08-08,NFLX,Communication Services,181.37,181.91,177.45,178.36,6104043,USD
2017-08-09,NFLX,Communication Services,171.43,175.96,170.01,175.78,9670502,USD
2017-08-10,NFLX,Communication Services,174.03,174.45,167.6,169.14,9693057,USD
2017-08-11,NFLX,Communication Services,169.86,172.58,169.0,171.4,5022334,USD
2017-08-14,NFLX,Communication Services,169.8,172.45,168.8,171.0,7468408,USD
2017-08-15,NFLX,Communication Services,171.53,171.88,168.25,168.5,5656064,USD
2017-08-16,NFLX,Communication Services,167.5,170.5,166.25,169.98,7013557,USD
2017-08-17,NFLX,Communication Services,169.23,170.58,165.72,166.09,5229188,USD
2017-08-18,NFLX,Communication Services,165.95,169.97,165.8,166.54,7385736,USD
2017-08-21,NFLX,Communication Services,166.91,168.99,164.23,166.76,6480708,USD
2017-08-22,NFLX,Communication Services,167.76,169.93,167.04,169.34,4886326,USD
2017-08-23,NFLX,Communication Services,168.35,169.64,166.7,169.06,4632256,USD
2017-08-24,NFLX,Communication Services,169.86,171.24,166.15,168.13,5361749,USD
2017-08-25,NFLX,Communication Services,168.58,168.75,165.5,165.95,4064040,USD
2017-08-28,NFLX,Communication Services,166.43,168.67,165.6,167.12,3657264,USD
2017-08-29,NFLX,Communication Services,165.0,169.68,164.73,168.81,4620920,USD
2017-08-30,NFLX,Communication Services,169.5,174.85,169.37,174.69,8034743,USD
2017-08-31,NFLX,Communication Services,175.45,176.24,173.86,174.71,6940990,USD
2017-09-01,NFLX,Communication Services,175.55,176.48,173.92,174.74,3812968,USD
2017-09-05,NFLX,Communication Services,173.4,175.88,172.44,174.52,4597441,USD
2017-09-06,NFLX,Communication Services,175.25,179.46,173.73,179.25,8742643,USD
2017-09-07,NFLX,Communication Services,178.8,180.35,177.1,179.0,6036146,USD
2017-09-08,NFLX,Communication Services,178.45,180.39,176.25,176.42,4590846,USD
2017-09-11,NFLX,Communication Services,178.1,182.47,178.03,181.74,5979447,USD
2017-09-12,NFLX,Communication Services,182.55,185.33,180.64,185.15,6689568,USD
2017-09-13,NFLX,Communication Services,184.07,184.5,182.55,183.64,4320349,USD
2017-09-14,NFLX,Communication Services,183.25,185.29,182.07,182.63,4510722,USD
2017-09-15,NFLX,Communication Services,182.73,184.93,181.43,182.35,5591743,USD
2017-09-18,NFLX,Communication Services,183.61,185.45,182.73,184.62,5359569,USD
2017-09-19,NFLX,Communication Services,184.98,186.23,184.17,185.68,4982086,USD
2017-09-20,NFLX,Communication Services,186.1,186.5,183.2,185.51,4624993,USD
2017-09-21,NFLX,Communication Services,185.82,189.95,184.51,188.78,7148104,USD
2017-09-22,NFLX,Communication Services,188.4,189.85,186.39,187.35,5464312,USD
2017-09-25,NFLX,Communication Services,186.46,186.55,177.7,178.55,9367231,USD
2017-09-26,NFLX,Communication Services,180.7,180.95,176.55,179.38,5602471,USD
2017-09-27,NFLX,Communication Services,181.01,183.34,180.7,181.97,5710544,USD
2017-09-28,NFLX,Communication Services,181.25,181.95,179.36,180.7,4076986,USD
2017-09-29,NFLX,Communication Services,180.73,182.9,180.65,181.35,4227864,USD
2017-10-02,NFLX,Communication Services,182.11,182.8,176.58,177.01,7342007,USD
2017-10-03,NFLX,Communication Services,177.65,179.7,177.55,179.19,3956940,USD
2017-10-04,NFLX,Communication Services,181.41,186.7,181.25,184.45,9235867,USD
2017-10-05,NFLX,Communication Services,185.65,194.49,184.49,194.39,19412690,USD
2017-10-06,NFLX,Communication Services,194.3,198.92,192.05,198.02,15348356,USD
2017-10-09,NFLX,Communication Services,199.1,199.4,196.56,196.87,6971714,USD
2017-10-10,NFLX,Communication Services,197.85,198.3,192.1,195.08,6233823,USD
2017-10-11,NFLX,Communication Services,195.57,196.22,193.81,194.95,6450161,USD
2017-10-12,NFLX,Communication Services,196.75,198.62,194.71,195.86,7753341,USD
2017-10-13,NFLX,Communication Services,199.7,200.82,197.19,199.49,12081252,USD
2017-10-16,NFLX,Communication Services,201.95,202.83,197.86,202.68,22105442,USD
2017-10-17,NFLX,Communication Services,200.11,204.38,197.77,199.48,23900118,USD
2017-10-18,NFLX,Communication Services,199.99,200.01,194.25,195.54,11198938,USD
2017-10-19,NFLX,Communication Services,193.01,195.25,191.16,195.13,7034602,USD
2017-10-20,NFLX,Communication Services,195.9,196.38,193.77,194.16,5995568,USD
2017-10-23,NFLX,Communication Services,194.17,194.9,191.03,192.47,6979994,USD
2017-10-24,NFLX,Communication Services,192.75,196.74,191.4,196.02,7069108,USD
2017-10-25,NFLX,Communication Services,195.38,197.06,193.01,193.77,5315269,USD
2017-10-26,NFLX,Communication Services,194.66,197.61,194.08,195.21,5185830,USD
2017-10-27,NFLX,Communication Services,197.2,200.65,196.22,199.54,8128567,USD
2017-10-30,NFLX,Communication Services,199.62,201.1,197.07,198.37,5439563,USD
2017-10-31,NFLX,Communication Services,198.21,198.59,195.22,196.43,5518595,USD
2017-11-01,NFLX,Communication Services,197.24,199.2,196.0,198.0,5017420,USD
2017-11-02,NFLX,Communication Services,197.45,199.44,197.09,199.32,3606332,USD
2017-11-03,NFLX,Communication Services,199.8,200.55,197.99,200.01,3678829,USD
2017-11-06,NFLX,Communication Services,200.0,202.48,198.09,200.13,5846581,USD
2017-11-07,NFLX,Communication Services,200.0,200.61,194.8,195.89,6467969,USD
2017-11-08,NFLX,Communication Services,196.0,197.09,194.74,196.44,4237398,USD
2017-11-09,NFLX,Communication Services,194.46,194.49,190.81,193.9,5979925,USD
2017-11-10,NFLX,Communication Services,191.61,192.59,189.5,192.02,6622168,USD
2017-11-13,NFLX,Communication Services,191.12,196.05,191.0,195.08,4606951,USD
2017-11-14,NFLX,Communication Services,193.64,195.88,193.0,195.71,3450513,USD
2017-11-15,NFLX,Communication Services,194.54,195.42,191.53,192.12,4203072,USD
2017-11-16,NFLX,Communication Services,194.33,197.7,193.75,195.51,5678355,USD
2017-11-17,NFLX,Communication Services,195.74,195.95,192.65,193.2,3906333,USD
2017-11-20,NFLX,Communication Services,193.3,194.32,191.9,194.1,3827474,USD
2017-11-21,NFLX,Communication Services,195.04,197.52,194.97,196.23,4787311,USD
2017-11-22,NFLX,Communication Services,196.58,196.75,193.63,196.32,5895402,USD
2017-11-24,NFLX,Communication Services,196.65,196.9,195.33,195.75,2160535,USD
2017-11-27,NFLX,Communication Services,195.56,195.85,194.0,195.05,3210145,USD
2017-11-28,NFLX,Communication Services,195.34,199.68,194.01,199.18,6981094,USD
2017-11-29,NFLX,Communication Services,198.91,199.03,184.32,188.15,14202713,USD
2017-11-30,NFLX,Communication Services,190.31,190.86,186.68,187.58,6630051,USD
2017-12-01,NFLX,Communication Services,186.99,189.8,185.0,186.82,6219531,USD
2017-12-04,NFLX,Communication Services,189.36,189.72,178.38,184.04,9069765,USD
2017-12-05,NFLX,Communication Services,183.5,188.14,181.19,184.21,5783697,USD
2017-12-06,NFLX,Communication Services,183.38,186.48,182.88,185.3,5490088,USD
2017-12-07,NFLX,Communication Services,185.71,187.34,183.22,185.2,4659542,USD
2017-12-08,NFLX,Communication Services,186.5,189.42,186.3,188.54,4987270,USD
2017-12-11,NFLX,Communication Services,187.85,189.42,185.91,186.22,5298583,USD
2017-12-12,NFLX,Communication Services,186.01,187.85,184.82,185.73,4265907,USD
2017-12-13,NFLX,Communication Services,186.1,188.69,185.41,187.86,4710041,USD
2017-12-14,NFLX,Communication Services,187.98,192.64,187.2,189.56,7792849,USD
2017-12-15,NFLX,Communication Services,189.61,191.43,188.01,190.12,7285641,USD
2017-12-18,NFLX,Communication Services,191.2,191.65,188.9,190.42,5010961,USD
2017-12-19,NFLX,Communication Services,190.18,190.3,185.75,187.02,7032978,USD
2017-12-20,NFLX,Communication Services,187.94,189.11,185.26,188.82,6545394,USD
2017-12-21,NFLX,Communication Services,189.44,190.95,187.58,188.62,4729836,USD
2017-12-22,NFLX,Communication Services,188.33,190.95,186.8,189.94,3878904,USD
2017-12-26,NFLX,Communication Services,189.78,189.94,186.4,187.76,3045652,USD
2017-12-27,NFLX,Communication Services,187.8,188.1,185.22,186.24,4002098,USD
2017-12-28,NFLX,Communication Services,187.18,194.49,186.85,192.71,10107392,USD
2017-12-29,NFLX,Communication Services,192.51,193.95,191.22,191.96,5187606,USD
2018-01-02,NFLX,Communication Services,196.1,201.65,195.42,201.07,10966889,USD
2018-01-03,NFLX,Communication Services,202.05,206.21,201.5,205.05,8591369,USD
2018-01-04,NFLX,Communication Services,206.2,207.05,204.0,205.63,6029616,USD
2018-01-05,NFLX,Communication Services,207.25,210.02,205.59,209.99,7033240,USD
2018-01-08,NFLX,Communication Services,210.02,212.5,208.44,212.05,5580178,USD
2018-01-09,NFLX,Communication Services,212.11,212.98,208.59,209.31,6125855,USD
2018-01-10,NFLX,Communication Services,207.57,213.64,206.91,212.52,5951486,USD
2018-01-11,NFLX,Communication Services,214.29,217.75,213.35,217.24,7659485,USD
2018-01-12,NFLX,Communication Services,217.18,222.55,216.0,221.23,8199423,USD
2018-01-16,NFLX,Communication Services,224.24,226.07,217.2,221.53,13516067,USD
2018-01-17,NFLX,Communication Services,221.0,221.15,216.32,217.5,9123056,USD
2018-01-18,NFLX,Communication Services,220.34,220.58,216.55,220.33,8225339,USD
2018-01-19,NFLX,Communication Services,222.75,223.49,218.5,220.46,10548567,USD
2018-01-22,NFLX,Communication Services,222.0,227.78,221.2,227.58,17703292,USD
2018-01-23,NFLX,Communication Services,255.05,257.71,248.02,250.29,27705332,USD
2018-01-24,NFLX,Communication Services,250.88,261.71,249.31,261.3,17352448,USD
2018-01-25,NFLX,Communication Services,263.0,272.3,260.23,269.7,15336378,USD
2018-01-26,NFLX,Communication Services,271.49,274.6,268.76,274.6,11021839,USD
2018-01-29,NFLX,Communication Services,274.2,286.81,273.92,284.59,17529748,USD
2018-01-30,NFLX,Communication Services,277.0,282.73,272.7,278.8,12482852,USD
2018-01-31,NFLX,Communication Services,281.94,282.29,269.58,270.3,11695072,USD
2018-02-01,NFLX,Communication Services,266.41,271.95,263.38,265.07,9669011,USD
2018-02-02,NFLX,Communication Services,263.0,270.62,262.71,267.43,9123610,USD
2018-02-05,NFLX,Communication Services,262.0,267.9,250.03,254.26,11896053,USD
2018-02-06,NFLX,Communication Services,247.7,266.7,245.0,265.72,12595801,USD
2018-02-07,NFLX,Communication Services,266.58,272.45,264.32,264.56,8981548,USD
2018-02-08,NFLX,Communication Services,267.08,267.62,250.0,250.1,9306701,USD
2018-02-09,NFLX,Communication Services,253.85,255.8,236.11,249.47,16906942,USD
2018-02-12,NFLX,Communication Services,252.14,259.15,249.0,257.95,8534906,USD
2018-02-13,NFLX,Communication Services,257.29,261.41,254.7,258.27,6855151,USD
2018-02-14,NFLX,Communication Services,260.47,269.88,260.33,266.0,10971985,USD
2018-02-15,NFLX,Communication Services,270.03,280.5,267.63,280.27,10759667,USD
2018-02-16,NFLX,Communication Services,278.73,281.96,275.69,278.52,8312380,USD
2018-02-20,NFLX,Communication Services,277.74,285.81,276.61,278.55,7769023,USD
2018-02-21,NFLX,Communication Services,282.07,286.64,280.01,281.04,9371121,USD
2018-02-22,NFLX,Communication Services,283.88,284.5,274.45,278.14,8891535,USD
2018-02-23,NFLX,Communication Services,281.0,286.0,277.81,285.93,7301809,USD
2018-02-26,NFLX,Communication Services,288.75,295.65,287.01,294.16,10268633,USD
2018-02-27,NFLX,Communication Services,294.77,297.36,290.59,290.61,9416489,USD
2018-02-28,NFLX,Communication Services,293.1,295.75,290.78,291.38,7653454,USD
2018-03-01,NFLX,Communication Services,292.75,295.25,283.83,290.39,11932051,USD
2018-03-02,NFLX,Communication Services,284.65,301.18,283.23,301.05,13345313,USD
2018-03-05,NFLX,Communication Services,302.85,316.91,297.6,315.0,18986100,USD
2018-03-06,NFLX,Communication Services,319.88,325.79,316.5,325.22,18525844,USD
2018-03-07,NFLX,Communication Services,320.0,323.74,314.55,321.16,17132222,USD
2018-03-08,NFLX,Communication Services,322.2,322.92,314.13,317.0,11340066,USD
2018-03-09,NFLX,Communication Services,321.33,331.44,320.23,331.44,14500219,USD
2018-03-12,NFLX,Communication Services,333.56,333.98,318.6,321.3,20369152,USD
2018-03-13,NFLX,Communication Services,323.87,325.84,313.28,315.88,12917224,USD
2018-03-14,NFLX,Communication Services,318.16,323.88,317.7,321.55,10475073,USD
2018-03-15,NFLX,Communication Services,323.17,323.4,318.14,321.09,5642883,USD
2018-03-16,NFLX,Communication Services,321.42,324.11,318.37,318.45,7333734,USD
2018-03-19,NFLX,Communication Services,315.8,317.0,307.34,313.48,9925162,USD
2018-03-20,NFLX,Communication Services,313.26,319.5,312.8,317.5,5991945,USD
2018-03-21,NFLX,Communication Services,316.35,319.4,314.51,316.48,5263911,USD
2018-03-22,NFLX,Communication Services,313.07,314.12,305.66,306.7,8063305,USD
2018-03-23,NFLX,Communication Services,307.41,310.73,300.36,300.94,9529948,USD
2018-03-26,NFLX,Communication Services,309.36,321.03,302.0,320.35,11988274,USD
2018-03-27,NFLX,Communication Services,322.49,322.9,297.0,300.69,12068632,USD
2018-03-28,NFLX,Communication Services,298.39,298.8,281.61,285.77,18972912,USD
2018-03-29,NFLX,Communication Services,287.0,295.35,275.9,295.35,19145522,USD
2018-04-02,NFLX,Communication Services,291.94,292.87,275.05,280.29,13405760,USD
2018-04-03,NFLX,Communication Services,285.45,291.25,278.01,283.67,12694862,USD
2018-04-04,NFLX,Communication Services,273.63,290.31,271.22,288.94,12913978,USD
2018-04-05,NFLX,Communication Services,293.15,299.16,289.11,293.97,10655178,USD
2018-04-06,NFLX,Communication Services,289.1,298.85,285.65,288.85,11444777,USD
2018-04-09,NFLX,Communication Services,291.77,299.55,289.12,289.93,9853564,USD
2018-04-10,NFLX,Communication Services,297.68,298.95,291.69,298.07,10719097,USD
2018-04-11,NFLX,Communication Services,302.88,311.64,301.82,303.67,14877429,USD
2018-04-12,NFLX,Communication Services,309.72,311.13,306.75,309.25,10249403,USD
2018-04-13,NFLX,Communication Services,317.29,317.49,308.23,311.65,12046573,USD
2018-04-16,NFLX,Communication Services,315.99,316.1,304.0,307.78,20307920,USD
2018-04-17,NFLX,Communication Services,329.66,338.62,323.77,336.06,33866456,USD
2018-04-18,NFLX,Communication Services,336.3,338.82,331.1,334.52,11221139,USD
2018-04-19,NFLX,Communication Services,332.88,335.31,326.77,332.7,8438825,USD
2018-04-20,NFLX,Communication Services,332.22,336.51,326.0,327.77,9158655,USD
2018-04-23,NFLX,Communication Services,329.15,331.22,317.08,318.69,8968015,USD
2018-04-24,NFLX,Communication Services,319.22,320.25,302.31,307.02,13893217,USD
2018-04-25,NFLX,Communication Services,306.37,309.98,292.62,305.76,14919698,USD
2018-04-26,NFLX,Communication Services,310.0,316.63,305.58,313.98,9266699,USD
2018-04-27,NFLX,Communication Services,316.25,317.45,306.5,311.76,7074384,USD
2018-04-30,NFLX,Communication Services,311.07,317.88,310.12,312.46,6088787,USD
2018-05-01,NFLX,Communication Services,310.36,313.48,306.69,313.3,6036639,USD
2018-05-02,NFLX,Communication Services,311.65,317.1,310.4,313.36,5697120,USD
2018-05-03,NFLX,Communication Services,312.59,312.59,305.73,311.69,6135828,USD
2018-05-04,NFLX,Communication Services,308.71,320.98,307.67,320.09,8209513,USD
2018-05-07,NFLX,Communication Services,321.99,329.02,319.34,326.26,7117823,USD
2018-05-08,NFLX,Communication Services,325.9,327.35,323.05,326.89,4735738,USD
2018-05-09,NFLX,Communication Services,328.79,331.95,327.51,330.3,5633444,USD
2018-05-10,NFLX,Communication Services,331.5,332.06,327.34,329.6,5302254,USD
2018-05-11,NFLX,Communication Services,329.65,331.26,324.87,326.46,4589731,USD
2018-05-14,NFLX,Communication Services,327.25,330.5,327.04,328.53,4089800,USD
2018-05-15,NFLX,Communication Services,325.94,326.94,322.43,326.13,4746096,USD
2018-05-16,NFLX,Communication Services,326.28,329.72,325.14,328.19,3671690,USD
2018-05-17,NFLX,Communication Services,327.53,330.45,323.17,325.22,4935708,USD
2018-05-18,NFLX,Communication Services,324.9,326.42,322.8,324.18,3577717,USD
2018-05-21,NFLX,Communication Services,327.11,331.88,325.45,331.82,6657326,USD
2018-05-22,NFLX,Communication Services,334.05,336.63,331.15,331.62,5964448,USD
2018-05-23,NFLX,Communication Services,329.04,345.0,328.09,344.72,10049147,USD
2018-05-24,NFLX,Communication Services,344.34,354.0,341.12,349.29,14758553,USD
2018-05-25,NFLX,Communication Services,349.9,354.36,348.83,351.29,7817400,USD
2018-05-29,NFLX,Communication Services,351.5,356.1,346.71,349.73,9717921,USD
2018-05-30,NFLX,Communication Services,352.37,354.0,349.26,353.54,5685531,USD
2018-05-31,NFLX,Communication Services,353.8,355.53,350.21,351.6,6921687,USD
2018-06-01,NFLX,Communication Services,353.88,359.99,352.82,359.93,7112292,USD
2018-06-04,NFLX,Communication Services,362.68,363.0,355.51,361.81,7681995,USD
2018-06-05,NFLX,Communication Services,363.32,369.83,361.41,365.8,8358045,USD
2018-06-06,NFLX,Communication Services,367.78,369.68,363.33,367.45,7712302,USD
2018-06-07,NFLX,Communication Services,368.54,368.7,357.8,361.4,8278040,USD
2018-06-08,NFLX,Communication Services,358.06,362.39,356.25,360.57,5225736,USD
2018-06-11,NFLX,Communication Services,361.88,365.67,360.91,361.45,4432445,USD
2018-06-12,NFLX,Communication Services,363.6,365.98,362.0,363.83,4290969,USD
2018-06-13,NFLX,Communication Services,367.53,384.25,364.11,379.93,18222800,USD
2018-06-14,NFLX,Communication Services,384.27,395.03,383.25,392.87,14598333,USD
2018-06-15,NFLX,Communication Services,390.71,398.86,387.51,391.98,13588114,USD
2018-06-18,NFLX,Communication Services,387.72,393.16,386.5,390.4,6824794,USD
2018-06-19,NFLX,Communication Services,389.5,405.29,388.5,404.98,16697104,USD
2018-06-20,NFLX,Communication Services,415.15,419.47,409.6,416.76,16494572,USD
2018-06-21,NFLX,Communication Services,421.38,423.21,406.37,415.44,18389936,USD
2018-06-22,NFLX,Communication Services,419.98,420.5,409.65,411.09,10428621,USD
2018-06-25,NFLX,Communication Services,404.69,405.99,378.75,384.48,22490922,USD
2018-06-26,NFLX,Communication Services,393.28,404.78,389.05,399.39,15191157,USD
2018-06-27,NFLX,Communication Services,407.56,411.59,390.0,390.39,16541426,USD
2018-06-28,NFLX,Communication Services,395.0,396.9,387.1,395.42,12219888,USD
2018-06-29,NFLX,Communication Services,399.19,401.33,390.55,391.43,9252511,USD
2018-07-02,NFLX,Communication Services,385.45,398.38,380.0,398.18,8142457,USD
2018-07-03,NFLX,Communication Services,399.49,399.98,389.5,390.52,5280344,USD
2018-07-05,NFLX,Communication Services,393.8,399.24,390.86,398.39,8448937,USD
2018-07-06,NFLX,Communication Services,397.45,408.65,395.52,408.25,8629606,USD
2018-07-09,NFLX,Communication Services,415.95,419.12,411.1,418.97,11127477,USD
2018-07-10,NFLX,Communication Services,417.24,419.44,413.08,415.63,9382944,USD
2018-07-11,NFLX,Communication Services,411.34,419.77,410.6,418.65,9713904,USD
2018-07-12,NFLX,Communication Services,415.16,416.79,407.8,413.5,12743273,USD
2018-07-13,NFLX,Communication Services,409.19,410.0,395.08,395.8,15747266,USD
2018-07-16,NFLX,Communication Services,398.98,403.36,391.75,400.48,22959984,USD
2018-07-17,NFLX,Communication Services,346.95,385.0,344.0,379.48,58410360,USD
2018-07-18,NFLX,Communication Services,381.24,383.13,372.36,375.13,21746266,USD
2018-07-19,NFLX,Communication Services,371.06,375.75,363.0,364.23,16878680,USD
2018-07-20,NFLX,Communication Services,364.92,370.5,360.14,361.05,15113740,USD
2018-07-23,NFLX,Communication Services,359.15,363.9,353.6,362.66,11505232,USD
2018-07-24,NFLX,Communication Services,366.94,367.4,354.56,357.32,12851457,USD
2018-07-25,NFLX,Communication Services,357.57,363.28,355.65,362.87,8516248,USD
2018-07-26,NFLX,Communication Services,358.19,365.54,356.62,363.09,6993684,USD
2018-07-27,NFLX,Communication Services,366.85,367.0,351.65,355.21,8949491,USD
2018-07-30,NFLX,Communication Services,351.93,352.03,334.02,334.96,18260710,USD
2018-07-31,NFLX,Communication Services,331.51,342.5,328.0,337.45,14085369,USD
2018-08-01,NFLX,Communication Services,335.87,344.41,334.02,338.38,7790477,USD
2018-08-02,NFLX,Communication Services,337.23,345.0,334.71,344.5,7131328,USD
2018-08-03,NFLX,Communication Services,347.75,347.86,338.48,343.09,8848367,USD
2018-08-06,NFLX,Communication Services,342.87,351.98,341.74,350.92,8198076,USD
2018-08-07,NFLX,Communication Services,353.23,357.31,349.01,351.83,7970930,USD
2018-08-08,NFLX,Communication Services,352.21,352.29,346.61,347.61,5402465,USD
2018-08-09,NFLX,Communication Services,347.96,352.44,345.82,349.36,4820313,USD
2018-08-10,NFLX,Communication Services,346.91,349.1,344.42,345.87,4337481,USD
2018-08-13,NFLX,Communication Services,339.89,347.19,339.07,341.31,6893649,USD
2018-08-14,NFLX,Communication Services,342.09,342.41,336.25,337.49,5805182,USD
2018-08-15,NFLX,Communication Services,334.03,335.5,321.0,326.4,11784485,USD
2018-08-16,NFLX,Communication Services,329.9,331.17,321.21,322.44,6689733,USD
2018-08-17,NFLX,Communication Services,319.01,324.37,312.96,316.78,10407908,USD
2018-08-20,NFLX,Communication Services,314.64,331.6,310.93,327.73,13591100,USD
2018-08-21,NFLX,Communication Services,331.0,341.5,329.7,338.02,14783246,USD
2018-08-22,NFLX,Communication Services,338.49,346.21,337.41,344.44,8930669,USD
2018-08-23,NFLX,Communication Services,348.11,350.08,337.65,339.17,11336425,USD
2018-08-24,NFLX,Communication Services,346.0,359.15,344.54,358.82,14729137,USD
2018-08-27,NFLX,Communication Services,367.15,374.49,360.0,364.58,17427304,USD
2018-08-28,NFLX,Communication Services,367.23,369.99,360.38,368.49,9222617,USD
2018-08-29,NFLX,Communication Services,367.2,369.86,362.91,368.04,8118734,USD
2018-08-30,NFLX,Communication Services,365.0,376.81,363.54,370.98,10981013,USD
2018-08-31,NFLX,Communication Services,370.66,376.0,367.08,367.68,7943443,USD
2018-09-04,NFLX,Communication Services,366.47,368.88,361.26,363.6,7605161,USD
2018-09-05,NFLX,Communication Services,360.0,363.39,335.83,341.18,13092847,USD
2018-09-06,NFLX,Communication Services,347.44,356.0,341.99,346.46,13050156,USD
2018-09-07,NFLX,Communication Services,342.2,355.75,341.25,348.68,9105817,USD
2018-09-10,NFLX,Communication Services,352.27,352.5,343.08,348.41,5752184,USD
2018-09-11,NFLX,Communication Services,344.67,356.15,343.9,355.93,6198063,USD
2018-09-12,NFLX,Communication Services,359.08,370.43,356.24,369.95,10480769,USD
2018-09-13,NFLX,Communication Services,371.91,374.09,366.84,368.15,8366122,USD
2018-09-14,NFLX,Communication Services,368.55,371.09,363.46,364.56,4756426,USD
2018-09-17,NFLX,Communication Services,364.22,367.33,349.57,350.35,7071945,USD
2018-09-18,NFLX,Communication Services,353.67,368.15,351.56,367.65,10413981,USD
2018-09-19,NFLX,Communication Services,373.95,377.61,359.17,366.96,11876841,USD
2018-09-20,NFLX,Communication Services,370.26,370.26,363.17,365.36,6768086,USD
2018-09-21,NFLX,Communication Services,366.59,372.22,360.74,361.19,11930568,USD
2018-09-24,NFLX,Communication Services,359.0,373.64,354.33,369.61,9322522,USD
2018-09-25,NFLX,Communication Services,370.23,371.34,364.49,369.43,6799816,USD
2018-09-26,NFLX,Communication Services,373.59,382.0,370.88,377.88,13799728,USD
2018-09-27,NFLX,Communication Services,379.87,383.2,376.0,380.71,7326246,USD
2018-09-28,NFLX,Communication Services,379.24,380.8,373.73,374.13,7114878,USD
2018-10-01,NFLX,Communication Services,375.85,386.11,375.59,381.43,8376560,USD
2018-10-02,NFLX,Communication Services,384.38,386.8,373.83,377.14,8638717,USD
2018-10-03,NFLX,Communication Services,378.53,380.93,374.88,377.05,5798605,USD
2018-10-04,NFLX,Communication Services,375.88,375.92,360.4,363.65,9074350,USD
2018-10-05,NFLX,Communication Services,359.77,363.5,343.0,351.35,13522957,USD
2018-10-08,NFLX,Communication Services,345.18,352.94,338.11,349.1,12375496,USD
2018-10-09,NFLX,Communication Services,348.48,358.72,347.09,355.71,8754990,USD
2018-10-10,NFLX,Communication Services,353.52,355.15,325.39,325.89,17183120,USD
2018-10-11,NFLX,Communication Services,324.94,334.2,315.81,321.1,16082056,USD
2018-10-12,NFLX,Communication Services,339.57,341.3,328.9,339.56,14870830,USD
2018-10-15,NFLX,Communication Services,337.63,339.21,326.93,333.13,11214956,USD
2018-10-16,NFLX,Communication Services,337.24,347.95,330.56,346.4,20156418,USD
2018-10-17,NFLX,Communication Services,378.33,380.0,356.5,364.7,32610948,USD
2018-10-18,NFLX,Communication Services,360.67,362.2,346.05,346.71,18461040,USD
2018-10-19,NFLX,Communication Services,351.0,355.8,332.2,332.67,16717233,USD
2018-10-22,NFLX,Communication Services,333.1,335.8,320.34,329.54,17097176,USD
2018-10-23,NFLX,Communication Services,318.0,336.58,316.77,333.16,14907326,USD
2018-10-24,NFLX,Communication Services,332.28,333.0,300.73,301.83,19039296,USD
2018-10-25,NFLX,Communication Services,307.12,319.94,305.25,312.87,13346921,USD
2018-10-26,NFLX,Communication Services,300.51,313.99,292.3,299.83,19616040,USD
2018-10-29,NFLX,Communication Services,305.26,307.89,275.4,284.84,21698840,USD
2018-10-30,NFLX,Communication Services,275.57,290.52,271.21,285.81,23685702,USD
2018-10-31,NFLX,Communication Services,297.77,311.5,295.05,301.78,20360342,USD
2018-11-01,NFLX,Communication Services,304.59,318.45,296.67,317.38,15121450,USD
2018-11-02,NFLX,Communication Services,318.0,321.88,308.33,309.1,13404646,USD
2018-11-05,NFLX,Communication Services,311.1,317.53,303.74,315.44,10283044,USD
2018-11-06,NFLX,Communication Services,314.76,320.22,305.3,310.84,9710424,USD
2018-11-07,NFLX,Communication Services,312.9,328.56,311.0,327.5,13328328,USD
2018-11-08,NFLX,Communication Services,328.0,332.05,316.61,317.92,11023853,USD
2018-11-09,NFLX,Communication Services,311.07,312.98,298.01,303.47,13480792,USD
2018-11-12,NFLX,Communication Services,300.0,302.49,290.63,294.07,10924827,USD
2018-11-13,NFLX,Communication Services,295.0,303.55,289.1,294.4,12232162,USD
2018-11-14,NFLX,Communication Services,300.4,301.84,278.3,286.73,16853574,USD
2018-11-15,NFLX,Communication Services,285.51,292.5,282.16,290.06,9967098,USD
2018-11-16,NFLX,Communication Services,287.14,291.72,281.0,286.21,9099485,USD
2018-11-19,NFLX,Communication Services,283.79,285.09,269.15,270.6,12993797,USD
2018-11-20,NFLX,Communication Services,254.63,276.34,250.0,266.98,16693809,USD
2018-11-21,NFLX,Communication Services,274.42,275.34,261.51,262.13,11023037,USD
2018-11-23,NFLX,Communication Services,260.11,265.5,256.84,258.82,5245123,USD
2018-11-26,NFLX,Communication Services,260.55,266.25,253.8,261.43,12498560,USD
2018-11-27,NFLX,Communication Services,259.24,269.08,256.14,266.63,11149501,USD
2018-11-28,NFLX,Communication Services,271.98,284.0,263.34,282.65,14801333,USD
2018-11-29,NFLX,Communication Services,282.32,290.49,275.5,288.75,15431538,USD
2018-11-30,NFLX,Communication Services,288.0,290.81,283.06,286.13,11860117,USD
2018-12-03,NFLX,Communication Services,293.19,298.72,284.58,290.3,14117370,USD
2018-12-04,NFLX,Communication Services,288.13,295.74,274.72,275.33,12800586,USD
2018-12-06,NFLX,Communication Services,268.33,283.22,267.14,282.88,13074324,USD
2018-12-07,NFLX,Communication Services,282.48,284.21,263.38,265.14,12466711,USD
2018-12-10,NFLX,Communication Services,264.19,271.18,260.61,269.7,9605553,USD
2018-12-11,NFLX,Communication Services,274.08,274.5,262.76,265.32,9843199,USD
2018-12-12,NFLX,Communication Services,267.66,281.77,266.48,274.88,11456716,USD
2018-12-13,NFLX,Communication Services,277.64,279.32,271.85,276.02,8379292,USD
2018-12-14,NFLX,Communication Services,271.81,277.67,265.0,266.84,9915319,USD
2018-12-17,NFLX,Communication Services,266.51,272.98,261.07,262.8,9634734,USD
2018-12-18,NFLX,Communication Services,263.3,275.75,263.29,270.94,10350079,USD
2018-12-19,NFLX,Communication Services,269.96,280.87,263.77,266.77,13788448,USD
2018-12-20,NFLX,Communication Services,264.64,269.9,251.88,260.58,16792928,USD
2018-12-21,NFLX,Communication Services,263.83,264.5,241.29,246.39,21397596,USD
2018-12-24,NFLX,Communication Services,242.0,250.65,233.68,233.88,9547616,USD
2018-12-26,NFLX,Communication Services,233.92,254.5,231.23,253.67,14402735,USD
2018-12-27,NFLX,Communication Services,250.11,255.59,240.1,255.56,12235217,USD
2018-12-28,NFLX,Communication Services,257.94,261.91,249.8,256.08,10987286,USD
2018-12-31,NFLX,Communication Services,260.16,270.1,260.0,267.66,13508920,USD
2019-01-02,NFLX,Communication Services,259.28,269.75,256.58,267.66,11679528,USD
2019-01-03,NFLX,Communication Services,270.2,275.79,264.43,271.2,14969647,USD
2019-01-04,NFLX,Communication Services,281.88,297.8,278.54,297.57,19330102,USD
2019-01-07,NFLX,Communication Services,302.1,316.8,301.65,315.34,18620116,USD
2019-01-08,NFLX,Communication Services,319.98,320.59,308.01,320.27,15359180,USD
2019-01-09,NFLX,Communication Services,317.71,323.35,313.5,319.96,13343152,USD
2019-01-10,NFLX,Communication Services,314.57,325.37,312.5,324.66,13472475,USD
2019-01-11,NFLX,Communication Services,330.96,341.09,328.52,337.59,19500428,USD
2019-01-14,NFLX,Communication Services,334.24,335.48,329.13,332.94,10499582,USD
2019-01-15,NFLX,Communication Services,349.6,357.22,347.0,354.64,21181234,USD
2019-01-16,NFLX,Communication Services,354.0,358.85,348.11,351.39,15385548,USD
2019-01-17,NFLX,Communication Services,349.5,355.79,346.41,353.19,18871196,USD
2019-01-18,NFLX,Communication Services,351.97,353.0,336.73,339.1,26621040,USD
2019-01-22,NFLX,Communication Services,334.89,336.88,321.03,325.16,17941416,USD
2019-01-23,NFLX,Communication Services,328.25,331.75,318.6,321.99,13480138,USD
2019-01-24,NFLX,Communication Services,320.6,331.8,319.0,326.67,11131627,USD
2019-01-25,NFLX,Communication Services,328.72,340.0,328.51,338.05,11166609,USD
2019-01-28,NFLX,Communication Services,334.7,336.3,328.88,335.66,8652082,USD
2019-01-29,NFLX,Communication Services,335.87,338.22,328.15,328.9,7655189,USD
2019-01-30,NFLX,Communication Services,332.75,341.78,330.8,340.66,9234530,USD
2019-01-31,NFLX,Communication Services,339.68,345.99,338.09,339.5,8535517,USD
2019-02-01,NFLX,Communication Services,337.18,346.84,336.5,339.85,9827760,USD
2019-02-04,NFLX,Communication Services,342.6,352.0,341.3,351.34,9051387,USD
2019-02-05,NFLX,Communication Services,353.2,360.0,352.9,355.81,9046623,USD
2019-02-06,NFLX,Communication Services,357.0,357.04,347.19,352.19,6717662,USD
2019-02-07,NFLX,Communication Services,347.9,348.75,339.02,344.71,7864529,USD
2019-02-08,NFLX,Communication Services,338.0,348.0,338.0,347.57,7561391,USD
2019-02-11,NFLX,Communication Services,350.0,352.87,344.81,345.73,5454863,USD
2019-02-12,NFLX,Communication Services,348.09,360.0,346.52,359.97,10429399,USD
2019-02-13,NFLX,Communication Services,357.3,359.6,350.28,351.77,10559146,USD
2019-02-14,NFLX,Communication Services,351.75,360.45,348.33,359.07,9295338,USD
2019-02-15,NFLX,Communication Services,358.47,364.4,355.5,356.87,9229980,USD
2019-02-19,NFLX,Communication Services,355.8,365.0,355.32,361.92,7396559,USD
2019-02-20,NFLX,Communication Services,364.85,366.71,356.7,359.91,8110741,USD
2019-02-21,NFLX,Communication Services,360.03,362.85,353.88,356.97,6227897,USD
2019-02-22,NFLX,Communication Services,360.34,366.13,360.05,363.02,7088214,USD
2019-02-25,NFLX,Communication Services,367.01,371.49,363.79,363.91,7569320,USD
2019-02-26,NFLX,Communication Services,362.98,365.7,359.33,364.97,4944593,USD
2019-02-27,NFLX,Communication Services,363.5,368.03,359.8,362.87,5629945,USD
2019-02-28,NFLX,Communication Services,362.47,366.39,357.71,358.1,6186763,USD
2019-03-01,NFLX,Communication Services,362.26,362.87,354.69,357.32,5526539,USD
2019-03-04,NFLX,Communication Services,359.72,362.25,348.04,351.04,7486996,USD
2019-03-05,NFLX,Communication Services,351.46,356.17,348.25,354.3,5937754,USD
2019-03-06,NFLX,Communication Services,353.6,359.88,351.7,359.61,6211895,USD
2019-03-07,NFLX,Communication Services,360.16,362.86,350.5,352.6,6151331,USD
2019-03-08,NFLX,Communication Services,345.75,349.92,342.47,349.6,6898838,USD
2019-03-11,NFLX,Communication Services,352.0,358.98,350.03,358.86,5387285,USD
2019-03-12,NFLX,Communication Services,359.37,360.13,353.8,356.27,5164571,USD
2019-03-13,NFLX,Communication Services,355.81,362.48,352.76,361.21,6444092,USD
2019-03-14,NFLX,Communication Services,360.5,363.84,358.1,358.82,5271429,USD
2019-03-15,NFLX,Communication Services,361.02,364.0,358.89,361.46,8443210,USD
2019-03-18,NFLX,Communication Services,362.47,370.97,361.86,363.44,7194726,USD
2019-03-19,NFLX,Communication Services,366.4,366.96,356.8,358.78,7541425,USD
2019-03-20,NFLX,Communication Services,358.91,375.9,357.01,375.22,10917165,USD
2019-03-21,NFLX,Communication Services,374.0,379.0,370.61,377.87,8544017,USD
2019-03-22,NFLX,Communication Services,375.95,376.43,360.04,361.01,8661346,USD
2019-03-25,NFLX,Communication Services,359.0,367.04,357.44,366.23,8473845,USD
2019-03-26,NFLX,Communication Services,367.87,368.38,358.02,359.97,7666475,USD
2019-03-27,NFLX,Communication Services,361.0,362.47,350.37,353.37,7852370,USD
2019-03-28,NFLX,Communication Services,354.49,355.94,349.2,354.61,4360960,USD
2019-03-29,NFLX,Communication Services,357.16,358.25,353.71,356.56,4705636,USD
2019-04-01,NFLX,Communication Services,359.0,368.33,358.51,366.96,7036097,USD
2019-04-02,NFLX,Communication Services,366.25,368.42,362.22,367.72,5158742,USD
2019-04-03,NFLX,Communication Services,369.26,373.41,366.19,369.75,5376623,USD
2019-04-04,NFLX,Communication Services,370.07,372.05,362.4,367.88,4627305,USD
2019-04-05,NFLX,Communication Services,369.0,369.8,364.66,365.49,3905493,USD
2019-04-08,NFLX,Communication Services,365.11,365.94,359.93,361.41,4653810,USD
2019-04-09,NFLX,Communication Services,360.54,366.74,359.0,364.71,5439228,USD
2019-04-10,NFLX,Communication Services,365.79,368.85,362.25,363.92,4545561,USD
2019-04-11,NFLX,Communication Services,365.0,370.12,360.81,367.65,6526899,USD
2019-04-12,NFLX,Communication Services,360.69,361.75,349.36,351.14,15646199,USD
2019-04-15,NFLX,Communication Services,350.71,352.21,342.27,348.87,8842344,USD
2019-04-16,NFLX,Communication Services,355.0,364.48,352.72,359.46,18740232,USD
2019-04-17,NFLX,Communication Services,365.05,368.76,350.6,354.74,18054100,USD
2019-04-18,NFLX,Communication Services,355.0,360.41,351.64,360.35,8353165,USD
2019-04-22,NFLX,Communication Services,359.7,377.69,359.0,377.34,11980534,USD
2019-04-23,NFLX,Communication Services,375.45,384.8,374.71,381.89,10089820,USD
2019-04-24,NFLX,Communication Services,381.07,381.9,373.27,374.23,6541872,USD
2019-04-25,NFLX,Communication Services,374.49,374.76,365.7,368.33,6255496,USD
2019-04-26,NFLX,Communication Services,368.35,375.14,366.24,374.85,5621901,USD
2019-04-29,NFLX,Communication Services,373.68,374.58,369.12,371.83,3821703,USD
2019-04-30,NFLX,Communication Services,369.56,374.5,368.35,370.54,3870095,USD
2019-05-01,NFLX,Communication Services,374.0,385.99,373.17,378.81,9257284,USD
2019-05-02,NFLX,Communication Services,378.0,383.5,374.51,379.06,5398167,USD
2019-05-03,NFLX,Communication Services,381.53,385.03,378.27,385.03,5130301,USD
2019-05-06,NFLX,Communication Services,377.69,381.35,376.0,378.67,5793144,USD
2019-05-07,NFLX,Communication Services,377.0,379.91,365.81,370.46,6974924,USD
2019-05-08,NFLX,Communication Services,367.92,369.0,361.36,364.37,6571957,USD
2019-05-09,NFLX,Communication Services,360.9,364.2,352.75,362.75,5882572,USD
2019-05-10,NFLX,Communication Services,361.62,365.26,353.06,361.04,5657123,USD
2019-05-13,NFLX,Communication Services,352.29,354.26,343.1,345.26,8026697,USD
2019-05-14,NFLX,Communication Services,348.71,349.95,342.5,345.61,5353029,USD
2019-05-15,NFLX,Communication Services,343.34,356.5,341.39,354.99,6340118,USD
2019-05-16,NFLX,Communication Services,356.37,364.0,353.94,359.31,6441463,USD
2019-05-17,NFLX,Communication Services,356.39,359.62,353.79,354.45,4725448,USD
2019-05-20,NFLX,Communication Services,351.23,352.42,345.4,348.11,4621515,USD
2019-05-21,NFLX,Communication Services,350.95,356.43,349.93,354.27,4026369,USD
2019-05-22,NFLX,Communication Services,358.01,370.46,357.3,359.73,6229389,USD
2019-05-23,NFLX,Communication Services,355.5,357.42,347.7,352.21,5630443,USD
2019-05-24,NFLX,Communication Services,355.41,359.44,353.79,354.39,3830963,USD
2019-05-28,NFLX,Communication Services,354.39,361.2,353.64,354.78,4717144,USD
2019-05-29,NFLX,Communication Services,353.6,353.85,345.9,349.19,5658913,USD
2019-05-30,NFLX,Communication Services,350.55,354.21,348.3,351.85,4008042,USD
2019-05-31,NFLX,Communication Services,347.22,349.34,342.92,343.28,5023449,USD
2019-06-03,NFLX,Communication Services,343.56,347.66,332.65,336.63,7849589,USD
2019-06-04,NFLX,Communication Services,345.0,353.61,343.25,353.4,7891632,USD
2019-06-05,NFLX,Communication Services,354.38,357.88,348.71,355.73,5020081,USD
2019-06-06,NFLX,Communication Services,354.84,358.21,352.09,357.13,3709955,USD
2019-06-07,NFLX,Communication Services,357.39,365.15,355.69,360.87,4777321,USD
2019-06-10,NFLX,Communication Services,363.65,367.1,349.29,352.01,7810261,USD
2019-06-11,NFLX,Communication Services,355.0,357.58,348.5,351.27,5396712,USD
2019-06-12,NFLX,Communication Services,351.82,353.61,343.23,345.56,4584704,USD
2019-06-13,NFLX,Communication Services,347.23,348.5,339.25,343.43,6209347,USD
2019-06-14,NFLX,Communication Services,341.63,343.4,336.15,339.73,5019011,USD
2019-06-17,NFLX,Communication Services,342.69,351.77,342.06,350.62,5358219,USD
2019-06-18,NFLX,Communication Services,355.57,361.5,353.75,357.12,5428542,USD
2019-06-19,NFLX,Communication Services,361.72,364.74,356.12,363.52,5667156,USD
2019-06-20,NFLX,Communication Services,365.91,370.12,361.21,365.21,5899467,USD
2019-06-21,NFLX,Communication Services,365.0,371.45,365.0,369.21,7448356,USD
2019-06-24,NFLX,Communication Services,370.27,375.0,370.2,371.04,4830240,USD
2019-06-25,NFLX,Communication Services,370.75,371.0,358.29,360.3,5750383,USD
2019-06-26,NFLX,Communication Services,361.6,366.79,361.6,362.2,3669677,USD
2019-06-27,NFLX,Communication Services,363.2,370.85,363.2,370.02,4138575,USD
2019-06-28,NFLX,Communication Services,370.26,371.54,364.87,367.32,4592706,USD
2019-07-01,NFLX,Communication Services,373.5,376.66,372.0,374.6,5001518,USD
2019-07-02,NFLX,Communication Services,374.89,376.0,370.31,375.43,3628962,USD
2019-07-03,NFLX,Communication Services,376.69,381.99,375.84,381.72,3799009,USD
2019-07-05,NFLX,Communication Services,378.29,381.4,375.56,380.55,3732162,USD
2019-07-08,NFLX,Communication Services,378.19,378.25,375.36,376.16,3113402,USD
2019-07-09,NFLX,Communication Services,379.06,384.76,377.5,379.93,6932822,USD
2019-07-10,NFLX,Communication Services,382.77,384.34,377.4,381.0,5878790,USD
2019-07-11,NFLX,Communication Services,381.1,384.54,378.8,379.5,4336287,USD
2019-07-12,NFLX,Communication Services,378.68,379.74,372.79,373.25,6636937,USD
2019-07-15,NFLX,Communication Services,372.94,373.68,362.3,366.6,7944680,USD
2019-07-16,NFLX,Communication Services,370.09,371.34,364.92,365.99,5863222,USD
2019-07-17,NFLX,Communication Services,366.25,366.5,361.75,362.44,13639536,USD
2019-07-18,NFLX,Communication Services,323.76,329.85,320.3,325.21,31305900,USD
2019-07-19,NFLX,Communication Services,323.4,325.85,314.23,315.1,16302482,USD
2019-07-22,NFLX,Communication Services,312.0,314.54,305.81,310.62,17725334,USD
2019-07-23,NFLX,Communication Services,311.44,313.5,306.0,307.3,9171068,USD
2019-07-24,NFLX,Communication Services,310.51,319.99,307.25,317.94,11961818,USD
2019-07-25,NFLX,Communication Services,318.86,327.69,316.3,326.46,10798496,USD
2019-07-26,NFLX,Communication Services,328.79,336.0,327.5,335.78,10847495,USD
2019-07-29,NFLX,Communication Services,335.98,336.4,328.77,332.7,5782817,USD
2019-07-30,NFLX,Communication Services,329.2,329.65,323.23,325.93,6029320,USD
2019-07-31,NFLX,Communication Services,325.16,331.77,318.53,322.99,6259494,USD
2019-08-01,NFLX,Communication Services,324.25,328.58,318.74,319.5,6563156,USD
2019-08-02,NFLX,Communication Services,317.49,319.41,311.8,318.83,6280343,USD
2019-08-05,NFLX,Communication Services,310.96,313.42,304.68,307.63,8692485,USD
2019-08-06,NFLX,Communication Services,310.58,311.88,305.3,310.1,6179090,USD
2019-08-07,NFLX,Communication Services,302.56,305.0,296.81,304.29,9322433,USD
2019-08-08,NFLX,Communication Services,311.03,316.36,306.63,315.9,5905865,USD
2019-08-09,NFLX,Communication Services,313.74,316.64,305.68,308.93,5349059,USD
2019-08-12,NFLX,Communication Services,305.46,312.89,303.24,310.83,6531722,USD
2019-08-13,NFLX,Communication Services,309.77,316.43,308.16,312.28,5338761,USD
2019-08-14,NFLX,Communication Services,308.01,308.41,298.0,299.11,7355753,USD
2019-08-15,NFLX,Communication Services,299.5,300.63,288.0,295.76,9683384,USD
2019-08-16,NFLX,Communication Services,298.86,303.55,296.27,302.8,7090757,USD
2019-08-19,NFLX,Communication Services,306.25,311.75,304.75,309.38,4951733,USD
2019-08-20,NFLX,Communication Services,304.57,305.0,297.68,298.99,7352162,USD
2019-08-21,NFLX,Communication Services,301.61,302.88,296.2,297.81,5689746,USD
2019-08-22,NFLX,Communication Services,298.65,300.33,293.15,296.93,4977042,USD
2019-08-23,NFLX,Communication Services,295.0,299.01,290.32,291.44,6331189,USD
2019-08-26,NFLX,Communication Services,295.24,296.95,292.5,294.98,4696982,USD
2019-08-27,NFLX,Communication Services,294.54,296.77,287.2,291.03,6314559,USD
2019-08-28,NFLX,Communication Services,289.47,292.82,287.75,291.77,3958043,USD
2019-08-29,NFLX,Communication Services,295.0,299.93,294.99,296.78,4392532,USD
2019-08-30,NFLX,Communication Services,298.78,298.94,290.85,293.75,4447990,USD
2019-09-03,NFLX,Communication Services,290.82,293.9,288.06,289.29,3684177,USD
2019-09-04,NFLX,Communication Services,291.25,292.38,286.51,291.52,4653665,USD
2019-09-05,NFLX,Communication Services,285.32,293.97,282.79,293.25,8972356,USD
2019-09-06,NFLX,Communication Services,293.35,293.35,287.03,290.17,5166556,USD
2019-09-09,NFLX,Communication Services,294.81,301.55,290.6,294.34,8232744,USD
2019-09-10,NFLX,Communication Services,291.16,297.17,282.66,287.99,12320248,USD
2019-09-11,NFLX,Communication Services,285.7,292.65,284.61,288.27,7405949,USD
2019-09-12,NFLX,Communication Services,288.1,292.73,286.6,288.86,5010927,USD
2019-09-13,NFLX,Communication Services,290.61,296.62,290.04,294.15,6583124,USD
2019-09-16,NFLX,Communication Services,294.23,297.43,289.78,294.29,5307386,USD
2019-09-17,NFLX,Communication Services,294.5,299.15,291.79,298.6,4817119,USD
2019-09-18,NFLX,Communication Services,294.99,296.05,287.45,291.56,7841539,USD
2019-09-19,NFLX,Communication Services,291.56,293.81,283.4,286.6,8545761,USD
2019-09-20,NFLX,Communication Services,280.26,282.5,266.0,270.75,23954192,USD
2019-09-23,NFLX,Communication Services,268.35,273.39,261.89,265.92,13610294,USD
2019-09-24,NFLX,Communication Services,262.5,265.0,252.28,254.59,16392808,USD
2019-09-25,NFLX,Communication Services,255.71,266.6,253.7,264.75,11846748,USD
2019-09-26,NFLX,Communication Services,266.42,268.05,260.2,263.31,7696858,USD
2019-09-27,NFLX,Communication Services,266.18,267.44,260.39,263.08,7367491,USD
2019-09-30,NFLX,Communication Services,264.0,268.88,262.78,267.62,6823100,USD
2019-10-01,NFLX,Communication Services,267.35,272.2,264.03,269.58,8786284,USD
2019-10-02,NFLX,Communication Services,263.61,269.35,262.19,268.03,7773299,USD
2019-10-03,NFLX,Communication Services,267.78,268.84,257.01,268.15,9068810,USD
2019-10-04,NFLX,Communication Services,268.2,275.48,266.47,272.79,9992774,USD
2019-10-07,NFLX,Communication Services,271.99,276.68,271.28,274.46,6796811,USD
2019-10-08,NFLX,Communication Services,273.03,275.53,270.64,270.72,6302269,USD
2019-10-09,NFLX,Communication Services,270.02,271.0,264.57,267.53,6843488,USD
2019-10-10,NFLX,Communication Services,265.97,280.53,265.03,280.48,10961191,USD
2019-10-11,NFLX,Communication Services,284.8,287.87,275.89,282.93,8817301,USD
2019-10-14,NFLX,Communication Services,283.93,286.93,282.0,285.53,5543120,USD
2019-10-15,NFLX,Communication Services,283.82,285.87,279.4,284.25,7728161,USD
2019-10-16,NFLX,Communication Services,283.12,288.17,280.74,286.28,18413336,USD
2019-10-17,NFLX,Communication Services,304.49,308.75,288.3,293.35,38462344,USD
2019-10-18,NFLX,Communication Services,289.36,290.9,273.36,275.3,23449638,USD
2019-10-21,NFLX,Communication Services,272.89,279.94,269.0,278.05,12633959,USD
2019-10-22,NFLX,Communication Services,271.16,275.41,265.8,266.69,11865593,USD
2019-10-23,NFLX,Communication Services,268.06,273.92,266.63,271.27,7154430,USD
2019-10-24,NFLX,Communication Services,271.81,274.02,268.8,271.5,4911033,USD
2019-10-25,NFLX,Communication Services,270.68,277.77,270.18,276.82,4747829,USD
2019-10-28,NFLX,Communication Services,278.05,285.75,277.35,281.86,6248433,USD
2019-10-29,NFLX,Communication Services,281.87,284.41,277.55,281.21,4356181,USD
2019-10-30,NFLX,Communication Services,284.34,293.49,283.0,291.45,9345562,USD
2019-10-31,NFLX,Communication Services,291.0,291.45,284.78,287.41,5090021,USD
2019-11-01,NFLX,Communication Services,288.7,289.12,283.02,286.81,5594293,USD
2019-11-04,NFLX,Communication Services,288.0,295.39,287.16,292.86,5566213,USD
2019-11-05,NFLX,Communication Services,289.99,291.19,286.31,288.03,4062370,USD
2019-11-06,NFLX,Communication Services,288.19,290.56,285.84,288.59,3438257,USD
2019-11-07,NFLX,Communication Services,290.7,298.19,288.27,289.57,5928471,USD
2019-11-08,NFLX,Communication Services,288.73,293.99,287.5,291.57,4509588,USD
2019-11-11,NFLX,Communication Services,289.16,296.36,288.5,294.18,3945885,USD
2019-11-12,NFLX,Communication Services,295.32,295.35,288.7,292.01,5774833,USD
2019-11-13,NFLX,Communication Services,291.03,293.41,281.14,283.11,9233066,USD
2019-11-14,NFLX,Communication Services,283.25,290.63,283.22,289.62,6539771,USD
2019-11-15,NFLX,Communication Services,290.59,295.82,287.57,295.03,6337779,USD
2019-11-18,NFLX,Communication Services,296.0,304.99,293.28,302.57,8621566,USD
2019-11-19,NFLX,Communication Services,304.01,305.67,298.52,302.6,5919710,USD
2019-11-20,NFLX,Communication Services,301.01,308.25,301.0,305.16,5115546,USD
2019-11-21,NFLX,Communication Services,306.0,312.69,304.26,311.69,7488373,USD
2019-11-22,NFLX,Communication Services,309.1,311.4,304.41,310.48,5970056,USD
2019-11-25,NFLX,Communication Services,308.83,315.73,305.25,315.55,7878943,USD
2019-11-26,NFLX,Communication Services,315.0,316.5,311.69,312.49,5328348,USD
2019-11-27,NFLX,Communication Services,313.93,316.82,312.75,315.93,4100975,USD
2019-11-29,NFLX,Communication Services,315.78,316.62,313.34,314.66,2411749,USD
2019-12-02,NFLX,Communication Services,314.39,314.39,303.75,309.99,6223135,USD
2019-12-03,NFLX,Communication Services,302.22,307.36,301.88,306.16,5272447,USD
2019-12-04,NFLX,Communication Services,308.43,308.43,303.27,304.32,3513551,USD
2019-12-05,NFLX,Communication Services,305.27,306.48,298.81,302.86,4618867,USD
2019-12-06,NFLX,Communication Services,304.7,307.85,302.6,307.35,4459684,USD
2019-12-09,NFLX,Communication Services,307.35,311.49,302.44,302.5,5766006,USD
2019-12-10,NFLX,Communication Services,296.12,298.94,292.02,293.12,10481239,USD
2019-12-11,NFLX,Communication Services,294.49,299.43,294.2,298.93,5607155,USD
2019-12-12,NFLX,Communication Services,295.67,299.17,295.06,298.44,4771404,USD
2019-12-13,NFLX,Communication Services,298.5,301.8,297.25,298.5,3883069,USD
2019-12-16,NFLX,Communication Services,300.85,305.71,298.63,304.21,4660166,USD
2019-12-17,NFLX,Communication Services,307.36,316.8,306.6,315.48,10437127,USD
2019-12-18,NFLX,Communication Services,316.26,325.36,315.6,320.8,11210737,USD
2019-12-19,NFLX,Communication Services,324.5,332.83,324.18,332.22,9833355,USD
2019-12-20,NFLX,Communication Services,335.0,338.0,330.6,336.9,9923260,USD
2019-12-23,NFLX,Communication Services,337.76,337.95,331.02,333.1,5767937,USD
2019-12-24,NFLX,Communication Services,334.01,335.7,331.6,333.2,2019322,USD
2019-12-26,NFLX,Communication Services,334.6,336.46,332.01,332.63,3595854,USD
2019-12-27,NFLX,Communication Services,332.96,333.82,326.01,329.09,5037156,USD
2019-12-30,NFLX,Communication Services,329.08,329.19,322.86,323.31,4315267,USD
2019-12-31,NFLX,Communication Services,322.0,324.92,321.09,323.57,3714837,USD
2020-01-02,NFLX,Communication Services,326.1,329.98,324.78,329.81,4348493,USD
2020-01-03,NFLX,Communication Services,326.78,329.86,325.53,325.9,3795466,USD
2020-01-06,NFLX,Communication Services,323.12,336.36,321.2,335.83,5668577,USD
2020-01-07,NFLX,Communication Services,336.47,336.7,330.3,330.75,4742458,USD
2020-01-08,NFLX,Communication Services,331.49,342.7,331.05,339.26,7109117,USD
2020-01-09,NFLX,Communication Services,342.0,343.42,334.61,335.66,4717430,USD
2020-01-10,NFLX,Communication Services,337.13,338.5,327.27,329.05,4720540,USD
2020-01-13,NFLX,Communication Services,331.8,340.85,331.51,338.92,6296174,USD
2020-01-14,NFLX,Communication Services,344.4,345.38,335.52,338.69,7201544,USD
2020-01-15,NFLX,Communication Services,338.68,343.17,336.6,339.07,5158035,USD
2020-01-16,NFLX,Communication Services,343.5,343.56,335.85,338.62,5015997,USD
2020-01-17,NFLX,Communication Services,341.0,341.57,337.38,339.67,6066547,USD
2020-01-21,NFLX,Communication Services,340.0,341.0,332.59,338.11,14350322,USD
2020-01-22,NFLX,Communication Services,332.55,336.3,323.6,326.0,21729960,USD
2020-01-23,NFLX,Communication Services,326.04,349.88,325.01,349.6,18200292,USD
2020-01-24,NFLX,Communication Services,348.46,359.85,345.88,353.16,17939680,USD
2020-01-27,NFLX,Communication Services,345.95,351.9,341.02,342.88,7709482,USD
2020-01-28,NFLX,Communication Services,345.88,352.4,342.78,348.52,6821581,USD
2020-01-29,NFLX,Communication Services,349.0,349.4,338.55,343.16,7649183,USD
2020-01-30,NFLX,Communication Services,341.1,348.2,339.25,347.74,5328136,USD
2020-01-31,NFLX,Communication Services,347.39,347.39,340.98,345.09,5230001,USD
2020-02-03,NFLX,Communication Services,347.24,359.63,346.28,358.0,6674885,USD
2020-02-04,NFLX,Communication Services,361.0,369.57,356.1,369.01,7161451,USD
2020-02-05,NFLX,Communication Services,375.12,375.25,362.3,369.67,6437026,USD
2020-02-06,NFLX,Communication Services,369.6,371.55,362.5,366.95,3920428,USD
2020-02-07,NFLX,Communication Services,365.04,371.8,363.57,366.77,4385227,USD
2020-02-10,NFLX,Communication Services,365.0,374.8,362.52,371.07,5294138,USD
2020-02-11,NFLX,Communication Services,373.75,378.11,369.72,373.69,4772870,USD
2020-02-12,NFLX,Communication Services,377.18,380.62,375.88,380.01,4624772,USD
2020-02-13,NFLX,Communication Services,376.96,385.37,376.51,381.4,4485383,USD
2020-02-14,NFLX,Communication Services,381.47,385.15,379.43,380.4,3736266,USD
2020-02-18,NFLX,Communication Services,379.3,389.54,379.19,387.78,5180400,USD
2020-02-19,NFLX,Communication Services,388.12,392.95,384.9,386.19,4896368,USD
2020-02-20,NFLX,Communication Services,386.56,389.7,376.68,386.0,4079425,USD
2020-02-21,NFLX,Communication Services,385.33,387.32,377.9,380.07,3935618,USD
2020-02-24,NFLX,Communication Services,364.76,372.82,361.0,368.7,6936418,USD
2020-02-25,NFLX,Communication Services,372.0,375.65,357.72,360.09,6481243,USD
2020-02-26,NFLX,Communication Services,366.31,382.0,365.0,379.24,8961126,USD
2020-02-27,NFLX,Communication Services,371.46,391.56,370.6,371.71,10967699,USD
2020-02-28,NFLX,Communication Services,364.21,376.77,356.8,369.03,11178572,USD
2020-03-02,NFLX,Communication Services,373.11,381.36,364.5,381.05,6997891,USD
2020-03-03,NFLX,Communication Services,381.03,393.52,367.4,368.77,8364623,USD
2020-03-04,NFLX,Communication Services,377.77,384.01,370.51,383.79,5487340,USD
2020-03-05,NFLX,Communication Services,381.0,391.4,368.64,372.78,8746985,USD
2020-03-06,NFLX,Communication Services,367.7,371.31,356.85,368.97,8147165,USD
2020-03-09,NFLX,Communication Services,343.86,357.47,341.72,346.49,7405458,USD
2020-03-10,NFLX,Communication Services,356.43,364.54,347.85,364.13,7604444,USD
2020-03-11,NFLX,Communication Services,358.92,362.98,344.79,349.92,6058782,USD
2020-03-12,NFLX,Communication Services,326.5,335.72,307.32,315.25,12071591,USD
2020-03-13,NFLX,Communication Services,330.51,336.42,307.39,336.3,9458197,USD
2020-03-16,NFLX,Communication Services,306.63,334.35,294.75,298.84,10559940,USD
2020-03-17,NFLX,Communication Services,306.19,322.9,290.25,319.75,10013913,USD
2020-03-18,NFLX,Communication Services,300.77,331.5,300.03,315.47,12593647,USD
2020-03-19,NFLX,Communication Services,324.06,348.38,316.87,332.03,10615957,USD
2020-03-20,NFLX,Communication Services,342.31,350.49,332.0,332.83,10853846,USD
2020-03-23,NFLX,Communication Services,347.89,366.11,340.88,360.27,13449378,USD
2020-03-24,NFLX,Communication Services,369.91,372.05,353.21,357.32,11638683,USD
2020-03-25,NFLX,Communication Services,360.98,361.78,339.28,342.39,8767171,USD
2020-03-26,NFLX,Communication Services,342.29,363.78,342.29,362.99,7235016,USD
2020-03-27,NFLX,Communication Services,359.38,368.45,353.2,357.12,7948775,USD
2020-03-30,NFLX,Communication Services,363.0,377.8,361.17,370.96,8621964,USD
2020-03-31,NFLX,Communication Services,367.93,383.01,366.44,375.5,9366464,USD
2020-04-01,NFLX,Communication Services,376.05,380.23,361.02,364.08,6672454,USD
2020-04-02,NFLX,Communication Services,364.08,370.99,360.06,370.08,4592477,USD
2020-04-03,NFLX,Communication Services,367.47,370.9,357.51,361.76,4860768,USD
2020-04-06,NFLX,Communication Services,365.22,380.29,361.71,379.96,8183921,USD
2020-04-07,NFLX,Communication Services,380.0,381.33,369.34,372.28,7046438,USD
2020-04-08,NFLX,Communication Services,374.01,378.39,368.31,371.12,6908879,USD
2020-04-09,NFLX,Communication Services,371.06,372.1,363.03,370.72,7711296,USD
2020-04-13,NFLX,Communication Services,371.31,400.51,367.7,396.72,11692922,USD
2020-04-14,NFLX,Communication Services,397.5,417.82,394.85,413.55,11580983,USD
2020-04-15,NFLX,Communication Services,413.0,434.98,412.25,426.75,13561222,USD
2020-04-16,NFLX,Communication Services,437.0,449.52,431.61,439.17,16128666,USD
2020-04-17,NFLX,Communication Services,431.0,432.0,414.7,422.96,12616258,USD
2020-04-20,NFLX,Communication Services,435.17,444.49,430.56,437.49,12655818,USD
2020-04-21,NFLX,Communication Services,444.77,447.0,425.6,433.83,23177550,USD
2020-04-22,NFLX,Communication Services,429.73,433.0,413.0,421.42,21123772,USD
2020-04-23,NFLX,Communication Services,419.26,438.41,419.26,426.7,13952330,USD
2020-04-24,NFLX,Communication Services,425.0,427.17,415.88,424.99,8670362,USD
2020-04-27,NFLX,Communication Services,425.0,429.0,420.84,421.38,6277480,USD
2020-04-28,NFLX,Communication Services,419.99,421.0,402.91,403.83,10101233,USD
2020-04-29,NFLX,Communication Services,399.53,415.86,393.6,411.89,9693137,USD
2020-04-30,NFLX,Communication Services,410.31,424.44,408.0,419.85,7953975,USD
2020-05-01,NFLX,Communication Services,415.1,427.97,411.73,415.27,8299858,USD
2020-05-04,NFLX,Communication Services,417.78,428.54,414.87,428.15,7799058,USD
2020-05-05,NFLX,Communication Services,427.55,431.0,421.56,424.68,6286293,USD
2020-05-06,NFLX,Communication Services,429.3,439.77,426.39,434.26,6660737,USD
2020-05-07,NFLX,Communication Services,436.89,438.88,430.66,436.53,5650281,USD
2020-05-08,NFLX,Communication Services,434.14,442.0,433.64,435.55,5054308,USD
2020-05-11,NFLX,Communication Services,436.33,444.89,435.56,440.52,5486037,USD
2020-05-12,NFLX,Communication Services,442.0,444.17,431.36,431.82,4598211,USD
2020-05-13,NFLX,Communication Services,435.46,446.95,427.49,438.27,7014563,USD
2020-05-14,NFLX,Communication Services,444.73,452.03,432.89,441.95,9007467,USD
2020-05-15,NFLX,Communication Services,440.89,455.0,437.56,454.19,7243998,USD
2020-05-18,NFLX,Communication Services,451.64,456.29,443.4,452.58,7780309,USD
2020-05-19,NFLX,Communication Services,453.39,458.76,450.51,451.04,4810487,USD
2020-05-20,NFLX,Communication Services,454.25,455.74,444.09,447.67,5607257,USD
2020-05-21,NFLX,Communication Services,448.55,448.55,430.25,436.25,9117325,USD
2020-05-22,NFLX,Communication Services,437.0,439.09,427.18,429.32,5422334,USD
2020-05-26,NFLX,Communication Services,427.73,427.79,413.14,414.77,7881115,USD
2020-05-27,NFLX,Communication Services,409.23,420.01,397.93,419.89,10446339,USD
2020-05-28,NFLX,Communication Services,416.67,422.3,411.65,413.44,5660160,USD
2020-05-29,NFLX,Communication Services,417.46,420.3,411.85,419.73,5270484,USD
2020-06-01,NFLX,Communication Services,418.82,426.67,416.5,425.92,3748573,USD
2020-06-02,NFLX,Communication Services,425.77,427.51,419.52,427.31,3494801,USD
2020-06-03,NFLX,Communication Services,426.71,426.77,418.23,421.97,4316044,USD
2020-06-04,NFLX,Communication Services,421.98,428.57,410.16,414.33,5410529,USD
2020-06-05,NFLX,Communication Services,407.29,420.24,404.25,419.6,5099561,USD
2020-06-08,NFLX,Communication Services,416.33,420.74,406.63,419.49,5851453,USD
2020-06-09,NFLX,Communication Services,421.31,434.73,420.79,434.05,6796999,USD
2020-06-10,NFLX,Communication Services,436.0,439.44,430.7,434.48,4896893,USD
2020-06-11,NFLX,Communication Services,427.2,445.48,424.26,425.56,7462868,USD
2020-06-12,NFLX,Communication Services,429.0,434.06,412.45,418.07,6461127,USD
2020-06-15,NFLX,Communication Services,421.28,426.46,415.51,425.5,4471499,USD
2020-06-16,NFLX,Communication Services,426.0,437.63,425.56,436.13,5514016,USD
2020-06-17,NFLX,Communication Services,441.52,450.4,439.47,447.77,6529568,USD
2020-06-18,NFLX,Communication Services,448.72,452.6,442.8,449.87,4277627,USD
2020-06-19,NFLX,Communication Services,450.74,453.95,445.72,453.72,5933651,USD
2020-06-22,NFLX,Communication Services,455.08,468.5,454.87,468.04,6272105,USD
2020-06-23,NFLX,Communication Services,466.5,474.01,464.56,466.26,5948436,USD
2020-06-24,NFLX,Communication Services,467.84,472.28,454.01,457.85,4826191,USD
2020-06-25,NFLX,Communication Services,458.89,466.85,454.0,465.91,4134513,USD
2020-06-26,NFLX,Communication Services,466.48,467.89,442.32,443.4,6804726,USD
2020-06-29,NFLX,Communication Services,445.36,447.54,432.14,447.24,4843978,USD
2020-06-30,NFLX,Communication Services,449.4,457.47,447.35,455.04,4198545,USD
2020-07-01,NFLX,Communication Services,454.0,488.23,454.0,485.64,9705870,USD
2020-07-02,NFLX,Communication Services,485.64,492.28,475.53,476.89,6351485,USD
2020-07-06,NFLX,Communication Services,482.5,499.35,479.8,493.81,7838990,USD
2020-07-07,NFLX,Communication Services,497.31,504.82,490.83,493.16,5669870,USD
2020-07-08,NFLX,Communication Services,498.38,504.99,493.82,502.78,5691682,USD
2020-07-09,NFLX,Communication Services,508.6,509.79,495.84,507.76,5840541,USD
2020-07-10,NFLX,Communication Services,519.73,555.88,511.28,548.73,21605588,USD
2020-07-13,NFLX,Communication Services,567.92,575.17,521.68,525.5,18399020,USD
2020-07-14,NFLX,Communication Services,511.66,525.46,492.26,524.88,15083300,USD
2020-07-15,NFLX,Communication Services,516.3,528.96,510.55,523.26,10066652,USD
2020-07-16,NFLX,Communication Services,526.49,535.39,504.5,527.39,24498994,USD
2020-07-17,NFLX,Communication Services,494.87,503.59,484.14,492.99,24991352,USD
2020-07-20,NFLX,Communication Services,489.14,504.5,484.2,502.41,11940306,USD
2020-07-21,NFLX,Communication Services,505.96,505.96,488.61,490.1,9127218,USD
2020-07-22,NFLX,Communication Services,492.19,497.05,487.3,489.82,6954078,USD
2020-07-23,NFLX,Communication Services,490.24,490.91,472.13,477.58,7722034,USD
2020-07-24,NFLX,Communication Services,468.77,487.17,467.54,480.45,7746247,USD
2020-07-27,NFLX,Communication Services,483.57,496.87,482.58,495.65,7863069,USD
2020-07-28,NFLX,Communication Services,496.49,497.2,487.87,488.51,5986727,USD
2020-07-29,NFLX,Communication Services,492.25,494.92,484.13,484.48,6611769,USD
2020-07-30,NFLX,Communication Services,481.27,488.25,477.56,485.8,6608569,USD
2020-07-31,NFLX,Communication Services,488.29,494.8,484.5,488.88,5924310,USD
2020-08-03,NFLX,Communication Services,490.86,503.08,490.47,498.62,5876190,USD
2020-08-04,NFLX,Communication Services,500.78,510.25,499.09,509.64,5607968,USD
2020-08-05,NFLX,Communication Services,508.04,510.0,501.23,502.11,4313526,USD
2020-08-06,NFLX,Communication Services,503.33,510.74,498.89,509.08,3725861,USD
2020-08-07,NFLX,Communication Services,505.45,508.29,486.68,494.73,5910348,USD
2020-08-10,NFLX,Communication Services,493.68,497.09,478.67,483.38,4691185,USD
2020-08-11,NFLX,Communication Services,478.74,480.83,466.63,466.93,7329226,USD
2020-08-12,NFLX,Communication Services,471.17,482.3,470.49,475.47,5441243,USD
2020-08-13,NFLX,Communication Services,478.4,484.41,476.75,481.33,3008933,USD
2020-08-14,NFLX,Communication Services,482.82,488.33,480.21,482.68,2943487,USD
2020-08-17,NFLX,Communication Services,483.97,486.09,479.15,482.35,2423545,USD
2020-08-18,NFLX,Communication Services,484.01,495.25,482.81,491.87,3505518,USD
2020-08-19,NFLX,Communication Services,493.76,494.32,483.67,484.53,3156218,USD
2020-08-20,NFLX,Communication Services,484.69,498.91,484.08,497.9,5132480,USD
2020-08-21,NFLX,Communication Services,496.46,498.13,490.0,492.31,3921293,USD
2020-08-24,NFLX,Communication Services,494.73,501.0,483.23,488.81,4762183,USD
2020-08-25,NFLX,Communication Services,488.33,492.4,485.09,490.58,5727721,USD
2020-08-26,NFLX,Communication Services,492.51,548.78,492.51,547.53,20373680,USD
2020-08-27,NFLX,Communication Services,537.55,540.48,521.5,526.27,9062912,USD
2020-08-28,NFLX,Communication Services,532.0,539.0,522.0,523.89,4417517,USD
2020-08-31,NFLX,Communication Services,521.16,531.86,517.66,529.56,4941409,USD
2020-09-01,NFLX,Communication Services,532.6,557.39,532.45,556.55,9513685,USD
2020-09-02,NFLX,Communication Services,553.79,556.5,538.1,552.84,5886930,USD
2020-09-03,NFLX,Communication Services,543.52,553.59,521.72,525.75,9071089,USD
2020-09-04,NFLX,Communication Services,520.18,527.36,485.98,516.05,8270118,USD
2020-09-08,NFLX,Communication Services,498.39,521.72,495.33,507.02,5572684,USD
2020-09-09,NFLX,Communication Services,519.55,519.55,492.65,500.19,6848127,USD
2020-09-10,NFLX,Communication Services,504.35,506.22,479.17,480.67,6240181,USD
2020-09-11,NFLX,Communication Services,486.48,493.73,476.81,482.03,5035200,USD
2020-09-14,NFLX,Communication Services,480.18,488.65,471.42,476.26,7359126,USD
2020-09-15,NFLX,Communication Services,484.73,497.45,481.78,495.99,5336992,USD
2020-09-16,NFLX,Communication Services,499.39,504.45,483.49,483.86,4401412,USD
2020-09-17,NFLX,Communication Services,475.0,478.34,463.45,470.2,5379301,USD
2020-09-18,NFLX,Communication Services,472.51,479.4,458.6,469.96,6717711,USD
2020-09-21,NFLX,Communication Services,467.82,487.69,466.91,487.35,5457539,USD
2020-09-22,NFLX,Communication Services,490.0,491.82,479.43,491.17,3482324,USD
2020-09-23,NFLX,Communication Services,490.58,490.69,469.06,470.61,3726423,USD
2020-09-24,NFLX,Communication Services,470.53,476.9,467.82,473.08,3727201,USD
2020-09-25,NFLX,Communication Services,474.39,484.87,468.03,482.88,3769436,USD
2020-09-28,NFLX,Communication Services,489.83,492.0,478.01,490.65,4773497,USD
2020-09-29,NFLX,Communication Services,489.51,496.2,486.6,493.48,3543193,USD
2020-09-30,NFLX,Communication Services,492.57,504.63,489.55,500.03,4634111,USD
2020-10-01,NFLX,Communication Services,505.6,529.55,503.84,527.51,8153710,USD
2020-10-02,NFLX,Communication Services,516.43,526.37,502.7,503.06,6071165,USD
2020-10-05,NFLX,Communication Services,506.8,520.99,501.7,520.65,4088069,USD
2020-10-06,NFLX,Communication Services,519.78,521.12,504.26,505.87,4199034,USD
2020-10-07,NFLX,Communication Services,517.68,536.47,515.95,534.66,7988683,USD
2020-10-08,NFLX,Communication Services,533.5,534.84,524.52,531.79,5386488,USD
2020-10-09,NFLX,Communication Services,537.83,544.28,535.0,539.44,4781259,USD
2020-10-12,NFLX,Communication Services,548.81,551.69,538.45,539.81,5391074,USD
2020-10-13,NFLX,Communication Services,539.2,557.56,537.2,554.09,5602498,USD
2020-10-14,NFLX,Communication Services,562.78,572.11,541.0,541.45,9510081,USD
2020-10-15,NFLX,Communication Services,546.35,550.99,535.1,541.94,5113126,USD
2020-10-16,NFLX,Communication Services,549.5,554.33,530.03,530.79,6347363,USD
2020-10-19,NFLX,Communication Services,537.07,541.73,526.51,530.72,7567506,USD
2020-10-20,NFLX,Communication Services,528.15,533.52,522.4,525.42,10047175,USD
2020-10-21,NFLX,Communication Services,500.01,506.84,488.36,489.05,17405708,USD
2020-10-22,NFLX,Communication Services,493.9,493.9,482.0,485.23,6997922,USD
2020-10-23,NFLX,Communication Services,488.11,490.06,481.35,488.28,4927862,USD
2020-10-26,NFLX,Communication Services,487.0,496.68,478.97,488.24,6186087,USD
2020-10-27,NFLX,Communication Services,490.01,490.01,482.98,488.93,3627175,USD
2020-10-28,NFLX,Communication Services,486.9,494.0,483.36,486.24,5992731,USD
2020-10-29,NFLX,Communication Services,488.5,513.9,479.34,504.21,11120689,USD
2020-10-30,NFLX,Communication Services,502.01,505.88,472.21,475.74,7813897,USD
2020-11-02,NFLX,Communication Services,478.87,486.3,475.0,484.12,4408193,USD
2020-11-03,NFLX,Communication Services,484.93,495.3,478.76,487.22,3690213,USD
2020-11-04,NFLX,Communication Services,495.36,507.73,493.98,496.95,5137330,USD
2020-11-05,NFLX,Communication Services,506.01,518.7,504.02,513.76,5372781,USD
2020-11-06,NFLX,Communication Services,515.0,515.21,502.51,514.73,4236349,USD
2020-11-09,NFLX,Communication Services,485.85,495.79,468.0,470.5,10419676,USD
2020-11-10,NFLX,Communication Services,470.12,484.37,463.57,480.24,8306142,USD
2020-11-11,NFLX,Communication Services,482.98,491.55,478.39,490.76,5460532,USD
2020-11-12,NFLX,Communication Services,490.76,496.35,480.53,486.77,5071155,USD
2020-11-13,NFLX,Communication Services,486.77,488.94,477.8,482.84,3006510,USD
2020-11-16,NFLX,Communication Services,481.78,485.54,477.5,479.1,3953563,USD
2020-11-17,NFLX,Communication Services,480.96,487.5,479.3,480.63,3698082,USD
2020-11-18,NFLX,Communication Services,482.0,488.54,477.73,481.79,3629237,USD
2020-11-19,NFLX,Communication Services,481.71,487.7,480.71,484.67,2254653,USD
2020-11-20,NFLX,Communication Services,485.22,494.76,481.57,488.24,4255924,USD
2020-11-23,NFLX,Communication Services,490.02,491.15,475.94,476.62,5416571,USD
2020-11-24,NFLX,Communication Services,478.37,484.05,476.0,482.88,3557894,USD
2020-11-25,NFLX,Communication Services,485.13,486.9,478.92,485.0,3598629,USD
2020-11-27,NFLX,Communication Services,486.58,493.25,481.85,491.36,2805762,USD
2020-11-30,NFLX,Communication Services,490.08,492.55,481.27,490.7,3505352,USD
2020-12-01,NFLX,Communication Services,492.34,509.47,491.98,504.58,4904941,USD
2020-12-02,NFLX,Communication Services,501.51,506.68,493.5,503.38,3028358,USD
2020-12-03,NFLX,Communication Services,501.25,508.5,496.24,497.52,2826116,USD
2020-12-04,NFLX,Communication Services,497.5,504.5,493.64,498.31,3666243,USD
2020-12-07,NFLX,Communication Services,500.0,517.65,497.95,515.78,4289293,USD
2020-12-08,NFLX,Communication Services,518.0,521.35,505.8,512.66,4228950,USD
2020-12-09,NFLX,Communication Services,511.59,514.29,491.37,493.6,4178768,USD
2020-12-10,NFLX,Communication Services,493.64,503.71,493.05,501.09,3018203,USD
2020-12-11,NFLX,Communication Services,495.0,503.34,494.85,503.22,3210928,USD
2020-12-14,NFLX,Communication Services,505.28,524.1,501.3,522.42,5770424,USD
2020-12-15,NFLX,Communication Services,518.0,524.37,513.78,519.78,3398209,USD
2020-12-16,NFLX,Communication Services,520.11,527.38,517.69,524.83,3571310,USD
2020-12-17,NFLX,Communication Services,528.7,535.32,526.44,532.9,3193377,USD
2020-12-18,NFLX,Communication Services,533.2,536.37,526.02,534.45,4502692,USD
2020-12-21,NFLX,Communication Services,530.37,532.62,521.45,528.91,3893964,USD
2020-12-22,NFLX,Communication Services,528.0,529.86,520.54,527.33,1908529,USD
2020-12-23,NFLX,Communication Services,524.76,525.18,514.46,514.48,2393187,USD
2020-12-24,NFLX,Communication Services,515.12,519.34,512.21,513.97,1143952,USD
2020-12-28,NFLX,Communication Services,516.26,523.64,507.4,519.12,2891867,USD
2020-12-29,NFLX,Communication Services,519.63,536.4,515.76,530.87,4022358,USD
2020-12-30,NFLX,Communication Services,532.66,532.66,523.86,524.59,1876286,USD
2020-12-31,NFLX,Communication Services,525.53,545.5,523.15,540.73,5392322,USD
