Date,Name,Type,Open,High,Low,Close,Volume,Currency
2017-01-03,WMT,Consumer Staples,69.24,69.24,68.05,68.66,10473162,USD
2017-01-04,WMT,Consumer Staples,68.66,69.63,68.6,69.06,7917952,USD
2017-01-05,WMT,Consumer Staples,68.43,69.33,68.12,69.21,7099170,USD
2017-01-06,WMT,Consumer Staples,68.41,68.5,68.01,68.26,9491115,USD
2017-01-09,WMT,Consumer Staples,68.33,68.8,68.32,68.71,8685232,USD
2017-01-10,WMT,Consumer Staples,68.64,69.27,68.22,68.23,10256492,USD
2017-01-11,WMT,Consumer Staples,68.2,68.62,68.19,68.53,6697593,USD
2017-01-12,WMT,Consumer Staples,68.36,68.56,67.92,67.97,6544856,USD
2017-01-13,WMT,Consumer Staples,67.98,68.02,67.08,67.13,10012519,USD
2017-01-17,WMT,Consumer Staples,68.09,69.29,68.06,68.42,13167509,USD
2017-01-18,WMT,Consumer Staples,67.88,68.11,67.54,68.11,7321456,USD
2017-01-19,WMT,Consumer Staples,68.13,68.19,67.48,67.62,6821078,USD
2017-01-20,WMT,Consumer Staples,67.74,67.83,67.02,67.18,12054682,USD
2017-01-23,WMT,Consumer Staples,67.01,67.18,66.56,66.65,7951427,USD
2017-01-24,WMT,Consumer Staples,66.89,67.41,66.66,67.4,10710616,USD
2017-01-25,WMT,Consumer Staples,67.52,67.73,66.79,66.89,8722855,USD
2017-01-26,WMT,Consumer Staples,67.13,67.22,66.62,66.73,6504073,USD
2017-01-27,WMT,Consumer Staples,66.86,66.97,65.28,65.66,13433629,USD
2017-01-30,WMT,Consumer Staples,65.63,66.48,65.63,66.42,8641511,USD
2017-01-31,WMT,Consumer Staples,66.21,66.89,65.88,66.74,9320880,USD
2017-02-01,WMT,Consumer Staples,66.46,66.71,66.04,66.23,9049972,USD
2017-02-02,WMT,Consumer Staples,66.34,67.14,66.34,66.7,8998739,USD
2017-02-03,WMT,Consumer Staples,66.82,66.93,66.44,66.5,7625330,USD
2017-02-06,WMT,Consumer Staples,66.37,66.86,66.37,66.4,9097238,USD
2017-02-07,WMT,Consumer Staples,66.56,67.0,66.51,66.89,5805722,USD
2017-02-08,WMT,Consumer Staples,66.89,67.82,66.89,67.81,7660755,USD
2017-02-09,WMT,Consumer Staples,67.8,69.14,67.75,69.08,11080479,USD
2017-02-10,WMT,Consumer Staples,68.25,68.6,67.76,68.02,12445633,USD
2017-02-13,WMT,Consumer Staples,68.32,68.65,67.56,67.77,8374307,USD
2017-02-14,WMT,Consumer Staples,67.88,68.68,67.71,68.66,8462328,USD
2017-02-15,WMT,Consumer Staples,67.76,68.71,67.76,68.69,8563295,USD
2017-02-16,WMT,Consumer Staples,68.67,69.24,68.61,68.87,8413787,USD
2017-02-17,WMT,Consumer Staples,68.83,69.78,68.69,69.37,12837447,USD
2017-02-21,WMT,Consumer Staples,71.21,72.28,70.7,71.45,22412892,USD
2017-02-22,WMT,Consumer Staples,72.25,72.37,71.48,71.71,15242674,USD
2017-02-23,WMT,Consumer Staples,72.0,72.5,71.16,71.31,12799700,USD
2017-02-24,WMT,Consumer Staples,71.34,72.8,71.3,72.39,13889852,USD
2017-02-27,WMT,Consumer Staples,72.28,72.42,71.53,71.74,9254685,USD
2017-02-28,WMT,Consumer Staples,70.87,71.0,70.0,70.93,15952573,USD
2017-03-01,WMT,Consumer Staples,70.97,71.08,70.15,70.45,13522717,USD
2017-03-02,WMT,Consumer Staples,70.42,70.9,70.17,70.76,8916264,USD
2017-03-03,WMT,Consumer Staples,70.81,71.02,69.88,70.03,9303591,USD
2017-03-06,WMT,Consumer Staples,70.0,70.44,69.78,69.88,9182575,USD
2017-03-07,WMT,Consumer Staples,69.9,70.21,69.86,69.87,7282861,USD
2017-03-08,WMT,Consumer Staples,69.69,70.03,69.54,69.8,7979841,USD
2017-03-09,WMT,Consumer Staples,69.75,70.04,69.56,69.86,7564480,USD
2017-03-10,WMT,Consumer Staples,70.0,70.36,69.8,70.1,7098829,USD
2017-03-13,WMT,Consumer Staples,69.99,70.45,69.71,69.95,6802511,USD
2017-03-14,WMT,Consumer Staples,70.82,71.2,70.72,70.72,9958370,USD
2017-03-15,WMT,Consumer Staples,70.5,70.7,70.02,70.58,8813794,USD
2017-03-16,WMT,Consumer Staples,70.11,70.7,70.07,70.44,7060977,USD
2017-03-17,WMT,Consumer Staples,70.58,70.75,69.81,69.89,14078353,USD
2017-03-20,WMT,Consumer Staples,70.14,70.45,69.71,69.98,7466226,USD
2017-03-21,WMT,Consumer Staples,70.17,70.4,69.69,69.9,8746812,USD
2017-03-22,WMT,Consumer Staples,70.03,70.34,69.72,70.25,6455594,USD
2017-03-23,WMT,Consumer Staples,70.2,70.31,69.75,69.86,6898774,USD
2017-03-24,WMT,Consumer Staples,69.99,70.17,69.53,69.61,5858968,USD
2017-03-27,WMT,Consumer Staples,69.52,70.07,69.36,69.66,5792586,USD
2017-03-28,WMT,Consumer Staples,69.33,70.37,69.33,70.32,7252189,USD
2017-03-29,WMT,Consumer Staples,70.35,71.18,70.31,70.74,6991046,USD
2017-03-30,WMT,Consumer Staples,70.69,71.72,70.64,71.59,8141535,USD
2017-03-31,WMT,Consumer Staples,71.32,72.56,71.23,72.08,9939780,USD
2017-04-03,WMT,Consumer Staples,72.08,72.53,71.78,71.83,8291283,USD
2017-04-04,WMT,Consumer Staples,71.74,72.06,71.53,72.01,5567317,USD
2017-04-05,WMT,Consumer Staples,71.64,72.31,71.56,71.65,6354492,USD
2017-04-06,WMT,Consumer Staples,71.7,72.1,71.38,71.43,5941103,USD
2017-04-07,WMT,Consumer Staples,72.1,72.99,71.8,72.9,10768016,USD
2017-04-10,WMT,Consumer Staples,72.99,73.48,72.73,73.06,7495948,USD
2017-04-11,WMT,Consumer Staples,73.0,73.45,72.93,73.43,5810458,USD
2017-04-12,WMT,Consumer Staples,73.55,73.83,73.25,73.44,6627297,USD
2017-04-13,WMT,Consumer Staples,73.37,73.66,73.15,73.15,5336428,USD
2017-04-17,WMT,Consumer Staples,73.16,73.58,73.15,73.49,5465408,USD
2017-04-18,WMT,Consumer Staples,73.54,74.1,73.48,73.89,6627986,USD
2017-04-19,WMT,Consumer Staples,74.1,74.38,73.86,74.07,5940609,USD
2017-04-20,WMT,Consumer Staples,74.14,75.11,74.11,74.8,7681252,USD
2017-04-21,WMT,Consumer Staples,74.74,75.11,74.6,74.94,5755691,USD
2017-04-24,WMT,Consumer Staples,75.08,75.4,74.42,74.78,7812524,USD
2017-04-25,WMT,Consumer Staples,74.97,75.17,74.86,75.05,5720364,USD
2017-04-26,WMT,Consumer Staples,75.27,75.77,75.17,75.43,6948460,USD
2017-04-27,WMT,Consumer Staples,75.54,75.7,75.02,75.44,6052219,USD
2017-04-28,WMT,Consumer Staples,75.24,75.44,74.93,75.18,7330420,USD
2017-05-01,WMT,Consumer Staples,75.09,75.72,75.09,75.23,6165912,USD
2017-05-02,WMT,Consumer Staples,75.3,75.71,75.25,75.52,7318362,USD
2017-05-03,WMT,Consumer Staples,75.4,75.88,75.18,75.76,5523624,USD
2017-05-04,WMT,Consumer Staples,75.93,76.39,75.83,76.34,5500802,USD
2017-05-05,WMT,Consumer Staples,76.42,76.6,76.18,76.5,5597759,USD
2017-05-08,WMT,Consumer Staples,76.5,76.52,76.07,76.12,6512180,USD
2017-05-09,WMT,Consumer Staples,76.44,77.05,76.33,76.72,8255282,USD
2017-05-10,WMT,Consumer Staples,76.33,76.78,76.19,76.7,7511921,USD
2017-05-11,WMT,Consumer Staples,76.35,76.72,75.92,76.13,8349403,USD
2017-05-12,WMT,Consumer Staples,75.95,76.25,75.37,75.71,5892910,USD
2017-05-15,WMT,Consumer Staples,75.8,76.47,75.8,76.29,8843873,USD
2017-05-16,WMT,Consumer Staples,76.19,76.27,75.08,75.11,8371802,USD
2017-05-17,WMT,Consumer Staples,75.05,75.73,74.96,75.12,10970970,USD
2017-05-18,WMT,Consumer Staples,76.89,77.66,76.13,77.54,19166800,USD
2017-05-19,WMT,Consumer Staples,77.97,79.44,77.77,78.77,18581716,USD
2017-05-22,WMT,Consumer Staples,78.65,79.0,78.3,78.55,8897554,USD
2017-05-23,WMT,Consumer Staples,78.58,78.97,78.44,78.49,7584938,USD
2017-05-24,WMT,Consumer Staples,78.56,78.61,78.14,78.15,7503976,USD
2017-05-25,WMT,Consumer Staples,78.36,78.85,78.15,78.31,6134952,USD
2017-05-26,WMT,Consumer Staples,78.37,78.54,77.79,78.13,6125781,USD
2017-05-30,WMT,Consumer Staples,78.0,78.4,77.93,78.15,5410351,USD
2017-05-31,WMT,Consumer Staples,78.35,78.92,78.22,78.6,8201738,USD
2017-06-01,WMT,Consumer Staples,78.64,79.81,78.6,79.81,8153099,USD
2017-06-02,WMT,Consumer Staples,79.8,79.93,79.22,79.62,7996466,USD
2017-06-05,WMT,Consumer Staples,79.6,80.47,79.48,80.26,10145727,USD
2017-06-06,WMT,Consumer Staples,79.43,79.56,78.26,78.93,11525875,USD
2017-06-07,WMT,Consumer Staples,79.08,79.5,78.73,79.15,8511711,USD
2017-06-08,WMT,Consumer Staples,79.58,80.13,78.23,78.93,10933040,USD
2017-06-09,WMT,Consumer Staples,79.03,79.56,78.72,79.42,9405124,USD
2017-06-12,WMT,Consumer Staples,79.4,80.37,78.84,79.24,10410592,USD
2017-06-13,WMT,Consumer Staples,79.21,79.57,78.89,79.52,5528030,USD
2017-06-14,WMT,Consumer Staples,79.52,80.03,79.26,79.9,5006516,USD
2017-06-15,WMT,Consumer Staples,79.18,79.3,77.76,78.91,11297169,USD
2017-06-16,WMT,Consumer Staples,73.95,75.5,73.29,75.24,56233028,USD
2017-06-19,WMT,Consumer Staples,75.38,76.01,74.52,75.5,16095073,USD
2017-06-20,WMT,Consumer Staples,75.88,75.92,75.32,75.54,10019248,USD
2017-06-21,WMT,Consumer Staples,75.6,76.61,75.58,76.24,9011423,USD
2017-06-22,WMT,Consumer Staples,76.03,76.06,75.3,75.52,8111282,USD
2017-06-23,WMT,Consumer Staples,75.6,75.78,74.55,74.84,13080330,USD
2017-06-26,WMT,Consumer Staples,74.95,75.93,74.92,75.5,8587480,USD
2017-06-27,WMT,Consumer Staples,75.52,76.37,75.45,76.01,6454384,USD
2017-06-28,WMT,Consumer Staples,76.25,76.8,76.14,76.51,6988885,USD
2017-06-29,WMT,Consumer Staples,76.25,76.32,75.48,75.93,7063528,USD
2017-06-30,WMT,Consumer Staples,76.08,76.27,75.67,75.68,6963283,USD
2017-07-03,WMT,Consumer Staples,75.84,76.34,75.08,75.36,4848564,USD
2017-07-05,WMT,Consumer Staples,75.55,75.95,75.17,75.32,6037661,USD
2017-07-06,WMT,Consumer Staples,75.35,75.97,75.24,75.47,6161845,USD
2017-07-07,WMT,Consumer Staples,75.65,75.82,75.05,75.33,5307064,USD
2017-07-10,WMT,Consumer Staples,75.15,75.31,73.13,73.23,15066660,USD
2017-07-11,WMT,Consumer Staples,73.38,74.05,73.33,73.47,7532631,USD
2017-07-12,WMT,Consumer Staples,73.66,74.21,73.66,73.94,5700157,USD
2017-07-13,WMT,Consumer Staples,74.67,75.25,74.51,75.05,8160487,USD
2017-07-14,WMT,Consumer Staples,76.27,76.56,75.91,76.34,9151859,USD
2017-07-17,WMT,Consumer Staples,76.29,76.87,76.19,76.37,8835576,USD
2017-07-18,WMT,Consumer Staples,76.25,76.54,76.0,76.2,4314853,USD
2017-07-19,WMT,Consumer Staples,76.08,76.22,75.6,75.87,5313563,USD
2017-07-20,WMT,Consumer Staples,75.98,76.25,75.7,76.02,4965379,USD
2017-07-21,WMT,Consumer Staples,75.84,76.23,75.55,76.15,7153326,USD
2017-07-24,WMT,Consumer Staples,76.03,77.16,76.03,76.89,7388035,USD
2017-07-25,WMT,Consumer Staples,77.61,78.86,77.39,78.52,11503953,USD
2017-07-26,WMT,Consumer Staples,78.55,79.17,77.94,78.9,6716055,USD
2017-07-27,WMT,Consumer Staples,78.72,79.86,78.48,79.78,8052464,USD
2017-07-28,WMT,Consumer Staples,79.8,79.95,79.53,79.81,4975216,USD
2017-07-31,WMT,Consumer Staples,79.82,80.34,79.69,79.99,6263189,USD
2017-08-01,WMT,Consumer Staples,80.25,80.73,80.0,80.5,5726547,USD
2017-08-02,WMT,Consumer Staples,80.34,81.11,80.3,80.53,8673035,USD
2017-08-03,WMT,Consumer Staples,81.34,81.76,80.67,80.87,9946948,USD
2017-08-04,WMT,Consumer Staples,81.06,81.4,80.21,80.48,7141805,USD
2017-08-07,WMT,Consumer Staples,80.57,81.45,80.54,81.28,5484512,USD
2017-08-08,WMT,Consumer Staples,81.17,81.86,80.9,81.59,7381407,USD
2017-08-09,WMT,Consumer Staples,81.11,81.99,80.9,81.61,6606508,USD
2017-08-10,WMT,Consumer Staples,81.07,81.4,80.55,80.66,8044995,USD
2017-08-11,WMT,Consumer Staples,80.73,81.25,80.36,80.4,7905495,USD
2017-08-14,WMT,Consumer Staples,80.59,81.24,80.5,80.7,7792028,USD
2017-08-15,WMT,Consumer Staples,80.83,81.4,80.54,80.77,7066058,USD
2017-08-16,WMT,Consumer Staples,81.27,81.44,80.54,80.98,11535953,USD
2017-08-17,WMT,Consumer Staples,78.85,79.81,78.33,79.7,17293700,USD
2017-08-18,WMT,Consumer Staples,79.62,80.35,79.28,79.31,9752957,USD
2017-08-21,WMT,Consumer Staples,79.12,80.07,78.79,79.71,9613928,USD
2017-08-22,WMT,Consumer Staples,79.8,80.16,79.71,80.02,6546099,USD
2017-08-23,WMT,Consumer Staples,80.35,80.56,79.88,79.96,7799306,USD
2017-08-24,WMT,Consumer Staples,80.61,80.88,77.85,78.34,19128040,USD
2017-08-25,WMT,Consumer Staples,78.5,79.09,78.48,78.63,9902189,USD
2017-08-28,WMT,Consumer Staples,78.41,78.46,77.86,78.03,8621494,USD
2017-08-29,WMT,Consumer Staples,77.67,78.98,77.5,78.77,7665191,USD
2017-08-30,WMT,Consumer Staples,78.82,79.1,78.52,78.54,5829829,USD
2017-08-31,WMT,Consumer Staples,78.6,78.75,78.06,78.07,8194750,USD
2017-09-01,WMT,Consumer Staples,78.31,78.5,78.21,78.37,6474360,USD
2017-09-05,WMT,Consumer Staples,77.95,79.89,77.9,79.8,12068490,USD
2017-09-06,WMT,Consumer Staples,79.88,80.4,79.72,80.08,8426125,USD
2017-09-07,WMT,Consumer Staples,80.32,80.76,80.0,80.12,6820752,USD
2017-09-08,WMT,Consumer Staples,79.74,79.88,77.73,78.88,9999593,USD
2017-09-11,WMT,Consumer Staples,79.15,79.35,78.66,79.08,7000240,USD
2017-09-12,WMT,Consumer Staples,79.3,79.91,79.17,79.61,6004985,USD
2017-09-13,WMT,Consumer Staples,79.61,80.68,79.59,79.86,8823746,USD
2017-09-14,WMT,Consumer Staples,79.79,79.82,79.22,79.68,6939333,USD
2017-09-15,WMT,Consumer Staples,79.81,80.75,79.27,80.38,13317757,USD
2017-09-18,WMT,Consumer Staples,80.21,81.12,79.95,80.0,8176067,USD
2017-09-19,WMT,Consumer Staples,80.18,80.46,79.7,80.05,6174358,USD
2017-09-20,WMT,Consumer Staples,80.17,80.56,79.87,80.5,5318194,USD
2017-09-21,WMT,Consumer Staples,80.57,80.57,79.72,80.01,6430256,USD
2017-09-22,WMT,Consumer Staples,79.89,80.08,79.25,79.53,5755262,USD
2017-09-25,WMT,Consumer Staples,78.92,80.1,78.86,79.15,8547808,USD
2017-09-26,WMT,Consumer Staples,79.04,79.54,78.92,79.39,5835332,USD
2017-09-27,WMT,Consumer Staples,79.42,79.57,78.67,79.29,6314623,USD
2017-09-28,WMT,Consumer Staples,79.0,79.08,78.12,78.95,12372825,USD
2017-09-29,WMT,Consumer Staples,78.85,79.0,77.98,78.14,10353361,USD
2017-10-02,WMT,Consumer Staples,77.9,78.83,77.5,78.45,7709220,USD
2017-10-03,WMT,Consumer Staples,78.83,79.66,78.75,79.22,7936742,USD
2017-10-04,WMT,Consumer Staples,79.27,79.78,79.07,79.09,6173376,USD
2017-10-05,WMT,Consumer Staples,79.17,79.81,79.08,79.41,5138671,USD
2017-10-06,WMT,Consumer Staples,78.78,79.17,78.25,79.0,6246655,USD
2017-10-09,WMT,Consumer Staples,79.5,81.38,79.4,80.53,13493044,USD
2017-10-10,WMT,Consumer Staples,82.68,84.88,82.61,84.13,25123962,USD
2017-10-11,WMT,Consumer Staples,84.58,86.29,84.1,85.73,18561004,USD
2017-10-12,WMT,Consumer Staples,85.7,86.37,85.06,86.1,12876987,USD
2017-10-13,WMT,Consumer Staples,86.24,86.95,86.24,86.62,9389049,USD
2017-10-16,WMT,Consumer Staples,86.58,86.62,85.02,85.74,9300326,USD
2017-10-17,WMT,Consumer Staples,85.5,86.36,85.32,85.98,5851546,USD
2017-10-18,WMT,Consumer Staples,86.15,86.37,86.01,86.22,5472088,USD
2017-10-19,WMT,Consumer Staples,86.15,86.66,85.77,86.4,7028958,USD
2017-10-20,WMT,Consumer Staples,86.6,87.45,86.28,87.44,7617753,USD
2017-10-23,WMT,Consumer Staples,87.34,88.92,87.26,88.65,10586033,USD
2017-10-24,WMT,Consumer Staples,88.69,88.8,87.91,87.98,7700872,USD
2017-10-25,WMT,Consumer Staples,87.85,88.6,87.43,88.48,6408003,USD
2017-10-26,WMT,Consumer Staples,88.66,89.11,88.02,88.62,6484941,USD
2017-10-27,WMT,Consumer Staples,88.14,88.39,87.15,88.17,6617000,USD
2017-10-30,WMT,Consumer Staples,87.94,87.95,86.39,86.95,7051993,USD
2017-10-31,WMT,Consumer Staples,86.86,87.46,86.6,87.31,6006933,USD
2017-11-01,WMT,Consumer Staples,87.07,88.39,87.0,87.94,6176079,USD
2017-11-02,WMT,Consumer Staples,88.28,89.17,87.8,88.8,5183089,USD
2017-11-03,WMT,Consumer Staples,89.02,89.88,88.76,89.68,6512059,USD
2017-11-06,WMT,Consumer Staples,89.42,89.68,88.68,88.7,5257445,USD
2017-11-07,WMT,Consumer Staples,88.87,89.06,88.31,88.95,5349331,USD
2017-11-08,WMT,Consumer Staples,89.11,90.42,89.1,90.26,6767543,USD
2017-11-09,WMT,Consumer Staples,89.94,90.57,89.35,90.3,6904457,USD
2017-11-10,WMT,Consumer Staples,90.24,91.69,90.2,90.92,7647801,USD
2017-11-13,WMT,Consumer Staples,91.04,91.98,90.87,90.99,8491567,USD
2017-11-14,WMT,Consumer Staples,90.7,91.2,90.18,91.09,9834133,USD
2017-11-15,WMT,Consumer Staples,90.34,90.85,89.65,89.83,8433438,USD
2017-11-16,WMT,Consumer Staples,95.12,99.68,94.72,99.62,38122384,USD
2017-11-17,WMT,Consumer Staples,99.24,100.13,96.58,97.47,23575512,USD
2017-11-20,WMT,Consumer Staples,96.44,97.64,95.76,97.48,16394324,USD
2017-11-21,WMT,Consumer Staples,97.74,97.92,96.32,96.52,12746499,USD
2017-11-22,WMT,Consumer Staples,96.65,96.81,96.11,96.41,8918247,USD
2017-11-24,WMT,Consumer Staples,96.87,97.23,96.53,96.62,4496117,USD
2017-11-27,WMT,Consumer Staples,96.85,97.65,96.3,96.62,8904890,USD
2017-11-28,WMT,Consumer Staples,96.59,96.89,95.82,96.77,8709645,USD
2017-11-29,WMT,Consumer Staples,97.22,98.26,96.88,97.56,11424004,USD
2017-11-30,WMT,Consumer Staples,98.09,98.44,96.51,97.23,12854680,USD
2017-12-01,WMT,Consumer Staples,97.61,97.71,96.23,97.35,8296198,USD
2017-12-04,WMT,Consumer Staples,97.73,97.96,96.67,97.01,8956524,USD
2017-12-05,WMT,Consumer Staples,97.0,97.94,96.92,97.83,9010067,USD
2017-12-06,WMT,Consumer Staples,97.99,98.14,97.24,97.28,7140986,USD
2017-12-07,WMT,Consumer Staples,97.06,97.58,96.65,96.78,7502602,USD
2017-12-08,WMT,Consumer Staples,96.67,96.7,96.14,96.55,5821061,USD
2017-12-11,WMT,Consumer Staples,96.44,97.27,96.29,96.93,8928919,USD
2017-12-12,WMT,Consumer Staples,96.85,97.24,96.6,96.7,7810642,USD
2017-12-13,WMT,Consumer Staples,96.66,97.91,96.55,97.76,7879383,USD
2017-12-14,WMT,Consumer Staples,98.0,98.57,97.1,97.13,9385769,USD
2017-12-15,WMT,Consumer Staples,97.71,98.49,96.91,97.11,16142788,USD
2017-12-18,WMT,Consumer Staples,97.38,98.17,97.36,97.9,7964436,USD
2017-12-19,WMT,Consumer Staples,99.91,99.91,98.29,98.8,12012168,USD
2017-12-20,WMT,Consumer Staples,99.45,99.65,98.45,98.75,10729805,USD
2017-12-21,WMT,Consumer Staples,99.0,99.33,97.98,98.06,7369128,USD
2017-12-22,WMT,Consumer Staples,98.29,98.42,97.68,98.21,5478682,USD
2017-12-26,WMT,Consumer Staples,98.35,99.44,98.35,99.16,4295891,USD
2017-12-27,WMT,Consumer Staples,99.56,99.6,98.83,99.26,5140793,USD
2017-12-28,WMT,Consumer Staples,99.52,99.62,99.12,99.4,9763936,USD
2017-12-29,WMT,Consumer Staples,99.4,99.69,98.75,98.75,7144273,USD
2018-01-02,WMT,Consumer Staples,99.3,99.79,98.52,98.59,10150490,USD
2018-01-03,WMT,Consumer Staples,98.85,100.0,98.77,99.45,8903576,USD
2018-01-04,WMT,Consumer Staples,99.54,99.78,98.91,99.54,6830407,USD
2018-01-05,WMT,Consumer Staples,99.64,100.38,99.61,100.13,7283990,USD
2018-01-08,WMT,Consumer Staples,100.25,101.75,100.21,101.61,8843872,USD
2018-01-09,WMT,Consumer Staples,102.03,102.35,100.31,100.39,7312744,USD
2018-01-10,WMT,Consumer Staples,99.75,99.89,98.53,99.67,7930420,USD
2018-01-11,WMT,Consumer Staples,99.7,100.45,98.78,100.02,6537682,USD
2018-01-12,WMT,Consumer Staples,100.39,101.44,100.3,100.87,6951178,USD
2018-01-16,WMT,Consumer Staples,101.34,101.91,100.34,100.69,7170701,USD
2018-01-17,WMT,Consumer Staples,101.15,102.94,100.7,102.7,8681944,USD
2018-01-18,WMT,Consumer Staples,104.74,104.94,103.62,104.3,12307866,USD
2018-01-19,WMT,Consumer Staples,104.64,104.93,103.66,104.59,8378580,USD
2018-01-22,WMT,Consumer Staples,104.5,105.45,104.04,105.45,7308268,USD
2018-01-23,WMT,Consumer Staples,105.29,106.14,104.57,105.9,8287814,USD
2018-01-24,WMT,Consumer Staples,106.35,106.44,104.82,105.79,6823108,USD
2018-01-25,WMT,Consumer Staples,105.85,106.81,105.85,106.6,5857136,USD
2018-01-26,WMT,Consumer Staples,107.0,108.41,106.68,108.39,6786305,USD
2018-01-29,WMT,Consumer Staples,108.11,109.98,107.99,109.55,8355204,USD
2018-01-30,WMT,Consumer Staples,109.14,109.36,107.15,107.73,9180477,USD
2018-01-31,WMT,Consumer Staples,107.77,108.18,106.07,106.6,9812836,USD
2018-02-01,WMT,Consumer Staples,105.96,106.56,105.18,105.52,6386836,USD
2018-02-02,WMT,Consumer Staples,105.15,106.47,104.15,104.48,9253068,USD
2018-02-05,WMT,Consumer Staples,103.4,104.61,97.09,100.09,12561594,USD
2018-02-06,WMT,Consumer Staples,97.64,101.08,97.25,100.9,16413797,USD
2018-02-07,WMT,Consumer Staples,100.5,104.59,100.01,102.85,11165223,USD
2018-02-08,WMT,Consumer Staples,103.23,103.48,100.0,100.02,13975058,USD
2018-02-09,WMT,Consumer Staples,100.53,101.1,96.43,99.37,14184609,USD
2018-02-12,WMT,Consumer Staples,100.13,100.44,98.8,99.55,9135144,USD
2018-02-13,WMT,Consumer Staples,99.33,101.22,99.33,100.98,6622769,USD
2018-02-14,WMT,Consumer Staples,100.86,102.25,100.21,101.7,7307584,USD
2018-02-15,WMT,Consumer Staples,102.55,103.64,101.83,103.23,7494919,USD
2018-02-16,WMT,Consumer Staples,103.09,104.94,101.98,104.78,16064310,USD
2018-02-20,WMT,Consumer Staples,96.99,97.94,94.1,94.11,52088476,USD
2018-02-21,WMT,Consumer Staples,95.11,95.34,91.24,91.52,49503728,USD
2018-02-22,WMT,Consumer Staples,91.43,93.39,91.31,92.77,20364982,USD
2018-02-23,WMT,Consumer Staples,92.88,93.49,91.76,92.89,12791460,USD
2018-02-26,WMT,Consumer Staples,92.9,93.8,92.22,93.12,14699278,USD
2018-02-27,WMT,Consumer Staples,93.63,93.72,91.51,91.52,13376071,USD
2018-02-28,WMT,Consumer Staples,92.0,92.1,90.0,90.01,14143695,USD
2018-03-01,WMT,Consumer Staples,90.17,90.18,87.71,89.08,18909572,USD
2018-03-02,WMT,Consumer Staples,87.27,88.9,87.24,88.77,19043368,USD
2018-03-05,WMT,Consumer Staples,88.14,90.5,88.07,89.98,13383214,USD
2018-03-06,WMT,Consumer Staples,90.35,90.5,88.63,89.06,11054682,USD
2018-03-07,WMT,Consumer Staples,87.98,88.53,87.33,87.74,11453034,USD
2018-03-08,WMT,Consumer Staples,87.77,88.13,87.34,87.92,9588676,USD
2018-03-09,WMT,Consumer Staples,88.24,88.72,87.53,88.72,9754352,USD
2018-03-12,WMT,Consumer Staples,88.7,89.44,87.88,88.07,8474026,USD
2018-03-13,WMT,Consumer Staples,88.39,88.9,87.98,88.3,7172984,USD
2018-03-14,WMT,Consumer Staples,88.51,88.99,87.5,87.67,11040586,USD
2018-03-15,WMT,Consumer Staples,87.68,88.79,85.9,87.51,16615179,USD
2018-03-16,WMT,Consumer Staples,87.72,90.09,87.5,89.17,28395992,USD
2018-03-19,WMT,Consumer Staples,88.91,89.08,87.1,87.45,12053365,USD
2018-03-20,WMT,Consumer Staples,87.86,88.15,87.37,87.95,8257950,USD
2018-03-21,WMT,Consumer Staples,87.89,89.68,87.68,88.18,11836041,USD
2018-03-22,WMT,Consumer Staples,87.53,88.27,86.99,87.14,12248169,USD
2018-03-23,WMT,Consumer Staples,87.35,87.74,85.28,85.42,10125050,USD
2018-03-26,WMT,Consumer Staples,86.22,87.69,86.11,87.5,9199774,USD
2018-03-27,WMT,Consumer Staples,87.96,88.04,85.48,86.05,6545769,USD
2018-03-28,WMT,Consumer Staples,86.26,88.24,86.19,87.77,11576255,USD
2018-03-29,WMT,Consumer Staples,87.9,89.34,87.77,88.97,9274565,USD
2018-04-02,WMT,Consumer Staples,88.0,88.24,84.84,85.55,19128892,USD
2018-04-03,WMT,Consumer Staples,86.25,86.95,85.55,86.8,9695513,USD
2018-04-04,WMT,Consumer Staples,85.6,87.5,85.44,87.22,6536578,USD
2018-04-05,WMT,Consumer Staples,87.6,88.34,87.05,87.81,6380937,USD
2018-04-06,WMT,Consumer Staples,86.83,87.9,86.13,86.69,6349953,USD
2018-04-09,WMT,Consumer Staples,86.85,87.45,86.24,86.28,8368142,USD
2018-04-10,WMT,Consumer Staples,86.84,87.1,85.66,86.45,9728223,USD
2018-04-11,WMT,Consumer Staples,86.0,86.86,85.8,85.91,6278985,USD
2018-04-12,WMT,Consumer Staples,86.19,86.83,85.41,85.43,6856320,USD
2018-04-13,WMT,Consumer Staples,85.89,86.27,85.19,86.02,7559151,USD
2018-04-16,WMT,Consumer Staples,86.2,87.65,86.12,86.84,7020673,USD
2018-04-17,WMT,Consumer Staples,87.48,88.17,87.41,87.9,6801912,USD
2018-04-18,WMT,Consumer Staples,88.2,88.56,87.51,87.57,5854040,USD
2018-04-19,WMT,Consumer Staples,87.41,88.04,86.58,87.89,6588348,USD
2018-04-20,WMT,Consumer Staples,87.87,88.38,86.67,86.98,8324886,USD
2018-04-23,WMT,Consumer Staples,86.89,87.08,86.02,86.1,7360466,USD
2018-04-24,WMT,Consumer Staples,86.77,86.91,85.57,86.53,8469716,USD
2018-04-25,WMT,Consumer Staples,86.32,87.7,85.89,87.17,6760352,USD
2018-04-26,WMT,Consumer Staples,87.17,88.32,86.9,87.94,5782548,USD
2018-04-27,WMT,Consumer Staples,87.87,87.9,87.08,87.29,5651105,USD
2018-04-30,WMT,Consumer Staples,87.94,89.66,87.92,88.46,8685876,USD
2018-05-01,WMT,Consumer Staples,87.67,88.01,86.35,87.41,6957660,USD
2018-05-02,WMT,Consumer Staples,87.13,87.25,86.16,86.34,6082960,USD
2018-05-03,WMT,Consumer Staples,86.19,86.29,85.12,86.23,6876105,USD
2018-05-04,WMT,Consumer Staples,86.0,88.1,85.36,87.53,6971479,USD
2018-05-07,WMT,Consumer Staples,87.49,87.5,85.27,85.47,10783644,USD
2018-05-08,WMT,Consumer Staples,85.52,85.85,84.92,85.74,6551439,USD
2018-05-09,WMT,Consumer Staples,82.56,83.68,82.0,83.06,32265232,USD
2018-05-10,WMT,Consumer Staples,82.64,83.77,82.01,82.69,15857647,USD
2018-05-11,WMT,Consumer Staples,82.69,83.52,81.95,83.38,9934779,USD
2018-05-14,WMT,Consumer Staples,83.89,84.79,83.65,84.39,9499241,USD
2018-05-15,WMT,Consumer Staples,84.06,84.88,83.8,84.52,9322923,USD
2018-05-16,WMT,Consumer Staples,84.87,86.62,84.74,86.13,13733627,USD
2018-05-17,WMT,Consumer Staples,87.04,87.59,83.85,84.49,29720738,USD
2018-05-18,WMT,Consumer Staples,84.24,84.44,83.49,83.64,12043137,USD
2018-05-21,WMT,Consumer Staples,84.14,84.54,83.82,84.51,10715741,USD
2018-05-22,WMT,Consumer Staples,84.5,84.81,83.29,83.37,8067349,USD
2018-05-23,WMT,Consumer Staples,82.95,83.02,82.17,83.01,9399188,USD
2018-05-24,WMT,Consumer Staples,83.0,83.0,81.78,82.85,8576228,USD
2018-05-25,WMT,Consumer Staples,82.85,83.34,82.32,82.46,5913537,USD
2018-05-29,WMT,Consumer Staples,81.96,82.52,81.81,82.4,8428164,USD
2018-05-30,WMT,Consumer Staples,82.45,84.23,82.26,84.12,9314100,USD
2018-05-31,WMT,Consumer Staples,83.94,84.31,82.51,82.54,11468708,USD
2018-06-01,WMT,Consumer Staples,83.04,83.42,82.85,82.99,5237864,USD
2018-06-04,WMT,Consumer Staples,83.5,85.52,83.3,85.42,10921966,USD
2018-06-05,WMT,Consumer Staples,85.45,85.47,84.25,84.62,8281419,USD
2018-06-06,WMT,Consumer Staples,84.95,85.15,84.35,84.56,7362807,USD
2018-06-07,WMT,Consumer Staples,84.78,85.76,84.69,84.95,7705710,USD
2018-06-08,WMT,Consumer Staples,84.78,85.19,84.14,84.36,7602411,USD
2018-06-11,WMT,Consumer Staples,84.41,84.54,83.79,84.3,6252274,USD
2018-06-12,WMT,Consumer Staples,84.32,84.59,83.47,84.1,8061710,USD
2018-06-13,WMT,Consumer Staples,83.89,84.37,83.85,84.09,6358420,USD
2018-06-14,WMT,Consumer Staples,84.22,84.81,83.67,83.79,7517427,USD
2018-06-15,WMT,Consumer Staples,83.5,83.99,83.06,83.7,12503000,USD
2018-06-18,WMT,Consumer Staples,83.05,83.57,82.82,83.0,8502338,USD
2018-06-19,WMT,Consumer Staples,82.6,83.62,82.37,83.61,9352518,USD
2018-06-20,WMT,Consumer Staples,83.71,83.82,83.16,83.61,7966579,USD
2018-06-21,WMT,Consumer Staples,83.4,84.55,82.89,84.21,8091999,USD
2018-06-22,WMT,Consumer Staples,84.46,84.85,84.1,84.82,11005783,USD
2018-06-25,WMT,Consumer Staples,84.59,86.6,84.48,86.47,15939481,USD
2018-06-26,WMT,Consumer Staples,86.53,87.05,85.76,85.98,10126155,USD
2018-06-27,WMT,Consumer Staples,85.9,87.49,85.55,86.89,10299652,USD
2018-06-28,WMT,Consumer Staples,86.85,87.29,85.69,85.86,8466965,USD
2018-06-29,WMT,Consumer Staples,85.9,86.2,85.52,85.65,8260329,USD
2018-07-02,WMT,Consumer Staples,85.65,85.94,83.4,84.0,8125148,USD
2018-07-03,WMT,Consumer Staples,84.09,85.05,84.09,84.44,4396238,USD
2018-07-05,WMT,Consumer Staples,84.94,85.58,84.27,84.57,5367491,USD
2018-07-06,WMT,Consumer Staples,84.2,84.86,83.82,84.51,5623594,USD
2018-07-09,WMT,Consumer Staples,85.0,86.47,84.77,85.93,6575426,USD
2018-07-10,WMT,Consumer Staples,85.93,87.33,85.88,87.21,6048406,USD
2018-07-11,WMT,Consumer Staples,87.06,87.15,86.39,86.53,5595886,USD
2018-07-12,WMT,Consumer Staples,86.94,87.41,86.22,86.52,4889002,USD
2018-07-13,WMT,Consumer Staples,86.52,87.99,86.5,87.7,6394443,USD
2018-07-16,WMT,Consumer Staples,87.62,87.72,86.83,87.64,4447219,USD
2018-07-17,WMT,Consumer Staples,87.4,88.7,87.4,88.19,5911529,USD
2018-07-18,WMT,Consumer Staples,88.33,89.19,87.94,88.07,5045531,USD
2018-07-19,WMT,Consumer Staples,87.86,88.48,87.41,87.72,4883093,USD
2018-07-20,WMT,Consumer Staples,87.4,88.17,87.2,88.06,4821730,USD
2018-07-23,WMT,Consumer Staples,87.65,88.15,87.38,87.63,4149954,USD
2018-07-24,WMT,Consumer Staples,88.12,88.5,87.61,87.96,5589503,USD
2018-07-25,WMT,Consumer Staples,87.27,88.02,87.11,87.9,5796286,USD
2018-07-26,WMT,Consumer Staples,88.5,89.43,88.18,88.23,6548424,USD
2018-07-27,WMT,Consumer Staples,88.64,88.88,88.03,88.13,4679671,USD
2018-07-30,WMT,Consumer Staples,88.0,88.94,87.89,88.88,6010739,USD
2018-07-31,WMT,Consumer Staples,89.0,89.66,88.8,89.23,6708520,USD
2018-08-01,WMT,Consumer Staples,88.86,89.13,87.88,88.24,5049950,USD
2018-08-02,WMT,Consumer Staples,87.94,88.84,87.62,88.76,4306354,USD
2018-08-03,WMT,Consumer Staples,89.19,90.28,89.0,89.6,5747195,USD
2018-08-06,WMT,Consumer Staples,89.31,89.98,89.12,89.67,4651630,USD
2018-08-07,WMT,Consumer Staples,89.83,90.36,89.65,89.77,4526669,USD
2018-08-08,WMT,Consumer Staples,89.97,90.23,89.37,90.05,5041896,USD
2018-08-09,WMT,Consumer Staples,89.46,89.63,88.76,89.01,4727871,USD
2018-08-10,WMT,Consumer Staples,88.7,90.37,88.65,90.18,8244853,USD
2018-08-13,WMT,Consumer Staples,90.2,90.54,89.37,89.64,5879641,USD
2018-08-14,WMT,Consumer Staples,89.64,91.12,89.63,90.85,5836806,USD
2018-08-15,WMT,Consumer Staples,90.25,90.41,89.67,90.22,8616900,USD
2018-08-16,WMT,Consumer Staples,100.11,100.21,97.91,98.64,42631272,USD
2018-08-17,WMT,Consumer Staples,97.77,99.67,97.61,97.85,16463337,USD
2018-08-20,WMT,Consumer Staples,97.67,98.29,95.95,96.0,12679293,USD
2018-08-21,WMT,Consumer Staples,95.96,96.36,95.36,96.08,10531269,USD
2018-08-22,WMT,Consumer Staples,96.2,96.85,95.23,95.67,7765671,USD
2018-08-23,WMT,Consumer Staples,95.5,95.86,95.06,95.18,6096381,USD
2018-08-24,WMT,Consumer Staples,95.09,95.66,94.35,94.95,8594514,USD
2018-08-27,WMT,Consumer Staples,95.26,95.61,94.28,94.54,7040258,USD
2018-08-28,WMT,Consumer Staples,94.77,96.35,94.53,96.07,9983002,USD
2018-08-29,WMT,Consumer Staples,96.28,96.83,95.53,95.64,7862835,USD
2018-08-30,WMT,Consumer Staples,95.5,96.5,95.45,96.1,7058718,USD
2018-08-31,WMT,Consumer Staples,96.19,96.44,95.11,95.86,6324813,USD
2018-09-04,WMT,Consumer Staples,95.8,96.27,95.24,95.36,8280741,USD
2018-09-05,WMT,Consumer Staples,95.67,96.83,95.36,96.62,9474608,USD
2018-09-06,WMT,Consumer Staples,96.53,96.72,96.01,96.45,6150827,USD
2018-09-07,WMT,Consumer Staples,95.8,96.48,95.64,95.83,6672449,USD
2018-09-10,WMT,Consumer Staples,96.11,97.19,96.09,96.9,8332605,USD
2018-09-11,WMT,Consumer Staples,97.27,97.66,96.49,96.64,6463535,USD
2018-09-12,WMT,Consumer Staples,96.26,96.74,95.93,95.97,5900027,USD
2018-09-13,WMT,Consumer Staples,95.32,95.62,94.91,95.12,7652921,USD
2018-09-14,WMT,Consumer Staples,94.53,94.84,94.35,94.59,6319383,USD
2018-09-17,WMT,Consumer Staples,94.75,95.48,94.37,94.82,5329819,USD
2018-09-18,WMT,Consumer Staples,94.46,95.59,94.15,95.43,6760152,USD
2018-09-19,WMT,Consumer Staples,95.57,95.89,94.88,95.24,5675135,USD
2018-09-20,WMT,Consumer Staples,95.35,95.79,94.95,95.75,5552332,USD
2018-09-21,WMT,Consumer Staples,95.92,96.29,95.63,95.9,9530133,USD
2018-09-24,WMT,Consumer Staples,95.44,96.0,94.86,94.92,5336981,USD
2018-09-25,WMT,Consumer Staples,95.99,96.52,94.99,95.1,6193224,USD
2018-09-26,WMT,Consumer Staples,95.1,95.58,94.52,94.59,5918606,USD
2018-09-27,WMT,Consumer Staples,94.19,94.96,93.82,94.13,5363446,USD
2018-09-28,WMT,Consumer Staples,94.28,94.37,93.69,93.91,6306274,USD
2018-10-01,WMT,Consumer Staples,94.29,94.66,94.04,94.4,4995466,USD
2018-10-02,WMT,Consumer Staples,93.93,95.61,93.85,95.15,7754550,USD
2018-10-03,WMT,Consumer Staples,95.5,95.54,94.04,94.07,6327390,USD
2018-10-04,WMT,Consumer Staples,94.07,94.5,93.2,94.21,6045259,USD
2018-10-05,WMT,Consumer Staples,93.86,94.19,92.89,93.31,6693436,USD
2018-10-08,WMT,Consumer Staples,93.25,94.93,93.02,94.69,5762769,USD
2018-10-09,WMT,Consumer Staples,95.64,97.74,95.19,97.08,11598892,USD
2018-10-10,WMT,Consumer Staples,96.6,97.85,95.7,95.76,9002831,USD
2018-10-11,WMT,Consumer Staples,95.81,96.29,93.6,93.92,9926549,USD
2018-10-12,WMT,Consumer Staples,94.76,95.17,93.67,94.81,8553947,USD
2018-10-15,WMT,Consumer Staples,94.5,94.99,93.82,93.82,8305499,USD
2018-10-16,WMT,Consumer Staples,94.7,96.07,94.34,95.81,11241700,USD
2018-10-17,WMT,Consumer Staples,95.18,96.62,94.9,96.56,9539386,USD
2018-10-18,WMT,Consumer Staples,96.4,97.25,95.74,96.17,11398373,USD
2018-10-19,WMT,Consumer Staples,96.0,97.65,96.0,97.15,8950724,USD
2018-10-22,WMT,Consumer Staples,97.34,97.58,96.74,97.14,7122857,USD
2018-10-23,WMT,Consumer Staples,96.5,97.98,96.11,97.8,9405824,USD
2018-10-24,WMT,Consumer Staples,97.5,99.17,97.28,97.56,10364712,USD
2018-10-25,WMT,Consumer Staples,98.01,99.48,97.0,99.18,10737074,USD
2018-10-26,WMT,Consumer Staples,98.81,99.67,98.02,98.94,14925551,USD
2018-10-29,WMT,Consumer Staples,99.51,101.73,99.09,99.8,12706113,USD
2018-10-30,WMT,Consumer Staples,100.21,102.6,100.06,102.42,12708524,USD
2018-10-31,WMT,Consumer Staples,102.49,102.49,100.11,100.28,12354910,USD
2018-11-01,WMT,Consumer Staples,99.96,101.17,99.72,100.58,7735073,USD
2018-11-02,WMT,Consumer Staples,100.88,101.57,100.31,101.34,7303209,USD
2018-11-05,WMT,Consumer Staples,101.19,103.17,100.63,102.91,7616825,USD
2018-11-06,WMT,Consumer Staples,102.54,103.44,102.05,103.33,6368692,USD
2018-11-07,WMT,Consumer Staples,103.66,104.47,103.05,104.32,8672606,USD
2018-11-08,WMT,Consumer Staples,104.33,105.26,104.03,104.88,5961422,USD
2018-11-09,WMT,Consumer Staples,105.0,105.9,104.81,105.56,8450355,USD
2018-11-12,WMT,Consumer Staples,105.5,106.21,103.65,103.87,8943081,USD
2018-11-13,WMT,Consumer Staples,103.67,104.15,102.54,102.94,7956688,USD
2018-11-14,WMT,Consumer Staples,103.0,103.15,101.01,101.53,10481867,USD
2018-11-15,WMT,Consumer Staples,102.32,102.8,98.62,99.54,16082589,USD
2018-11-16,WMT,Consumer Staples,98.82,99.42,96.92,97.69,14235231,USD
2018-11-19,WMT,Consumer Staples,97.94,98.25,96.43,96.78,9214374,USD
2018-11-20,WMT,Consumer Staples,94.98,95.2,93.6,94.16,12620558,USD
2018-11-21,WMT,Consumer Staples,94.36,94.92,93.31,94.17,9350945,USD
2018-11-23,WMT,Consumer Staples,94.13,95.55,94.13,95.1,4889960,USD
2018-11-26,WMT,Consumer Staples,95.69,96.07,94.74,95.15,10034600,USD
2018-11-27,WMT,Consumer Staples,94.99,95.54,94.41,95.04,9042279,USD
2018-11-28,WMT,Consumer Staples,95.45,97.62,95.05,97.46,10070783,USD
2018-11-29,WMT,Consumer Staples,97.02,97.83,96.74,97.29,6241336,USD
2018-11-30,WMT,Consumer Staples,97.4,98.43,97.07,97.65,10664031,USD
2018-12-03,WMT,Consumer Staples,98.02,99.59,97.67,98.75,9081821,USD
2018-12-04,WMT,Consumer Staples,98.25,98.96,95.61,95.81,10426289,USD
2018-12-06,WMT,Consumer Staples,94.94,95.41,93.1,94.77,10367150,USD
2018-12-07,WMT,Consumer Staples,94.5,95.13,92.45,93.19,8496467,USD
2018-12-10,WMT,Consumer Staples,93.56,94.25,92.34,93.94,7276905,USD
2018-12-11,WMT,Consumer Staples,94.25,94.49,93.25,93.85,6452637,USD
2018-12-12,WMT,Consumer Staples,94.3,94.3,93.06,93.11,9639226,USD
2018-12-13,WMT,Consumer Staples,93.25,93.68,92.43,92.96,8042272,USD
2018-12-14,WMT,Consumer Staples,92.05,92.56,91.57,91.85,11493836,USD
2018-12-17,WMT,Consumer Staples,91.22,92.01,90.16,90.77,9001756,USD
2018-12-18,WMT,Consumer Staples,90.8,91.26,90.28,91.08,9606749,USD
2018-12-19,WMT,Consumer Staples,91.29,93.0,90.25,90.55,12231728,USD
2018-12-20,WMT,Consumer Staples,90.11,90.11,86.14,87.28,16373834,USD
2018-12-21,WMT,Consumer Staples,86.87,89.47,86.8,87.13,14921547,USD
2018-12-24,WMT,Consumer Staples,86.54,87.56,85.78,85.82,6110310,USD
2018-12-26,WMT,Consumer Staples,86.42,90.42,86.3,90.41,10028292,USD
2018-12-27,WMT,Consumer Staples,89.75,91.61,88.44,91.59,9881506,USD
2018-12-28,WMT,Consumer Staples,92.07,93.47,91.64,92.13,9873973,USD
2018-12-31,WMT,Consumer Staples,92.67,93.39,92.25,93.15,7006026,USD
2019-01-02,WMT,Consumer Staples,91.64,93.65,91.64,93.34,8152733,USD
2019-01-03,WMT,Consumer Staples,93.21,94.71,92.7,92.86,8277289,USD
2019-01-04,WMT,Consumer Staples,93.21,93.66,92.69,93.44,8029144,USD
2019-01-07,WMT,Consumer Staples,93.62,95.17,93.18,94.54,7789701,USD
2019-01-08,WMT,Consumer Staples,95.06,95.75,93.91,95.2,7200912,USD
2019-01-09,WMT,Consumer Staples,95.71,96.14,94.77,94.89,6272293,USD
2019-01-10,WMT,Consumer Staples,93.88,94.98,93.12,94.96,9396271,USD
2019-01-11,WMT,Consumer Staples,94.99,95.29,94.55,94.84,5394592,USD
2019-01-14,WMT,Consumer Staples,94.48,95.45,94.28,94.95,7085094,USD
2019-01-15,WMT,Consumer Staples,95.47,96.6,95.38,96.25,7058230,USD
2019-01-16,WMT,Consumer Staples,95.93,96.86,95.83,96.35,5409950,USD
2019-01-17,WMT,Consumer Staples,96.32,97.21,96.16,96.74,5614489,USD
2019-01-18,WMT,Consumer Staples,96.95,98.2,96.85,97.73,6120643,USD
2019-01-22,WMT,Consumer Staples,97.15,98.43,96.78,97.49,8063202,USD
2019-01-23,WMT,Consumer Staples,98.87,99.35,97.53,98.71,8345750,USD
2019-01-24,WMT,Consumer Staples,98.2,98.46,96.43,98.36,7609746,USD
2019-01-25,WMT,Consumer Staples,98.75,98.91,96.75,96.94,7222089,USD
2019-01-28,WMT,Consumer Staples,96.53,97.07,96.08,97.06,5875781,USD
2019-01-29,WMT,Consumer Staples,96.77,97.16,96.51,96.71,5253370,USD
2019-01-30,WMT,Consumer Staples,96.68,96.8,94.26,94.8,11849337,USD
2019-01-31,WMT,Consumer Staples,94.63,96.87,94.63,95.83,14722988,USD
2019-02-01,WMT,Consumer Staples,95.92,96.0,93.11,93.86,12591922,USD
2019-02-04,WMT,Consumer Staples,93.86,94.77,93.35,94.77,7268629,USD
2019-02-05,WMT,Consumer Staples,95.25,95.94,95.02,95.6,6099857,USD
2019-02-06,WMT,Consumer Staples,95.43,96.01,95.22,95.64,4264855,USD
2019-02-07,WMT,Consumer Staples,95.11,96.82,95.0,96.73,7010368,USD
2019-02-08,WMT,Consumer Staples,96.34,96.69,95.14,95.58,6169180,USD
2019-02-11,WMT,Consumer Staples,95.65,96.35,95.64,96.2,5542761,USD
2019-02-12,WMT,Consumer Staples,96.82,97.17,96.5,96.97,5881252,USD
2019-02-13,WMT,Consumer Staples,97.3,98.0,97.09,97.94,5458532,USD
2019-02-14,WMT,Consumer Staples,97.68,99.2,97.02,98.52,7200761,USD
2019-02-15,WMT,Consumer Staples,98.98,100.0,98.86,99.99,9480983,USD
2019-02-19,WMT,Consumer Staples,102.38,104.18,102.07,102.2,20697252,USD
2019-02-20,WMT,Consumer Staples,101.81,102.34,98.65,99.88,17631790,USD
2019-02-21,WMT,Consumer Staples,99.66,99.92,98.91,99.39,6413163,USD
2019-02-22,WMT,Consumer Staples,99.82,100.16,99.14,99.55,8086946,USD
2019-02-25,WMT,Consumer Staples,100.12,100.13,99.05,99.12,9234970,USD
2019-02-26,WMT,Consumer Staples,99.02,99.06,97.87,98.69,8488088,USD
2019-02-27,WMT,Consumer Staples,98.12,98.39,97.59,98.11,7902307,USD
2019-02-28,WMT,Consumer Staples,98.11,99.47,97.77,98.99,11375927,USD
2019-03-01,WMT,Consumer Staples,99.47,99.56,97.12,97.93,10352471,USD
2019-03-04,WMT,Consumer Staples,98.12,98.59,97.37,97.85,7683837,USD
2019-03-05,WMT,Consumer Staples,98.13,99.19,98.09,98.34,6119520,USD
2019-03-06,WMT,Consumer Staples,98.27,99.0,97.86,98.26,4696686,USD
2019-03-07,WMT,Consumer Staples,97.71,98.2,97.23,97.45,6126558,USD
2019-03-08,WMT,Consumer Staples,97.55,98.42,97.0,97.59,5659344,USD
2019-03-11,WMT,Consumer Staples,98.04,98.58,97.82,98.48,5345255,USD
2019-03-12,WMT,Consumer Staples,98.53,98.74,98.05,98.37,5070769,USD
2019-03-13,WMT,Consumer Staples,98.7,99.35,98.39,99.03,5482267,USD
2019-03-14,WMT,Consumer Staples,98.41,98.43,97.59,98.22,4926120,USD
2019-03-15,WMT,Consumer Staples,98.28,98.51,97.6,98.42,14600045,USD
2019-03-18,WMT,Consumer Staples,98.3,99.77,98.26,99.66,5770121,USD
2019-03-19,WMT,Consumer Staples,99.99,100.49,99.57,99.85,5414427,USD
2019-03-20,WMT,Consumer Staples,99.2,99.55,98.54,98.64,6323122,USD
2019-03-21,WMT,Consumer Staples,98.25,99.13,98.1,99.06,6550976,USD
2019-03-22,WMT,Consumer Staples,98.58,99.53,97.94,98.28,6708131,USD
2019-03-25,WMT,Consumer Staples,97.8,98.62,97.63,98.17,5407425,USD
2019-03-26,WMT,Consumer Staples,98.36,98.85,98.03,98.32,4946289,USD
2019-03-27,WMT,Consumer Staples,98.14,98.86,96.96,97.21,8471172,USD
2019-03-28,WMT,Consumer Staples,97.59,97.87,96.53,97.13,8054324,USD
2019-03-29,WMT,Consumer Staples,97.59,97.67,97.04,97.53,7439899,USD
2019-04-01,WMT,Consumer Staples,97.97,98.36,97.56,97.82,8505756,USD
2019-04-02,WMT,Consumer Staples,97.76,98.31,96.9,96.94,6274042,USD
2019-04-03,WMT,Consumer Staples,97.12,97.4,96.79,97.19,5687476,USD
2019-04-04,WMT,Consumer Staples,97.25,98.28,97.24,98.11,4026268,USD
2019-04-05,WMT,Consumer Staples,98.25,99.2,98.16,98.83,4656424,USD
2019-04-08,WMT,Consumer Staples,98.45,99.25,98.26,99.23,5422422,USD
2019-04-09,WMT,Consumer Staples,98.8,99.23,98.15,98.69,4367535,USD
2019-04-10,WMT,Consumer Staples,98.51,99.72,98.5,99.6,4091128,USD
2019-04-11,WMT,Consumer Staples,99.7,100.83,99.47,100.8,5606861,USD
2019-04-12,WMT,Consumer Staples,101.0,102.02,101.0,101.56,5162002,USD
2019-04-15,WMT,Consumer Staples,101.3,102.91,101.26,102.43,5112159,USD
2019-04-16,WMT,Consumer Staples,102.89,103.39,102.54,102.93,4828391,USD
2019-04-17,WMT,Consumer Staples,103.0,103.4,102.41,103.16,3729215,USD
2019-04-18,WMT,Consumer Staples,103.11,103.8,102.89,103.18,3727937,USD
2019-04-22,WMT,Consumer Staples,102.78,103.54,102.17,102.37,5079446,USD
2019-04-23,WMT,Consumer Staples,102.53,103.29,101.94,103.07,5050840,USD
2019-04-24,WMT,Consumer Staples,103.14,103.85,103.09,103.53,4697809,USD
2019-04-25,WMT,Consumer Staples,103.24,104.14,102.83,103.52,3961058,USD
2019-04-26,WMT,Consumer Staples,100.45,102.34,99.66,101.53,8107960,USD
2019-04-29,WMT,Consumer Staples,101.88,102.0,100.78,101.56,6380005,USD
2019-04-30,WMT,Consumer Staples,101.77,102.92,101.45,102.84,6133736,USD
2019-05-01,WMT,Consumer Staples,102.77,102.81,101.28,101.36,5337207,USD
2019-05-02,WMT,Consumer Staples,101.43,102.06,100.24,101.15,5006973,USD
2019-05-03,WMT,Consumer Staples,102.32,102.75,101.8,102.08,5317261,USD
2019-05-06,WMT,Consumer Staples,100.75,102.55,100.54,102.46,4613670,USD
2019-05-07,WMT,Consumer Staples,101.8,102.17,100.76,101.3,4575570,USD
2019-05-08,WMT,Consumer Staples,100.25,101.03,99.86,100.3,5882016,USD
2019-05-09,WMT,Consumer Staples,99.27,99.94,98.85,99.54,6240201,USD
2019-05-10,WMT,Consumer Staples,99.76,102.11,99.7,101.91,8742694,USD
2019-05-13,WMT,Consumer Staples,100.45,101.15,99.01,99.89,7361545,USD
2019-05-14,WMT,Consumer Staples,100.14,100.86,99.89,100.29,6353696,USD
2019-05-15,WMT,Consumer Staples,100.2,100.36,99.13,99.88,6740332,USD
2019-05-16,WMT,Consumer Staples,102.83,103.96,100.84,101.31,17121980,USD
2019-05-17,WMT,Consumer Staples,100.24,101.95,99.91,100.86,12371286,USD
2019-05-20,WMT,Consumer Staples,100.39,101.98,100.25,101.52,7194445,USD
2019-05-21,WMT,Consumer Staples,101.51,101.65,100.4,101.12,6889096,USD
2019-05-22,WMT,Consumer Staples,101.6,102.43,101.06,102.23,7340875,USD
2019-05-23,WMT,Consumer Staples,101.82,101.93,100.93,101.86,6454609,USD
2019-05-24,WMT,Consumer Staples,102.18,102.89,102.08,102.67,4483167,USD
2019-05-28,WMT,Consumer Staples,102.56,103.57,102.4,102.42,10271863,USD
2019-05-29,WMT,Consumer Staples,102.11,102.88,101.47,102.12,6520229,USD
2019-05-30,WMT,Consumer Staples,102.49,103.49,101.91,102.19,5019643,USD
2019-05-31,WMT,Consumer Staples,101.35,102.02,100.6,101.44,5927484,USD
2019-06-03,WMT,Consumer Staples,101.63,102.68,101.4,101.96,6614830,USD
2019-06-04,WMT,Consumer Staples,102.61,102.65,101.44,102.56,5965007,USD
2019-06-05,WMT,Consumer Staples,102.75,104.78,102.6,104.42,6902878,USD
2019-06-06,WMT,Consumer Staples,104.49,105.66,104.2,105.11,8063725,USD
2019-06-07,WMT,Consumer Staples,105.23,106.36,105.05,106.06,6809377,USD
2019-06-10,WMT,Consumer Staples,106.48,107.78,106.37,107.52,6325652,USD
2019-06-11,WMT,Consumer Staples,108.0,108.97,107.75,107.94,6747261,USD
2019-06-12,WMT,Consumer Staples,107.92,108.91,107.92,108.82,4635075,USD
2019-06-13,WMT,Consumer Staples,109.0,109.58,108.17,108.65,5484968,USD
2019-06-14,WMT,Consumer Staples,108.78,109.59,108.46,109.07,4525883,USD
2019-06-17,WMT,Consumer Staples,109.12,109.55,108.26,109.16,4146996,USD
2019-06-18,WMT,Consumer Staples,109.8,109.96,108.91,109.65,4911166,USD
2019-06-19,WMT,Consumer Staples,109.8,109.84,108.87,109.62,3924806,USD
2019-06-20,WMT,Consumer Staples,109.82,110.49,109.28,110.32,5001543,USD
2019-06-21,WMT,Consumer Staples,110.34,112.19,110.26,111.13,13178575,USD
2019-06-24,WMT,Consumer Staples,111.49,112.22,111.03,111.24,6032837,USD
2019-06-25,WMT,Consumer Staples,110.88,111.43,110.4,110.72,6105388,USD
2019-06-26,WMT,Consumer Staples,110.85,111.08,110.1,110.16,4161701,USD
2019-06-27,WMT,Consumer Staples,110.06,110.51,108.86,110.1,5481310,USD
2019-06-28,WMT,Consumer Staples,110.55,111.5,110.24,110.49,6507024,USD
2019-07-01,WMT,Consumer Staples,111.3,111.97,110.02,110.62,5516083,USD
2019-07-02,WMT,Consumer Staples,110.83,111.61,110.34,111.6,4063209,USD
2019-07-03,WMT,Consumer Staples,111.18,112.4,111.0,112.32,3207310,USD
2019-07-05,WMT,Consumer Staples,112.0,112.24,111.21,111.98,3579417,USD
2019-07-08,WMT,Consumer Staples,111.92,112.93,111.7,112.72,4715658,USD
2019-07-09,WMT,Consumer Staples,112.89,113.38,112.6,112.88,5423699,USD
2019-07-10,WMT,Consumer Staples,113.12,113.61,112.39,112.98,4579025,USD
2019-07-11,WMT,Consumer Staples,113.34,113.94,113.02,113.92,3896569,USD
2019-07-12,WMT,Consumer Staples,114.09,114.77,113.62,114.6,3743332,USD
2019-07-15,WMT,Consumer Staples,114.67,115.08,114.45,114.98,3346076,USD
2019-07-16,WMT,Consumer Staples,115.33,115.49,114.04,114.76,3488164,USD
2019-07-17,WMT,Consumer Staples,114.81,115.17,114.2,114.6,2688694,USD
2019-07-18,WMT,Consumer Staples,114.35,114.78,113.74,114.72,3224798,USD
2019-07-19,WMT,Consumer Staples,115.0,115.31,113.86,113.9,3796494,USD
2019-07-22,WMT,Consumer Staples,114.1,114.34,112.32,112.82,4520824,USD
2019-07-23,WMT,Consumer Staples,113.12,113.2,111.56,112.09,5754296,USD
2019-07-24,WMT,Consumer Staples,112.03,112.79,111.57,112.0,4177442,USD
2019-07-25,WMT,Consumer Staples,112.18,112.39,111.66,112.22,3851542,USD
2019-07-26,WMT,Consumer Staples,112.12,113.33,111.82,113.02,4729045,USD
2019-07-29,WMT,Consumer Staples,112.84,112.98,111.76,112.27,3746595,USD
2019-07-30,WMT,Consumer Staples,112.06,112.4,111.67,112.06,3035196,USD
2019-07-31,WMT,Consumer Staples,111.91,112.34,109.63,110.38,6211277,USD
2019-08-01,WMT,Consumer Staples,110.32,112.17,109.32,109.38,7454967,USD
2019-08-02,WMT,Consumer Staples,109.74,110.14,108.15,109.4,5656709,USD
2019-08-05,WMT,Consumer Staples,108.0,108.0,105.59,105.82,7569972,USD
2019-08-06,WMT,Consumer Staples,106.19,107.84,105.59,107.27,7016428,USD
2019-08-07,WMT,Consumer Staples,107.02,108.64,105.92,108.2,7278480,USD
2019-08-08,WMT,Consumer Staples,108.01,108.84,107.77,108.52,4374774,USD
2019-08-09,WMT,Consumer Staples,108.06,108.46,106.71,107.28,4193498,USD
2019-08-12,WMT,Consumer Staples,106.72,106.84,104.84,105.22,5868368,USD
2019-08-13,WMT,Consumer Staples,105.25,108.11,104.85,107.41,6722818,USD
2019-08-14,WMT,Consumer Staples,105.48,108.06,105.14,106.2,9312818,USD
2019-08-15,WMT,Consumer Staples,112.53,113.64,110.16,112.69,19812894,USD
2019-08-16,WMT,Consumer Staples,114.08,114.93,112.06,112.99,10965214,USD
2019-08-19,WMT,Consumer Staples,114.35,114.78,113.6,113.81,7178463,USD
2019-08-20,WMT,Consumer Staples,113.86,114.04,112.01,112.05,6114121,USD
2019-08-21,WMT,Consumer Staples,113.98,114.07,111.88,112.02,8157465,USD
2019-08-22,WMT,Consumer Staples,112.2,112.79,111.35,111.91,5995487,USD
2019-08-23,WMT,Consumer Staples,111.62,111.91,110.13,110.83,6237251,USD
2019-08-26,WMT,Consumer Staples,111.56,112.27,111.22,111.99,5936746,USD
2019-08-27,WMT,Consumer Staples,112.42,112.81,111.51,112.42,5733829,USD
2019-08-28,WMT,Consumer Staples,112.28,113.08,111.68,112.72,5377063,USD
2019-08-29,WMT,Consumer Staples,114.2,114.59,113.31,114.08,5270499,USD
2019-08-30,WMT,Consumer Staples,115.0,115.38,113.9,114.26,5706122,USD
2019-09-03,WMT,Consumer Staples,113.68,115.31,113.49,114.64,5942658,USD
2019-09-04,WMT,Consumer Staples,115.69,115.96,114.82,115.91,5797254,USD
2019-09-05,WMT,Consumer Staples,117.67,117.96,115.27,115.44,5827284,USD
2019-09-06,WMT,Consumer Staples,115.44,115.75,114.62,114.73,4346396,USD
2019-09-09,WMT,Consumer Staples,114.5,116.61,114.4,116.33,5974008,USD
2019-09-10,WMT,Consumer Staples,115.99,116.96,115.48,116.05,4857420,USD
2019-09-11,WMT,Consumer Staples,116.0,116.7,115.22,116.02,5284123,USD
2019-09-12,WMT,Consumer Staples,116.65,117.07,115.9,116.92,4474310,USD
2019-09-13,WMT,Consumer Staples,117.16,118.19,116.95,117.43,5638635,USD
2019-09-16,WMT,Consumer Staples,116.54,117.17,115.38,115.57,6090303,USD
2019-09-17,WMT,Consumer Staples,115.32,116.69,115.25,116.51,4776947,USD
2019-09-18,WMT,Consumer Staples,116.91,117.23,116.18,117.16,4115747,USD
2019-09-19,WMT,Consumer Staples,117.4,117.81,116.77,117.11,3395818,USD
2019-09-20,WMT,Consumer Staples,117.35,117.64,116.8,116.98,11587657,USD
2019-09-23,WMT,Consumer Staples,116.61,118.41,116.56,117.62,5906283,USD
2019-09-24,WMT,Consumer Staples,118.25,119.86,118.01,118.4,7708211,USD
2019-09-25,WMT,Consumer Staples,118.47,118.72,117.81,118.47,5339787,USD
2019-09-26,WMT,Consumer Staples,118.8,119.55,118.19,118.3,3991411,USD
2019-09-27,WMT,Consumer Staples,119.21,119.23,117.75,118.45,3435556,USD
2019-09-30,WMT,Consumer Staples,118.67,119.44,118.56,118.68,3603913,USD
2019-10-01,WMT,Consumer Staples,118.85,119.11,117.72,117.85,3741361,USD
2019-10-02,WMT,Consumer Staples,117.4,117.55,115.61,116.12,6008524,USD
2019-10-03,WMT,Consumer Staples,115.88,116.8,114.58,116.31,5369464,USD
2019-10-04,WMT,Consumer Staples,116.4,118.3,116.19,118.16,4869301,USD
2019-10-07,WMT,Consumer Staples,118.1,118.3,116.88,117.23,4753127,USD
2019-10-08,WMT,Consumer Staples,116.81,118.67,116.66,117.58,5546435,USD
2019-10-09,WMT,Consumer Staples,118.18,119.3,118.02,118.93,3934091,USD
2019-10-10,WMT,Consumer Staples,118.9,119.88,118.6,119.61,4437797,USD
2019-10-11,WMT,Consumer Staples,119.92,120.71,118.72,120.24,6149845,USD
2019-10-14,WMT,Consumer Staples,119.85,120.46,119.1,119.17,4601527,USD
2019-10-15,WMT,Consumer Staples,119.33,119.99,118.87,119.53,5385172,USD
2019-10-16,WMT,Consumer Staples,119.31,120.11,119.1,119.42,4144275,USD
2019-10-17,WMT,Consumer Staples,119.67,120.25,119.36,119.84,3960770,USD
2019-10-18,WMT,Consumer Staples,120.45,120.6,119.13,119.14,5592889,USD
2019-10-21,WMT,Consumer Staples,119.3,119.83,118.82,119.74,3472513,USD
2019-10-22,WMT,Consumer Staples,119.75,120.17,119.39,119.58,2596516,USD
2019-10-23,WMT,Consumer Staples,119.17,119.85,118.69,119.35,2868883,USD
2019-10-24,WMT,Consumer Staples,119.15,119.57,118.51,119.1,2922607,USD
2019-10-25,WMT,Consumer Staples,119.0,119.33,118.2,119.04,2564324,USD
2019-10-28,WMT,Consumer Staples,119.25,119.7,118.53,119.22,3404563,USD
2019-10-29,WMT,Consumer Staples,118.5,118.73,117.08,117.15,4791099,USD
2019-10-30,WMT,Consumer Staples,117.18,118.37,117.05,118.1,2996204,USD
2019-10-31,WMT,Consumer Staples,117.93,118.28,116.83,117.26,4881269,USD
2019-11-01,WMT,Consumer Staples,117.92,117.97,117.23,117.62,3762604,USD
2019-11-04,WMT,Consumer Staples,118.4,119.11,117.17,117.57,4646041,USD
2019-11-05,WMT,Consumer Staples,117.68,119.14,117.08,118.86,4217099,USD
2019-11-06,WMT,Consumer Staples,118.83,119.62,118.71,119.5,3614424,USD
2019-11-07,WMT,Consumer Staples,120.0,120.92,119.54,120.23,4441357,USD
2019-11-08,WMT,Consumer Staples,120.31,120.88,118.94,119.44,3833729,USD
2019-11-11,WMT,Consumer Staples,118.7,119.63,118.28,119.04,4441143,USD
2019-11-12,WMT,Consumer Staples,119.6,120.0,118.81,119.12,5068798,USD
2019-11-13,WMT,Consumer Staples,119.16,121.36,118.66,120.98,8046815,USD
2019-11-14,WMT,Consumer Staples,124.6,125.38,119.51,120.65,22511346,USD
2019-11-15,WMT,Consumer Staples,120.68,121.0,118.38,118.87,10146507,USD
2019-11-18,WMT,Consumer Staples,118.45,120.87,118.24,120.25,6549633,USD
2019-11-19,WMT,Consumer Staples,120.11,120.36,119.71,119.89,3716226,USD
2019-11-20,WMT,Consumer Staples,120.21,120.48,118.4,119.13,5077756,USD
2019-11-21,WMT,Consumer Staples,118.83,120.0,118.67,119.86,4302845,USD
2019-11-22,WMT,Consumer Staples,120.15,120.3,119.27,119.36,3843518,USD
2019-11-25,WMT,Consumer Staples,120.0,120.02,117.9,118.92,5884479,USD
2019-11-26,WMT,Consumer Staples,118.96,119.3,118.45,119.19,6293379,USD
2019-11-27,WMT,Consumer Staples,119.39,119.8,118.73,118.76,3440239,USD
2019-11-29,WMT,Consumer Staples,119.14,119.97,119.0,119.09,3157316,USD
2019-12-02,WMT,Consumer Staples,119.15,119.38,117.84,119.28,5679011,USD
2019-12-03,WMT,Consumer Staples,118.4,118.96,117.77,118.67,6760709,USD
2019-12-04,WMT,Consumer Staples,119.12,119.2,118.3,118.69,5557516,USD
2019-12-05,WMT,Consumer Staples,118.36,118.78,117.42,118.66,4353107,USD
2019-12-06,WMT,Consumer Staples,119.08,119.8,118.92,119.78,4342496,USD
2019-12-09,WMT,Consumer Staples,119.57,119.86,119.18,119.36,4835474,USD
2019-12-10,WMT,Consumer Staples,119.35,119.56,119.02,119.14,4282658,USD
2019-12-11,WMT,Consumer Staples,119.4,119.65,118.53,119.0,3506618,USD
2019-12-12,WMT,Consumer Staples,119.0,120.11,118.68,119.76,4152110,USD
2019-12-13,WMT,Consumer Staples,119.16,120.65,119.02,120.29,5366541,USD
2019-12-16,WMT,Consumer Staples,120.42,121.35,120.42,120.54,5352078,USD
2019-12-17,WMT,Consumer Staples,120.95,121.7,120.7,121.28,4575934,USD
2019-12-18,WMT,Consumer Staples,121.51,121.68,119.84,119.86,5104984,USD
2019-12-19,WMT,Consumer Staples,119.94,120.5,119.78,120.08,4464307,USD
2019-12-20,WMT,Consumer Staples,121.48,122.12,120.02,120.29,7954551,USD
2019-12-23,WMT,Consumer Staples,120.2,120.69,119.01,119.03,4486275,USD
2019-12-24,WMT,Consumer Staples,119.13,119.6,119.01,119.51,2227423,USD
2019-12-26,WMT,Consumer Staples,119.61,119.85,118.95,119.52,4228073,USD
2019-12-27,WMT,Consumer Staples,119.94,119.94,119.25,119.59,3545808,USD
2019-12-30,WMT,Consumer Staples,119.8,119.81,119.13,119.4,2945913,USD
2019-12-31,WMT,Consumer Staples,119.5,119.8,118.19,118.84,4915577,USD
2020-01-02,WMT,Consumer Staples,118.86,119.89,118.7,118.94,6659655,USD
2020-01-03,WMT,Consumer Staples,118.27,118.79,117.59,117.89,5401166,USD
2020-01-06,WMT,Consumer Staples,117.4,118.09,116.77,117.65,6446545,USD
2020-01-07,WMT,Consumer Staples,117.26,117.52,116.2,116.56,6870047,USD
2020-01-08,WMT,Consumer Staples,116.3,116.73,115.68,116.16,5880483,USD
2020-01-09,WMT,Consumer Staples,116.15,117.37,116.08,117.36,5565632,USD
2020-01-10,WMT,Consumer Staples,117.24,117.34,115.98,116.38,6055368,USD
2020-01-13,WMT,Consumer Staples,116.38,116.55,115.37,115.88,6114098,USD
2020-01-14,WMT,Consumer Staples,115.47,116.21,115.13,116.18,6587321,USD
2020-01-15,WMT,Consumer Staples,114.63,115.87,114.52,115.28,7454176,USD
2020-01-16,WMT,Consumer Staples,115.5,115.93,115.28,115.9,5369430,USD
2020-01-17,WMT,Consumer Staples,116.05,116.3,114.64,114.96,10045009,USD
2020-01-21,WMT,Consumer Staples,114.59,115.69,114.52,115.59,7353678,USD
2020-01-22,WMT,Consumer Staples,115.22,116.53,115.18,116.1,4926385,USD
2020-01-23,WMT,Consumer Staples,116.21,116.31,115.04,115.81,4305174,USD
2020-01-24,WMT,Consumer Staples,116.0,116.03,114.15,114.37,4383428,USD
2020-01-27,WMT,Consumer Staples,113.19,116.23,112.68,115.86,7018406,USD
2020-01-28,WMT,Consumer Staples,115.98,116.9,115.95,116.6,5270302,USD
2020-01-29,WMT,Consumer Staples,116.56,117.12,115.89,115.89,3777667,USD
2020-01-30,WMT,Consumer Staples,115.61,116.72,115.33,116.58,4581592,USD
2020-01-31,WMT,Consumer Staples,115.8,116.26,113.9,114.49,7775787,USD
2020-02-03,WMT,Consumer Staples,114.9,115.39,114.1,114.27,4351862,USD
2020-02-04,WMT,Consumer Staples,115.24,116.24,114.89,115.27,5232222,USD
2020-02-05,WMT,Consumer Staples,115.6,116.95,114.85,116.81,5682886,USD
2020-02-06,WMT,Consumer Staples,116.83,117.23,116.06,116.31,5352922,USD
2020-02-07,WMT,Consumer Staples,116.11,116.76,115.76,116.45,3689972,USD
2020-02-10,WMT,Consumer Staples,115.75,116.98,115.05,115.25,6144868,USD
2020-02-11,WMT,Consumer Staples,115.43,115.5,114.44,115.4,5797201,USD
2020-02-12,WMT,Consumer Staples,115.5,116.42,115.41,115.85,4735551,USD
2020-02-13,WMT,Consumer Staples,115.85,117.53,115.58,117.44,5333187,USD
2020-02-14,WMT,Consumer Staples,117.67,118.57,117.16,117.89,8130648,USD
2020-02-18,WMT,Consumer Staples,118.47,119.95,117.36,119.63,11516121,USD
2020-02-19,WMT,Consumer Staples,119.5,119.94,117.68,117.68,7187771,USD
2020-02-20,WMT,Consumer Staples,117.21,118.11,116.86,117.69,5023327,USD
2020-02-21,WMT,Consumer Staples,117.44,118.75,117.31,118.58,6242526,USD
2020-02-24,WMT,Consumer Staples,117.46,118.46,115.95,116.32,6616038,USD
2020-02-25,WMT,Consumer Staples,116.35,117.07,114.05,114.39,7764343,USD
2020-02-26,WMT,Consumer Staples,114.7,115.17,113.65,113.78,6673710,USD
2020-02-27,WMT,Consumer Staples,112.56,114.07,110.35,110.4,9492263,USD
2020-02-28,WMT,Consumer Staples,107.69,108.52,104.37,107.68,17504076,USD
2020-03-02,WMT,Consumer Staples,107.6,116.4,107.29,115.88,17074240,USD
2020-03-03,WMT,Consumer Staples,116.08,117.53,112.34,112.91,11113644,USD
2020-03-04,WMT,Consumer Staples,114.24,116.84,113.47,116.77,8208422,USD
2020-03-05,WMT,Consumer Staples,114.4,117.25,113.91,115.92,8546505,USD
2020-03-06,WMT,Consumer Staples,113.87,117.91,113.01,117.23,9803711,USD
2020-03-09,WMT,Consumer Staples,113.82,120.63,112.73,117.16,19747844,USD
2020-03-10,WMT,Consumer Staples,118.1,120.68,114.92,119.79,12599062,USD
2020-03-11,WMT,Consumer Staples,117.51,119.03,112.8,114.43,10543001,USD
2020-03-12,WMT,Consumer Staples,106.02,111.49,102.98,104.05,18774446,USD
2020-03-13,WMT,Consumer Staples,108.24,114.59,103.88,114.1,14320708,USD
2020-03-16,WMT,Consumer Staples,105.2,111.33,102.0,106.76,12251298,USD
2020-03-17,WMT,Consumer Staples,112.77,119.27,110.46,119.26,17602030,USD
2020-03-18,WMT,Consumer Staples,114.98,128.01,114.72,122.58,25785276,USD
2020-03-19,WMT,Consumer Staples,124.49,126.75,117.73,119.45,19033480,USD
2020-03-20,WMT,Consumer Staples,119.5,122.79,111.89,113.97,18474518,USD
2020-03-23,WMT,Consumer Staples,114.17,117.54,112.21,114.28,13121961,USD
2020-03-24,WMT,Consumer Staples,116.48,117.32,111.32,115.03,14235045,USD
2020-03-25,WMT,Consumer Staples,113.13,113.84,108.13,109.4,17762500,USD
2020-03-26,WMT,Consumer Staples,109.14,110.83,106.87,109.82,19431324,USD
2020-03-27,WMT,Consumer Staples,109.92,112.21,108.64,109.58,12053453,USD
2020-03-30,WMT,Consumer Staples,111.86,115.8,110.94,115.19,9737540,USD
2020-03-31,WMT,Consumer Staples,114.31,116.19,112.64,113.62,8757180,USD
2020-04-01,WMT,Consumer Staples,112.15,115.53,111.8,114.14,9423171,USD
2020-04-02,WMT,Consumer Staples,113.18,119.11,112.33,118.65,9838491,USD
2020-04-03,WMT,Consumer Staples,117.21,119.91,117.03,119.48,9541663,USD
2020-04-06,WMT,Consumer Staples,119.06,126.39,118.94,126.07,15922898,USD
2020-04-07,WMT,Consumer Staples,123.98,126.49,121.64,121.99,13789906,USD
2020-04-08,WMT,Consumer Staples,123.69,123.81,120.59,121.84,9292178,USD
2020-04-09,WMT,Consumer Staples,118.22,122.87,117.66,121.8,10944399,USD
2020-04-13,WMT,Consumer Staples,121.27,125.67,121.17,125.3,8064663,USD
2020-04-14,WMT,Consumer Staples,127.1,129.79,126.04,129.0,11366308,USD
2020-04-15,WMT,Consumer Staples,129.0,129.88,127.12,128.76,7478431,USD
2020-04-16,WMT,Consumer Staples,129.0,132.92,128.25,132.33,10627448,USD
2020-04-17,WMT,Consumer Staples,131.48,132.97,129.73,132.12,10305091,USD
2020-04-20,WMT,Consumer Staples,132.39,133.38,129.76,129.85,8133941,USD
2020-04-21,WMT,Consumer Staples,130.07,131.03,128.16,129.21,9300239,USD
2020-04-22,WMT,Consumer Staples,130.0,132.38,128.9,131.59,6485036,USD
2020-04-23,WMT,Consumer Staples,129.85,131.09,127.73,128.53,9613297,USD
2020-04-24,WMT,Consumer Staples,129.35,129.89,128.56,129.44,5782761,USD
2020-04-27,WMT,Consumer Staples,130.0,130.31,128.17,128.3,5974605,USD
2020-04-28,WMT,Consumer Staples,128.28,130.24,127.7,128.0,6910694,USD
2020-04-29,WMT,Consumer Staples,125.57,125.76,122.55,123.6,14870658,USD
2020-04-30,WMT,Consumer Staples,123.08,123.44,121.04,121.55,13499260,USD
2020-05-01,WMT,Consumer Staples,121.48,123.69,120.78,122.92,10381345,USD
2020-05-04,WMT,Consumer Staples,123.84,124.4,121.71,123.7,5935879,USD
2020-05-05,WMT,Consumer Staples,123.8,125.26,123.26,124.73,6445750,USD
2020-05-06,WMT,Consumer Staples,125.21,125.49,122.85,123.3,5769725,USD
2020-05-07,WMT,Consumer Staples,123.46,123.98,121.5,121.89,9116180,USD
2020-05-08,WMT,Consumer Staples,122.75,123.01,121.62,122.94,6944352,USD
2020-05-11,WMT,Consumer Staples,123.04,124.31,123.01,123.67,8447305,USD
2020-05-12,WMT,Consumer Staples,124.48,125.66,123.78,123.78,6366725,USD
2020-05-13,WMT,Consumer Staples,123.41,126.21,123.1,123.71,9725055,USD
2020-05-14,WMT,Consumer Staples,124.75,125.08,121.32,123.42,7411006,USD
2020-05-15,WMT,Consumer Staples,123.47,125.94,123.09,125.94,10590043,USD
2020-05-18,WMT,Consumer Staples,127.39,128.53,126.18,127.66,13035904,USD
2020-05-19,WMT,Consumer Staples,131.79,131.89,124.81,124.95,24915440,USD
2020-05-20,WMT,Consumer Staples,126.4,126.53,124.67,125.45,10748802,USD
2020-05-21,WMT,Consumer Staples,125.18,126.11,124.27,124.99,7482740,USD
2020-05-22,WMT,Consumer Staples,125.1,125.35,123.77,124.33,7453162,USD
2020-05-26,WMT,Consumer Staples,124.72,125.5,123.63,123.86,7910182,USD
2020-05-27,WMT,Consumer Staples,123.92,124.46,121.04,122.48,10357895,USD
2020-05-28,WMT,Consumer Staples,123.44,124.94,123.19,123.69,8145973,USD
2020-05-29,WMT,Consumer Staples,124.24,124.71,121.93,124.06,9772431,USD
2020-06-01,WMT,Consumer Staples,123.71,124.39,122.39,123.96,6855752,USD
2020-06-02,WMT,Consumer Staples,123.72,124.12,122.82,123.94,6395935,USD
2020-06-03,WMT,Consumer Staples,123.93,123.93,122.67,123.47,6754333,USD
2020-06-04,WMT,Consumer Staples,122.84,123.86,121.89,122.11,8004963,USD
2020-06-05,WMT,Consumer Staples,122.57,122.68,119.91,121.56,13112389,USD
2020-06-08,WMT,Consumer Staples,119.55,121.24,119.55,121.24,9448064,USD
2020-06-09,WMT,Consumer Staples,121.81,121.98,120.56,121.35,6915437,USD
2020-06-10,WMT,Consumer Staples,121.61,122.49,121.16,121.16,9380549,USD
2020-06-11,WMT,Consumer Staples,120.88,122.57,119.5,120.09,11387646,USD
2020-06-12,WMT,Consumer Staples,120.51,120.75,117.06,117.74,10786444,USD
2020-06-15,WMT,Consumer Staples,118.27,118.66,117.04,118.08,10901055,USD
2020-06-16,WMT,Consumer Staples,120.02,120.09,118.55,119.65,8395210,USD
2020-06-17,WMT,Consumer Staples,120.0,120.1,118.43,119.03,6722337,USD
2020-06-18,WMT,Consumer Staples,118.74,119.03,117.67,117.99,6689974,USD
2020-06-19,WMT,Consumer Staples,118.89,120.12,117.75,119.85,13342918,USD
2020-06-22,WMT,Consumer Staples,120.94,122.09,120.4,121.68,9112847,USD
2020-06-23,WMT,Consumer Staples,122.68,122.85,121.0,121.07,6575915,USD
2020-06-24,WMT,Consumer Staples,120.74,121.1,119.63,120.3,6871610,USD
2020-06-25,WMT,Consumer Staples,120.03,120.14,118.43,119.71,6856615,USD
2020-06-26,WMT,Consumer Staples,119.6,120.82,118.04,118.32,8997170,USD
2020-06-29,WMT,Consumer Staples,118.62,119.65,118.25,119.06,5503784,USD
2020-06-30,WMT,Consumer Staples,119.22,120.11,118.54,119.78,6836358,USD
2020-07-01,WMT,Consumer Staples,119.45,119.92,118.66,119.69,6577921,USD
2020-07-02,WMT,Consumer Staples,120.09,120.88,118.86,119.21,5898559,USD
2020-07-06,WMT,Consumer Staples,119.79,119.83,118.23,118.89,7231664,USD
2020-07-07,WMT,Consumer Staples,118.45,127.55,118.22,126.95,31152676,USD
2020-07-08,WMT,Consumer Staples,128.03,128.03,124.43,124.44,17405704,USD
2020-07-09,WMT,Consumer Staples,125.66,128.16,124.99,127.75,14257238,USD
2020-07-10,WMT,Consumer Staples,128.74,131.37,127.26,130.68,14745626,USD
2020-07-13,WMT,Consumer Staples,131.33,133.63,128.99,129.52,14112778,USD
2020-07-14,WMT,Consumer Staples,129.2,132.48,129.04,132.01,8818555,USD
2020-07-15,WMT,Consumer Staples,132.44,134.12,130.88,132.0,10577123,USD
2020-07-16,WMT,Consumer Staples,132.13,132.7,131.24,132.2,5892165,USD
2020-07-17,WMT,Consumer Staples,133.37,133.37,131.47,131.74,6063169,USD
2020-07-20,WMT,Consumer Staples,131.96,132.74,131.14,131.47,6114183,USD
2020-07-21,WMT,Consumer Staples,131.58,133.98,131.45,132.33,7240401,USD
2020-07-22,WMT,Consumer Staples,132.59,133.01,131.19,132.66,5388177,USD
2020-07-23,WMT,Consumer Staples,132.98,133.12,131.33,131.64,5598752,USD
2020-07-24,WMT,Consumer Staples,130.95,132.4,130.51,131.24,4345783,USD
2020-07-27,WMT,Consumer Staples,131.25,131.97,130.91,131.21,4681850,USD
2020-07-28,WMT,Consumer Staples,131.42,132.37,130.92,131.76,4804721,USD
2020-07-29,WMT,Consumer Staples,131.56,131.86,129.85,130.69,4741109,USD
2020-07-30,WMT,Consumer Staples,129.37,130.41,128.72,130.12,4596121,USD
2020-07-31,WMT,Consumer Staples,129.65,130.09,127.62,129.4,7211535,USD
2020-08-03,WMT,Consumer Staples,130.02,130.1,128.29,129.3,4992088,USD
2020-08-04,WMT,Consumer Staples,129.5,131.7,129.0,131.64,6073225,USD
2020-08-05,WMT,Consumer Staples,130.61,130.66,128.83,129.81,8503573,USD
2020-08-06,WMT,Consumer Staples,129.47,130.21,129.03,129.35,4832140,USD
2020-08-07,WMT,Consumer Staples,129.58,130.46,129.11,129.97,5519487,USD
2020-08-10,WMT,Consumer Staples,130.14,132.32,129.67,131.88,5894354,USD
2020-08-11,WMT,Consumer Staples,132.51,132.84,129.76,130.2,8453355,USD
2020-08-12,WMT,Consumer Staples,130.37,132.22,129.83,131.89,6372112,USD
2020-08-13,WMT,Consumer Staples,131.34,131.95,130.73,131.85,6622444,USD
2020-08-14,WMT,Consumer Staples,132.34,132.97,131.63,132.6,6702087,USD
2020-08-17,WMT,Consumer Staples,134.2,136.11,133.92,135.6,13154997,USD
2020-08-18,WMT,Consumer Staples,136.39,137.4,133.19,134.71,26744176,USD
2020-08-19,WMT,Consumer Staples,134.47,134.59,131.87,132.41,12718401,USD
2020-08-20,WMT,Consumer Staples,131.32,132.06,130.06,130.57,8936882,USD
2020-08-21,WMT,Consumer Staples,130.55,132.67,130.1,131.63,8287994,USD
2020-08-24,WMT,Consumer Staples,132.25,132.41,130.33,131.33,6604550,USD
2020-08-25,WMT,Consumer Staples,130.83,131.2,129.69,130.63,7240819,USD
2020-08-26,WMT,Consumer Staples,130.25,130.87,129.7,130.7,6271556,USD
2020-08-27,WMT,Consumer Staples,131.09,139.33,130.92,136.63,39672908,USD
2020-08-28,WMT,Consumer Staples,141.0,141.07,137.84,140.3,21350312,USD
2020-08-31,WMT,Consumer Staples,137.56,138.86,135.54,138.85,15078777,USD
2020-09-01,WMT,Consumer Staples,141.2,149.59,140.05,147.59,35197348,USD
2020-09-02,WMT,Consumer Staples,151.08,151.08,145.69,147.68,17221988,USD
2020-09-03,WMT,Consumer Staples,146.91,149.58,141.9,144.54,16005003,USD
2020-09-04,WMT,Consumer Staples,144.02,145.04,140.1,142.83,11327363,USD
2020-09-08,WMT,Consumer Staples,141.41,141.77,138.28,138.45,11322251,USD
2020-09-09,WMT,Consumer Staples,139.84,142.6,139.49,139.89,11223034,USD
2020-09-10,WMT,Consumer Staples,140.08,140.5,136.65,136.81,11236417,USD
2020-09-11,WMT,Consumer Staples,137.05,138.44,135.55,136.7,9626577,USD
2020-09-14,WMT,Consumer Staples,136.26,141.0,135.91,137.32,15244646,USD
2020-09-15,WMT,Consumer Staples,138.17,139.05,136.73,137.36,10142622,USD
2020-09-16,WMT,Consumer Staples,138.34,138.57,136.07,136.26,9292649,USD
2020-09-17,WMT,Consumer Staples,135.59,137.52,135.16,136.69,12415026,USD
2020-09-18,WMT,Consumer Staples,136.44,137.53,134.75,135.29,18236352,USD
2020-09-21,WMT,Consumer Staples,136.4,137.23,135.31,137.07,15758501,USD
2020-09-22,WMT,Consumer Staples,137.18,138.97,136.6,138.31,11034018,USD
2020-09-23,WMT,Consumer Staples,138.97,139.24,135.84,135.99,7711108,USD
2020-09-24,WMT,Consumer Staples,136.01,137.79,135.09,136.7,9817694,USD
2020-09-25,WMT,Consumer Staples,136.52,137.54,135.96,137.27,7539596,USD
2020-09-28,WMT,Consumer Staples,137.38,138.04,136.73,137.25,7065659,USD
2020-09-29,WMT,Consumer Staples,137.4,138.14,136.39,137.14,9240908,USD
2020-09-30,WMT,Consumer Staples,137.32,141.74,137.25,139.91,11608817,USD
2020-10-01,WMT,Consumer Staples,140.83,144.34,140.29,143.08,14430333,USD
2020-10-02,WMT,Consumer Staples,142.34,143.1,140.13,140.5,8194974,USD
2020-10-05,WMT,Consumer Staples,141.29,142.19,141.07,141.8,4753039,USD
2020-10-06,WMT,Consumer Staples,141.93,142.92,140.26,140.63,7158481,USD
2020-10-07,WMT,Consumer Staples,141.28,141.55,140.29,140.89,5649732,USD
2020-10-08,WMT,Consumer Staples,141.5,142.09,141.13,141.36,4892290,USD
2020-10-09,WMT,Consumer Staples,141.66,143.34,141.56,142.78,4831602,USD
2020-10-12,WMT,Consumer Staples,143.24,145.39,143.2,144.25,6134149,USD
2020-10-13,WMT,Consumer Staples,144.44,146.6,144.38,146.23,7933449,USD
2020-10-14,WMT,Consumer Staples,146.45,146.49,143.77,143.94,6574109,USD
2020-10-15,WMT,Consumer Staples,143.31,144.95,143.28,144.53,4568475,USD
2020-10-16,WMT,Consumer Staples,145.4,146.15,144.47,144.71,5647341,USD
2020-10-19,WMT,Consumer Staples,145.14,145.37,142.76,142.95,4881070,USD
2020-10-20,WMT,Consumer Staples,144.0,145.53,143.69,143.9,4843212,USD
2020-10-21,WMT,Consumer Staples,144.14,145.69,143.88,144.4,4371427,USD
2020-10-22,WMT,Consumer Staples,144.24,144.55,142.7,143.55,4451577,USD
2020-10-23,WMT,Consumer Staples,143.97,144.14,142.85,143.85,3513489,USD
2020-10-26,WMT,Consumer Staples,142.76,143.1,140.96,142.16,5370597,USD
2020-10-27,WMT,Consumer Staples,142.2,143.69,141.98,142.87,3943651,USD
2020-10-28,WMT,Consumer Staples,140.9,142.08,139.93,140.04,5616441,USD
2020-10-29,WMT,Consumer Staples,140.0,141.11,138.7,139.92,5051348,USD
2020-10-30,WMT,Consumer Staples,139.18,140.09,137.37,138.75,6202739,USD
2020-11-02,WMT,Consumer Staples,140.45,140.8,139.06,140.4,5525218,USD
2020-11-03,WMT,Consumer Staples,141.71,144.16,141.71,142.78,5137741,USD
2020-11-04,WMT,Consumer Staples,141.5,144.34,141.41,141.96,5975827,USD
2020-11-05,WMT,Consumer Staples,143.41,144.21,142.99,143.47,4734235,USD
2020-11-06,WMT,Consumer Staples,144.36,146.22,143.55,145.77,5399488,USD
2020-11-09,WMT,Consumer Staples,147.96,148.05,143.5,143.54,9399524,USD
2020-11-10,WMT,Consumer Staples,143.75,146.42,143.54,145.56,6066444,USD
2020-11-11,WMT,Consumer Staples,146.92,148.95,146.42,147.98,6268607,USD
2020-11-12,WMT,Consumer Staples,148.25,148.65,147.13,148.23,4192331,USD
2020-11-13,WMT,Consumer Staples,148.94,150.93,147.52,150.54,6603838,USD
2020-11-16,WMT,Consumer Staples,150.95,153.39,149.28,152.44,11520137,USD
2020-11-17,WMT,Consumer Staples,150.54,153.22,149.26,149.37,14237213,USD
2020-11-18,WMT,Consumer Staples,149.8,151.67,149.09,149.09,8312289,USD
2020-11-19,WMT,Consumer Staples,149.5,152.45,149.4,152.12,6196868,USD
2020-11-20,WMT,Consumer Staples,151.17,152.76,149.81,150.24,7320855,USD
2020-11-23,WMT,Consumer Staples,150.53,151.4,149.37,150.93,6185714,USD
2020-11-24,WMT,Consumer Staples,151.79,151.96,150.38,151.36,5722923,USD
2020-11-25,WMT,Consumer Staples,151.25,152.39,151.21,151.83,4611107,USD
2020-11-27,WMT,Consumer Staples,152.15,152.72,151.1,151.6,3666527,USD
2020-11-30,WMT,Consumer Staples,151.72,152.93,150.12,152.79,10898518,USD
2020-12-01,WMT,Consumer Staples,153.6,153.66,151.66,152.64,7329726,USD
2020-12-02,WMT,Consumer Staples,152.09,152.53,149.56,150.52,7849016,USD
2020-12-03,WMT,Consumer Staples,150.09,150.09,148.39,149.3,8575283,USD
2020-12-04,WMT,Consumer Staples,149.51,149.51,147.58,148.91,6963068,USD
2020-12-07,WMT,Consumer Staples,148.52,148.98,147.17,148.11,6159738,USD
2020-12-08,WMT,Consumer Staples,147.44,149.84,147.19,149.45,6905454,USD
2020-12-09,WMT,Consumer Staples,150.0,150.0,147.89,148.27,6713231,USD
2020-12-10,WMT,Consumer Staples,147.66,148.0,146.58,147.04,6884118,USD
2020-12-11,WMT,Consumer Staples,146.92,147.51,145.94,147.0,5620262,USD
2020-12-14,WMT,Consumer Staples,147.51,147.52,145.4,145.65,8362652,USD
2020-12-15,WMT,Consumer Staples,145.44,146.2,144.86,145.58,10631500,USD
2020-12-16,WMT,Consumer Staples,146.25,146.89,145.08,145.43,8550348,USD
2020-12-17,WMT,Consumer Staples,146.11,146.35,145.17,146.1,10226457,USD
2020-12-18,WMT,Consumer Staples,146.62,147.18,145.16,145.95,13794744,USD
2020-12-21,WMT,Consumer Staples,145.62,146.66,145.09,145.97,8517668,USD
2020-12-22,WMT,Consumer Staples,145.18,146.2,143.16,144.2,12554057,USD
2020-12-23,WMT,Consumer Staples,143.72,144.22,142.34,143.22,6810150,USD
2020-12-24,WMT,Consumer Staples,143.54,144.39,143.18,143.5,3018157,USD
2020-12-28,WMT,Consumer Staples,143.8,145.23,143.35,145.22,6448325,USD
2020-12-29,WMT,Consumer Staples,145.6,145.83,143.6,144.3,5979380,USD
2020-12-30,WMT,Consumer Staples,144.7,145.07,143.94,144.18,6250385,USD
2020-12-31,WMT,Consumer Staples,144.2,144.27,142.85,144.15,5938018,USD
